id_firma,sursa,firma,judet,localitate,persoana,email1,email2,telefon1,telefon2,cui,adresa,nume_norm,surse,nr_duplicate
1,30_ani,ALFA CLUJ SRL,,,Osvath Zoltan,osvath.zoltan@gmail.com,,,,,,ALFA CLUJ,30_ani,1
2,30_ani,INMAACRO SRL,,,Dan Popescu,popescu.dan@inmaacro.com,oana.diaconescu@inmaacro.com,,,,,INMAACRO,30_ani,1
3,grecia,K BOX CONSTRUCT,,,,,,,,,,K BOX CONSTRUCT,grecia,1
4,30_ani,NEXXON SRL,,,Porkolab Ors Janos,oporkolab@nexxon.ro,enagy@nexxon.ro,,,,,NEXXON,30_ani,1
5,30_ani,NICOLAUS COM,,,Bogdan Nicolae,office@nicolauscom.ro,,,,,,NICOLAUS COM,30_ani,1
6,30_ani,THYSSENKRUPP BILSTEIN SA,,,Nicoale Viasu,nicolae.viasu@bilstein.ro,,,,,,THYSSENKRUPP BILSTEIN,30_ani,1
7,ADRESE_2000,A E ELECTRONICS SA,BACAU,Bacau,Burian Ori,,,,,,STR. CONDORILOR NR.12,A E ELECTRONICS,ADRESE_2000,1
8,ADRESE_2000,AEROSTAR SA,BACAU,Bacau,Filip Grigore,,,,,,STR. CONDORILOR NR.9,AEROSTAR,ADRESE_2000,1
9,ADRESE_2000,AGRICOLA INTERNATIONAL SA,BACAU,Bacau,Horoi Grigore,,,,,,CALEA MOLDOVEI NR.94,AGRICOLA INTERNATIONAL,ADRESE_2000,1
10,ADRESE_2000,AGRICULTORUL SRL,BACAU,Barsanesti,Ilie Mihai,,,,,,STR. PROGRESULUI NR.8,AGRICULTORUL,ADRESE_2000,1
11,ADRESE_2000,AGRITEHNICA SERVICE SRL,BACAU,Valea Seaca,Ghinia Gheorghe,,,,,,NR.,AGRITEHNICA SERVICE,ADRESE_2000,1
12,ADRESE_2000,AGROTEHNOGRUP SRL,BACAU,Onesti,Ilie Mihai,,,,,,CALEA BACAULUI NR.1,AGROTEHNOGRUP,ADRESE_2000,1
13,ADRESE_2000,ALIANT BUSINESS SOLUTIONS SRL,BACAU,Bacau,Ciubotaru Ion,,,,,,"BDUL. UNIRII NR.30, BL. SC.",ALIANT BUSINESS SOLUTIONS,ADRESE_2000,1
14,ADRESE_2000,AQUILA FASHION SRL,BACAU,Onesti,Hirlau Carmen Alexandrina,,,,,,BDUL. MARASESTI NR.17B,AQUILA FASHION,ADRESE_2000,1
15,ADRESE_2000,ARELUX SRL,BACAU,Bacau,Murgu Remus Constantin,,,,,,STR. ALEXEI TOLSTOI NR.12,ARELUX,ADRESE_2000,1
16,ADRESE_2000,AROMA RISE SA,BACAU,Onesti,Hirlea Dan,,,,,,"STR. INDUSTRIILOR, NR.1",AROMA RISE,ADRESE_2000,1
17,ADRESE_2000,AVANTGARDE SRL,BACAU,Onesti,Cristea Catalin,,,,,,"STR. MIHAI BRAVU NR., BL.10 SC.B",AVANTGARDE,ADRESE_2000,1
18,ADRESE_2000,B.R.T COMPANY GROUP SRL,BACAU,Nicolae Balcescu,Moraru Bartholomeu,,,,,,"STR. ALEXANDRU IOAN CUZA, NR.50",B R T COMPANY GROUP,ADRESE_2000,1
19,ADRESE_2000,BARLETA SRL,BACAU,Bacau,Boboc Constantin,,,,,,"STR. REPUBLICII, NR.207",BARLETA,ADRESE_2000,1
20,ADRESE_2000,BARLINEK ROMANIA SA,BACAU,Onesti,Wrona Pawel,,,,,,"BDUL. MARASESTI , NR.57",BARLINEK ROMANIA,ADRESE_2000,1
21,ADRESE_2000,BARRIER SRL,BACAU,Bacau,Garmacea Adrian,,,,,,STR. POLIGONULUI NR.99,BARRIER,ADRESE_2000,1
22,ADRESE_2000,BRENNEKA INSTALL SRL,BACAU,Bacau,Ojog Mihai,,,,,,STR. BRADULUI NR.52 A,BRENNEKA INSTALL,ADRESE_2000,1
23,ADRESE_2000,BVA LOGISTIK SRL,BACAU,Bacau,Dobrea Valentin,,,,,,STR. LETEA NR.32,BVA LOGISTIK,ADRESE_2000,1
24,ADRESE_2000,CAMPURI AURII COOPERATIVA AGRICOLA,BACAU,Filipesti,Somitca Iulian,,,,,,STR. PRINCIPALA NR.25,CAMPURI AURII COOPERATIVA AGRICOLA,ADRESE_2000,1
25,ADRESE_2000,CAPITAL INVEST SRL,BACAU,Moinesti,Georgescu Sebastian,,,,,,"STR. LUNCA, NR.32",CAPITAL INVEST,ADRESE_2000,1
26,ADRESE_2000,CAT ION SRL,BACAU,Bacau,Balau Ion,,,,,,STR. VASILE PARVAN NR.60,CAT ION,ADRESE_2000,1
27,ADRESE_2000,CEREALCOM SA,BACAU,Bacau,Ciorcila Laurian Ovidiu,,,,,,"CALEA MOINESTI, NR.5",CEREALCOM,ADRESE_2000,1
28,ADRESE_2000,CHIMCOMPLEX SA,BACAU,Onesti,Tischer Gabriel,,,,,,STR. INDUSTRIILOR NR.3,CHIMCOMPLEX,ADRESE_2000,1
29,ADRESE_2000,CLUJ BUSINESS CENTRE SRL,BACAU,Bacau,Druga Andreea,,,,,,STR. ALEXEI TOLSTOI NR.8,CLUJ BUSINESS CENTRE,ADRESE_2000,1
30,ADRESE_2000,COMPANIA REGIONALA DE APA BACAU SA,BACAU,Bacau,Filip Bogdan,,,,,,STR. HENRI COANDA NR.2,COMPANIA REGIONALA DE APA BACAU,ADRESE_2000,1
31,ADRESE_2000,CONBAC SA,BACAU,Bacau,Haraba Emilian,,,,,,"STR. CHIMIEI, NR.1",CONBAC,ADRESE_2000,1
32,ADRESE_2000,CONEXTRUST SA,BACAU,Blagesti,Leana Marius,,,,,,STR. SALCIILOR NR.1,CONEXTRUST,ADRESE_2000,1
33,ADRESE_2000,COPANEX SRL,BACAU,Bacau,Panzaru Costel,,,,,,"STR. HATMAN BERESCU NR.12, BL.12 SC.B",COPANEX,ADRESE_2000,1
34,ADRESE_2000,CORIOLAN IMPEX SRL,BACAU,Bacau,Silav Ionel,,,,,,CALEA REPUBLICII NR.175,CORIOLAN IMPEX,ADRESE_2000,1
35,ADRESE_2000,CROCO SRL,BACAU,Onesti,Mereu Damian,,,,,,STR. SLANICULUI NR.12,CROCO,ADRESE_2000,1
36,ADRESE_2000,CYBERNET AUTO CENTER SRL,BACAU,Bacau,Placinta Mircea Petru,,,,,,CALEA MOLDOVEI NR.239,CYBERNET AUTO CENTER,ADRESE_2000,1
37,ADRESE_2000,DA BACCO SRL,BACAU,Casin,Fudulache Ioan,,,,,,DJ. 115 NR.111,DA BACCO,ADRESE_2000,1
38,ADRESE_2000,DAFERMANN SRL,BACAU,Bacau,Iutis Daniel,,,,,,STR. CONSTANTIN MUSAT NR.3,DAFERMANN,ADRESE_2000,1
39,ADRESE_2000,DEDEMAN SRL,BACAU,Bacau,Paval Dragos,,,,,,STR. ALEXEI TOLSTOI NR.8,DEDEMAN,ADRESE_2000,1
40,ADRESE_2000,DEMECO SRL,BACAU,Bacau,Botez Daniel,,,,,,STR. CHIMIEI NR.6A,DEMECO,ADRESE_2000,1
41,ADRESE_2000,EDU PRO GRUP SRL,BACAU,Letea Veche,Ureche Petrica Daniel,,,,,,STR. VASILE ALECSANDRI NR.96,EDU PRO GRUP,ADRESE_2000,1
42,ADRESE_2000,ELECTRIC PLUS SRL,BACAU,Bacau,Garmacea Adrian,,,,,,STR. POLIGONULUI NR.99,ELECTRIC PLUS,ADRESE_2000,1
43,ADRESE_2000,ELITE CARS FINANCE SRL,BACAU,Bacau,Corlade Patricia,,,,,,"STR. MARTIR CRISAN NR.6D, BL. SC.",ELITE CARS FINANCE,ADRESE_2000,1
44,ADRESE_2000,ELMET INTERNATIONAL SRL,BACAU,Bacau,Veres Lajos,,,,,,STR. CONSTANTEI NR.1,ELMET INTERNATIONAL,ADRESE_2000,1
45,ADRESE_2000,EURO RIN SRL,BACAU,Sascut,Oncioiu Andrei,,,,,,STR. SILOZULUI NR.4,EURO RIN,ADRESE_2000,1
46,ADRESE_2000,EUROPROD SA,BACAU,Bacau,Horoi Grigore,,,,,,"CALEA MOINESTI, NR.16",EUROPROD,ADRESE_2000,1
47,ADRESE_2000,FERMA AVICOLA SERBAN SRL,BACAU,Sascut,Oncioiu Andrei,,,,,,STR. SILOZULUI NR.4,FERMA AVICOLA SERBAN,ADRESE_2000,1
48,ADRESE_2000,FIDOLO COM SRL,BACAU,Carligi,Filimon Gheorghe Doru,,,,,,NR.,FIDOLO COM,ADRESE_2000,1
49,ADRESE_2000,G A NUTRITIE ANIMALA SRL,BACAU,Brad,Miglena Slavova Nikolova,,,,,,,G A NUTRITIE ANIMALA,ADRESE_2000,1
50,ADRESE_2000,HELIOPOLIS PRESTSERV SRL,BACAU,Targu Ocna,Hlihor Marian,,,,,,STR. ION DIACONESCU NR.16,HELIOPOLIS PRESTSERV,ADRESE_2000,1
51,ADRESE_2000,HS BACO PANELS SRL,BACAU,Comanesti,Baltatescu Gheorghe,,,,,,STR. CRINULUI NR.15,HS BACO PANELS,ADRESE_2000,1
52,ADRESE_2000,INDUSTRIES YIELD SRL,BACAU,Bacau,Bertato Sandro,,,,,,STR. TAZLAULUI NR.7-BIS,INDUSTRIES YIELD,ADRESE_2000,1
53,ADRESE_2000,INTERAGROALIMENT SRL,BACAU,Sascut,Oncioiu Andrei,,,,,,STR. SILOZULUI NR.4,INTERAGROALIMENT,ADRESE_2000,1
54,ADRESE_2000,INTERTRADE GROUP LTD SRL,BACAU,Bacau,Botezatu Petrica,,,,,,"STR. CHIMIEI NR.1, BL.C3-CORP ADM. SC.",INTERTRADE GROUP LTD,ADRESE_2000,1
55,ADRESE_2000,INTERTRANSCOM IMPEX SRL,BACAU,Buhusi,Teslaru Ioan,,,,,,STR. LIBERTATII NR.126 B,INTERTRANSCOM IMPEX,ADRESE_2000,1
56,ADRESE_2000,LEADING TECHNOLOGY SOLUTIONS SRL,BACAU,Moinesti,Ciobanu Bogdan Dumitru,,,,,,"STR. TUDOR VLADIMIRESCU NR., BL.I6 SC.",LEADING TECHNOLOGY SOLUTIONS,ADRESE_2000,1
57,ADRESE_2000,LICURICI IMPEX SRL,BACAU,Onesti,Dan Marius,,,,,,CALEA SLANICULUI NR.FN,LICURICI IMPEX,ADRESE_2000,1
58,ADRESE_2000,LUSI UNION SILUSI SRL,BACAU,Targu Trotus,Cotugno Matteo,,,,,,STR. GARII NR.4,LUSI UNION SILUSI,ADRESE_2000,1
59,ADRESE_2000,MAXIMA PROFIL NORD SRL,BACAU,Barati,Zaharia Cleras Ionut,,,,,,"STR. ALEXANDRU PIRU,NR.113E",MAXIMA PROFIL NORD,ADRESE_2000,1
60,ADRESE_2000,MOLDOVA FARMING SRL,BACAU,Bacau,Grigoriu Mihai,,,,,,"CALEA MOINESTI NR.34, BL. SC.",MOLDOVA FARMING,ADRESE_2000,1
61,ADRESE_2000,MORARU ANCA SRL,BACAU,Bacau,Moraru Danut,,,,,,STR. ARCADIE SEPTILICI NR.78,MORARU ANCA,ADRESE_2000,1
62,ADRESE_2000,MOTRIS COMPANY SRL,BACAU,Bacau,Tigler Daniel,,,,,,"STR. PRELUNGIREA BRADULUI, NR.127, BL. SC.D",MOTRIS COMPANY,ADRESE_2000,1
63,ADRESE_2000,ND PHARMA SRL,BACAU,Bacau,Popa Cezar,,,,,,CALEA MOLDOVEI NR.197,ND PHARMA,ADRESE_2000,1
64,ADRESE_2000,NICBAC PROD SRL,BACAU,Nicolae Balcescu,Farcas Iulian,,,,,,NR.,NICBAC PROD,ADRESE_2000,1
65,ADRESE_2000,NITRAMONIA BC SRL,BACAU,Bacau,Gutu Eusebiu,,,,,,CALEA MOINESTI NR.26,NITRAMONIA BC,ADRESE_2000,1
66,ADRESE_2000,OMP SRL,BACAU,Bacau,Dominte Gabriel,,,,,,"CALEA MOINESTI NR.34, BL.PAV. ADM. SC.",OMP,ADRESE_2000,1
67,ADRESE_2000,PAMBAC SA,BACAU,Bacau,Degeratu Ionel Danut,,,,,,STR. MOINESTI NR.14,PAMBAC,ADRESE_2000,1
68,ADRESE_2000,PANIMON SA,BACAU,Onesti,Mustafa Paula Mihaela,,,,,,BDUL. MARASESTI NR.9,PANIMON,ADRESE_2000,1
69,ADRESE_2000,PARTENER SRL,BACAU,Bacau,Dominte Gabriel,,,,,,"CALEA MOINESTI NR.34, BL.PAV. ADM. SC.",PARTENER,ADRESE_2000,1
70,ADRESE_2000,PESCADO GRUP SRL,BACAU,Buhusi,Dominte Gabriel,,,,,,STR. CHEBAC NR.59,PESCADO GRUP,ADRESE_2000,1
71,ADRESE_2000,POTPURIU SRL,BACAU,Onesti,Vranceanu Viorel,,,,,,STR. CIRESOAIA NR.,POTPURIU,ADRESE_2000,1
72,ADRESE_2000,REDO GROUP SRL,BACAU,Bacau,Murgu Remus Constantin,,,,,,"STR. ALEXEI TOLSTOI, NR.12",REDO GROUP,ADRESE_2000,1
73,ADRESE_2000,RHINO SAFETY SRL,BACAU,Bacau,Cicchine' Alfio,,,,,,CALEA MOLDOVEI NR.45,RHINO SAFETY,ADRESE_2000,1
74,ADRESE_2000,RHINO WORK SRL,BACAU,Bacau,Cojocaru Constantin,,,,,,CALEA MOLDOVEI NR.45,RHINO WORK,ADRESE_2000,1
75,ADRESE_2000,RIKKO STEEL SRL,BACAU,Bacau,Panici Radu,,,,,,STR. STEFAN CEL MARE NR.28,RIKKO STEEL,ADRESE_2000,1
76,ADRESE_2000,ROMCHIM PROTECT SRL,BACAU,Filipesti,Hongu Eugenia,,,,,,NR.340A,ROMCHIM PROTECT,ADRESE_2000,1
77,ADRESE_2000,ROMFOREST SERV SRL,BACAU,Comanesti,Lungu Sorin,,,,,,STR. CRINILOR NR.15,ROMFOREST SERV,ADRESE_2000,1
78,ADRESE_2000,RUSTRANS SRL,BACAU,Blagesti,Gabor Daniel,,,,,,STR. MAGNOLIILOR NR.1,RUSTRANS,ADRESE_2000,1
79,ADRESE_2000,SA & PE CONSTRUCT SRL,BACAU,Bacau,Bunghiuz Cornel,,,,,,CALEA MARASESTI NR.145,PE CONSTRUCT,ADRESE_2000,1
80,ADRESE_2000,SALBAC SA,BACAU,Bacau,Horoi Grigore,,,,,,"CALEA MOINESTI, NR.16",SALBAC,ADRESE_2000,1
81,ADRESE_2000,SALOFARM LOGISTIC SRL,BACAU,Bacau,Palade Bogdan,,,,,,STR. ALEXEI TOLSTOI NR.67,SALOFARM LOGISTIC,ADRESE_2000,1
82,ADRESE_2000,SALOFARM SRL,BACAU,Bacau,Palade Bogdan,,,,,,STR. 9 MAI NR.25,SALOFARM,ADRESE_2000,1
83,ADRESE_2000,SENAL COM SRL,BACAU,Bacau,Alexandru Adrian,,,,,,CALEA REPUBLICII NR.205,SENAL COM,ADRESE_2000,1
84,ADRESE_2000,SERBAN DISTRIBUTIE SRL,BACAU,Sascut,Circiu Florina Simina,,,,,,STR. SILOZULUI NR.4,SERBAN DISTRIBUTIE,ADRESE_2000,1
85,ADRESE_2000,SIMBA INVEST SRL,BACAU,Bacau,Gavrila Sorin,,,,,,STR. POLIGONULUI NR.4,SIMBA INVEST,ADRESE_2000,1
86,ADRESE_2000,SPEDITION UMB SRL,BACAU,Bacau,Nunu Alina,,,,,,CALEA MARASESTI NR.145,SPEDITION UMB,ADRESE_2000,1
87,ADRESE_2000,SSAB AG SA,BACAU,Bacau,Nistor Gabriel,,,,,,CALEA REPUBLICII NR.159,SSAB AG,ADRESE_2000,1
88,ADRESE_2000,STEFAN LUCIAN IMPEX SRL,BACAU,Onesti,Pascu Toderita,,,,,,CALEA MARASESTI NR.72,STEFAN LUCIAN IMPEX,ADRESE_2000,1
89,ADRESE_2000,TECNOSTAMP TRIULZI EAST EUROPE SRL,BACAU,Hemeius,Triulzi Alessandro Maria Domenico,,,,,,"STR. GARII,NR.72",TECNOSTAMP TRIULZI EAST EUROPE,ADRESE_2000,1
90,ADRESE_2000,TEHNOSTRADE SRL,BACAU,Bacau,Nunu Alina,,,,,,BDUL. UNIRII NR.77,TEHNOSTRADE,ADRESE_2000,1
91,ADRESE_2000,TELCAVI SPECIAL CONNECTORS SRL,BACAU,Margineni,Mariut Emanuela,,,,,,"STR. TINERETULUI, NR.21, BL.CORP ADM. P SC.",TELCAVI SPECIAL CONNECTORS,ADRESE_2000,1
92,ADRESE_2000,TELESYSTEM SRL,BACAU,Bacau,David Ioan Iulian,,,,,,"STR. MARASESTI , NR.110, BL. SC.C",TELESYSTEM,ADRESE_2000,1
93,ADRESE_2000,THERMOENERGY GROUP SA,BACAU,Bacau,Popa Ion,,,,,,STR. CHIMIEI NR.6,THERMOENERGY GROUP,ADRESE_2000,1
94,ADRESE_2000,TKM OIL GROUP SRL,BACAU,Letea Veche,Mocanu Ionut Ciprian,,,,,,STR. AL. I. CUZA NR.249,TKM OIL GROUP,ADRESE_2000,1
95,ADRESE_2000,TOBACCO LAND SRL,BACAU,Onesti,Dan Marius,,,,,,CALEA SLANICULUI NR.FN,TOBACCO LAND,ADRESE_2000,1
96,ADRESE_2000,TROTUSTEX SRL,BACAU,Targu Trotus,Comanici Melania,,,,,,STR. GARII NR.6,TROTUSTEX,ADRESE_2000,1
97,ADRESE_2000,UMB TRADING CO. SRL,BACAU,Podu Turcului,Nunu Alina,,,,,,STR. TUDOR VLADIMIRESCU NR.75,UMB TRADING CO,ADRESE_2000,1
98,ADRESE_2000,VIMERCATI EAST EUROPE SRL,BACAU,Hemeius,Huma Constantin,,,,,,STR. GARII NR.100,VIMERCATI EAST EUROPE,ADRESE_2000,1
99,ADRESE_2000,ABC CON INTERNATIONAL SRL,BOTOSANI,Botosani,Tarnita Mihai Catalin,,,,,,CALEA NATIONALA NR.233,ABC CON INTERNATIONAL,ADRESE_2000,1
100,ADRESE_2000,BERISTEANU IMPEX SRL,BOTOSANI,Botosani,Beristeanu Bogdan Iulian,,,,,,"STR. VICTORIEI NR., BL.D 12 SC.",BERISTEANU IMPEX,ADRESE_2000,1
101,ADRESE_2000,BIG CONF SRL,BOTOSANI,Botosani,Contac Marilena,,,,,,CALEA NATIONALA NR.1,BIG CONF,ADRESE_2000,1
102,ADRESE_2000,CARREMAN ROMANIA SRL,BOTOSANI,Botosani,Cucu Corneliu Bogdan,,,,,,"CALEA NATIONALA NR.30, BL. SC.",CARREMAN ROMANIA,ADRESE_2000,1
103,ADRESE_2000,CASTILIO SRL,BOTOSANI,Botosani,Popescu Ionut,,,,,,"BDUL. MIHAI EMINESCU, NR.170",CASTILIO,ADRESE_2000,1
104,ADRESE_2000,CEREAL BAC SRL,BOTOSANI,Avrameni,Barabas Adriana,,,,,,NR.,CEREAL BAC,ADRESE_2000,1
105,ADRESE_2000,CEREAL LANDMAR SRL,BOTOSANI,Botosani,Tugui Constantin,,,,,,STR. CASTANILOR NR.8,CEREAL LANDMAR,ADRESE_2000,1
106,ADRESE_2000,COMCEREAL SA,BOTOSANI,Botosani,Rimbu Vadim,,,,,,STR. RINDUNICII NR.8,COMCEREAL,ADRESE_2000,1
107,ADRESE_2000,CONREC SRL,BOTOSANI,Botosani,Dincu Milica,,,,,,CALEA NATIONALA NR.146,CONREC,ADRESE_2000,1
108,ADRESE_2000,CORNELL S FLOOR SRL,BOTOSANI,Roma,Tiprigan Elena Mirela,,,,,,,CORNELL S FLOOR,ADRESE_2000,1
109,ADRESE_2000,DADYCOM SRL,BOTOSANI,Rosiori,Tipu Raluca,,,,,,NR.,DADYCOM,ADRESE_2000,1
110,ADRESE_2000,DOLY COM DISTRIBUTIE SRL,BOTOSANI,Botosani,Balic Ruslan,,,,,,STR. VARNAV NR.29 E,DOLY COM DISTRIBUTIE,ADRESE_2000,1
111,ADRESE_2000,ELECTRO ALFA CM SRL,BOTOSANI,Botosani,Ciubotaru Gheorghe,,,,,,CALEA NATIONALA NR.30E,ELECTRO ALFA CM,ADRESE_2000,1
112,ADRESE_2000,ELECTRO ALFA INTERNATIONAL SRL,BOTOSANI,Botosani,Gosav Manuel,,,,,,CALEA NATIONALA NR.15,ELECTRO ALFA INTERNATIONAL,ADRESE_2000,1
113,ADRESE_2000,ELECTRO ALFA SERVICII INGINERIE SRL,BOTOSANI,Botosani,Ciubotaru Gheorghe,,,,,,"CALEA NATIONALA NR.15, BL.CORP PROD. SC.",ELECTRO ALFA SERVICII INGINERIE,ADRESE_2000,1
114,ADRESE_2000,ELSACO ELECTRONIC SRL,BOTOSANI,Botosani,,,,,,,STR. PACEA NR.41 A,ELSACO ELECTRONIC,ADRESE_2000,1
115,ADRESE_2000,ELSACO SOLUTIONS SRL,BOTOSANI,Catamaresti Deal,Popa Doru,,,,,,STR. MIHAI EMINESCU NR.85,ELSACO SOLUTIONS,ADRESE_2000,1
116,ADRESE_2000,FIVE CONTINENTS GROUP SRL,BOTOSANI,Rachiti,Boldea Chirila Tonino Iuri,,,,,,NR.,FIVE CONTINENTS GROUP,ADRESE_2000,1
117,ADRESE_2000,FORMENS SRL,BOTOSANI,Botosani,Losson Gerard Justin Joseph,,,,,,CALEA NATIONALA NR.4,FORMENS,ADRESE_2000,1
118,ADRESE_2000,GAFCO CONSTRUCT SRL,BOTOSANI,Lozna,Grosu Florin,,,,,,,GAFCO CONSTRUCT,ADRESE_2000,1
119,ADRESE_2000,GRUPUL DE DISTRIBUTIE ETA SRL,BOTOSANI,Botosani,Avasiloaie Cristinel Valeriu,,,,,,"ALEEA MAGNOLIILOR , NR.5",GRUPUL DE DISTRIBUTIE ETA,ADRESE_2000,1
120,ADRESE_2000,IRINIK SRL,BOTOSANI,Botosani,Matei Ioan,,,,,,CALEA NATIONALA NR.72,IRINIK,ADRESE_2000,1
121,ADRESE_2000,JETOIL DOWNSTREAM SRL,BOTOSANI,Leorda,Fedor Cristi Valentin,,,,,,STR. L37 NR.2,JETOIL DOWNSTREAM,ADRESE_2000,1
122,ADRESE_2000,LACTO SOLOMONESCU SRL,BOTOSANI,Miron Costin,Solomonescu Dumitru,,,,,,NR.FN,LACTO SOLOMONESCU,ADRESE_2000,1
123,ADRESE_2000,LIV AGRO GRUP SRL,BOTOSANI,Dorohoi,Rosca Costel,,,,,,STR. PROGRESULUI NR.75,LIV AGRO GRUP,ADRESE_2000,1
124,ADRESE_2000,MEAT TEAM QUALITY SRL,BOTOSANI,Botosani,Ditu Manuela,,,,,,"CALEA NATIONALA NR.7, BL. SC.C",MEAT TEAM QUALITY,ADRESE_2000,1
125,ADRESE_2000,MIRA COM SRL,BOTOSANI,Dorohoi,Mirauta Ion Mihai,,,,,,STR. SFINTUL IOAN ROMANUL NR.,MIRA COM,ADRESE_2000,1
126,ADRESE_2000,MODERN CALOR SA,BOTOSANI,Botosani,Drelciuc Simion,,,,,,"STR. PACEA NR.43, BL.10141 SC.",MODERN CALOR,ADRESE_2000,1
127,ADRESE_2000,NORDIC ROMAR SRL,BOTOSANI,Dorohoi,Rotaru Marius Giani,,,,,,"STR. PROF. DIMITRIE POMPEIU NR.66, BL.G48 SC.B",NORDIC ROMAR,ADRESE_2000,1
128,ADRESE_2000,NOVA APASERV SA,BOTOSANI,Botosani,Comarita Ioan,,,,,,"BDUL. MIHAI EMINESCU NR.34, BL. SC.",NOVA APASERV,ADRESE_2000,1
129,ADRESE_2000,OVISIM IMPEX SRL,BOTOSANI,Botosani,Hutu Ovidiu Lucian,,,,,,STR. I. C. BRATIANU NR.61,OVISIM IMPEX,ADRESE_2000,1
130,ADRESE_2000,PANDORAS COURIER SRL,BOTOSANI,Botosani,Babiuc Ionut,,,,,,"ALEEA GEN. DUMITRU VASILIU NR.2, BL. SC.D",PANDORAS COURIER,ADRESE_2000,1
131,ADRESE_2000,PROAGRO SRL,BOTOSANI,Dorohoi,Rosca Costel,,,,,,STR. PROGRESULUI NR.75,PROAGRO,ADRESE_2000,1
132,ADRESE_2000,PRODALCOM DISTRIBUTION SRL,BOTOSANI,Botosani,Sfaiter Cornel Costica,,,,,,STR. A. S. PUSKIN NR.129,PRODALCOM DISTRIBUTION,ADRESE_2000,1
133,ADRESE_2000,ROLANA TEX SRL,BOTOSANI,Botosani,Holca Agnes Mihaela,,,,,,STR. PROGRESULUI NR.1,ROLANA TEX,ADRESE_2000,1
134,ADRESE_2000,SABCO S SRL,BOTOSANI,Dorohoi,Ciubotariu Leonard,,,,,,"STR. OCTAVIAN COTESCU, NR.4",SABCO S,ADRESE_2000,1
135,ADRESE_2000,SAGROD SRL,BOTOSANI,Darabani,Timpau Dan Marius,,,,,,STR. MUNCITORULUI NR.1,SAGROD,ADRESE_2000,1
136,ADRESE_2000,SAMCOM AS SRL,BOTOSANI,Rosiori,Tipu Stefan,,,,,,NR.,SAMCOM AS,ADRESE_2000,1
137,ADRESE_2000,SANCOS SRL,BOTOSANI,Concesti,Nazare Lenuta,,,,,,NR.,SANCOS,ADRESE_2000,1
138,ADRESE_2000,SIMI IMPEX SRL,BOTOSANI,Dorohoi,Purice Petrino,,,,,,STR. GHEORGHE DOJA NR.12B,SIMI IMPEX,ADRESE_2000,1
139,ADRESE_2000,SIMION TEHNOCONSTRUCT SRL,BOTOSANI,Curtesti,Bidu Elisei,,,,,,STR. CIRESULUI NR.5,SIMION TEHNOCONSTRUCT,ADRESE_2000,1
140,ADRESE_2000,SOYBEAN AND MAYS PROD COOPERATIVA AGRICOLA,BOTOSANI,Broscauti,Zamosteanu Nicolae,,,,,,"STR. VICTORIEI,, NR.17",SOYBEAN AND MAYS PROD COOPERATIVA AGRICOLA,ADRESE_2000,1
141,ADRESE_2000,SPICUL 2 SRL,BOTOSANI,Dorohoi,Surigiu Dinu,,,,,,BDUL. VICTORIEI NR.39,SPICUL 2,ADRESE_2000,1
142,ADRESE_2000,SUPER SPLENDID SRL,BOTOSANI,Dorohoi,Tarint Vasile,,,,,,BDUL. VICTORIEI NR.87,SUPER SPLENDID,ADRESE_2000,1
143,ADRESE_2000,VESTRA INDUSTRY SRL,BOTOSANI,Catamaresti Deal,,,,,,,"STR. MIHAI EMINESCU, NR.85",VESTRA INDUSTRY,ADRESE_2000,1
144,ADRESE_2000,VICOL GENERATION BUSINESS ROMANIA SRL,BOTOSANI,Rachiti,Vicol Darian Ioan,,,,,,"STR. 29 NR.247 B, BL. SC.",VICOL GENERATION BUSINESS ROMANIA,ADRESE_2000,1
145,ADRESE_2000,VULTURI SRL,BOTOSANI,Corni,Cepoi Marcel Marin,,,,,,NR.529 A,VULTURI,ADRESE_2000,1
146,ADRESE_2000,ABILITY TRADE SRL,BRAILA,Braila,Enescu Octavian Gabriel,,,,,,"STR. 1 DECEMBRIE 1918 NR.118, BL.A SC.2",ABILITY TRADE,ADRESE_2000,1
147,ADRESE_2000,AGRICOST SA,BRAILA,Braila,Krage Nils,,,,,,"CALEA CALARASILOR, NR.327",AGRICOST,ADRESE_2000,1
148,ADRESE_2000,APAN AGRICULTURE EQUIPMENTS SRL,BRAILA,Braila,Andreev Mircea,,,,,,DN. 22B NR.KM. 4,APAN AGRICULTURE EQUIPMENTS,ADRESE_2000,1
149,ADRESE_2000,APAN AUTOMOBILE SRL,BRAILA,Braila,Andreev Mircea,,,,,,DRUM DN 22B NR.KM. 4,APAN AUTOMOBILE,ADRESE_2000,1
150,ADRESE_2000,APAN MOTORS SRL,BRAILA,Braila,Andreev Mircea,,,,,,DRUM DN 22B NR.KM. 4,APAN MOTORS,ADRESE_2000,1
151,ADRESE_2000,APAN SRL,BRAILA,Braila,Andreev Mircea,,,,,,DN. 22B NR.KM. 4,APAN,ADRESE_2000,1
152,ADRESE_2000,AVIMI SERV SRL,BRAILA,Braila,Ionescu Victoria,,,,,,STR. RADU S. CAMPINIU NR.24,AVIMI SERV,ADRESE_2000,1
153,ADRESE_2000,BLUE PROJECTS INDUSTRIES SRL,BRAILA,Braila,Demircan Umut,,,,,,"CALEA CALARASILOR, NR.65, BL.C SC.2",BLUE PROJECTS INDUSTRIES,ADRESE_2000,1
154,ADRESE_2000,BONA AVIS SRL,BRAILA,Ianca,Saglam Ghiulnur,,,,,,CALEA BRAILEI NR.3,BONA AVIS,ADRESE_2000,1
155,ADRESE_2000,BRAICOOP COOPERATIVA AGRICOLA,BRAILA,Baldovinesti,Stoean Stefan,,,,,,CALEA MOS ANGHEL NR.489,BRAICOOP COOPERATIVA AGRICOLA,ADRESE_2000,1
156,ADRESE_2000,CELLULAR ONE SRL,BRAILA,Braila,Hotnogu Cezar Mihai,,,,,,"STR. STRGRADINII PUBLICE NR.6, BL. SC.",CELLULAR ONE,ADRESE_2000,1
157,ADRESE_2000,CHIMAGRI DISTRIBUTION SRL,BRAILA,Chiscani,Plosca Irinel,,,,,,SOS. VIZIRULUI NR.KM. 10+500,CHIMAGRI DISTRIBUTION,ADRESE_2000,1
158,ADRESE_2000,CHIMAGRI SRL,BRAILA,Chiscani,Plosca Irinel,,,,,,SOS. VIZIRULUI NR.KM. 10+500,CHIMAGRI,ADRESE_2000,1
159,ADRESE_2000,COMISION TRADE SRL,BRAILA,Braila,Munteanu Stefan,,,,,,STR. ING. ANGHEL SALIGNY NR.3,COMISION TRADE,ADRESE_2000,1
160,ADRESE_2000,COMPANIA DE UTILITATI PUBLICE DUNAREA BRAILA SA,BRAILA,Braila,Avram Ionel,,,,,,PIATA UZINEI NR.1,COMPANIA DE UTILITATI PUBLICE DUNAREA BRAILA,ADRESE_2000,1
161,ADRESE_2000,CONCIVIA SA,BRAILA,Braila,Gheorghe Bunea Razvan,,,,,,CALEA CALARASILOR NR.161,CONCIVIA,ADRESE_2000,1
162,ADRESE_2000,DANIOFAN IMPEX SRL,BRAILA,Braila,David Ioana,,,,,,"STR. INDUSTRIEI NR., BL.D2 SC.1",DANIOFAN IMPEX,ADRESE_2000,1
163,ADRESE_2000,ELDOMIR SRL,BRAILA,Tufesti,Dogarescu Vasile,,,,,,STR. BRAILEI NR.263,ELDOMIR,ADRESE_2000,1
164,ADRESE_2000,ETUFARM SRL,BRAILA,Braila,Boboschko Wladimir,,,,,,"BDUL. DOROBANTILOR NR.784, BL.CORP C1 SC.",ETUFARM,ADRESE_2000,1
165,ADRESE_2000,EURO BUILDING SRL,BRAILA,Braila,Brebenel Paul,,,,,,SOS. BUZAULUI NR.13A,EURO BUILDING,ADRESE_2000,1
166,ADRESE_2000,EZEAN GRAIN SRL,BRAILA,Braila,Arghir Valentin Nicolae,,,,,,"STR. LANULUI NR.9, BL.C5 SC.",EZEAN GRAIN,ADRESE_2000,1
167,ADRESE_2000,FLIP TECHNOLOGIES SRL,BRAILA,Braila,Manea Tudor Lucian,,,,,,STR. STEFAN CEL MARE NR.549,FLIP TECHNOLOGIES,ADRESE_2000,1
168,ADRESE_2000,FRONTERA TRADING SRL,BRAILA,Braila,Ilie Eros,,,,,,STR. VADENI NR.7 E,FRONTERA TRADING,ADRESE_2000,1
169,ADRESE_2000,GLORIOUS LIGHTING SRL,BRAILA,Braila,Chen Jui Lung,,,,,,"SOS. FOCSANI, NR.127",GLORIOUS LIGHTING,ADRESE_2000,1
170,ADRESE_2000,HERCULES SA,BRAILA,Braila,Gheorghe Bunea Razvan,,,,,,,HERCULES,ADRESE_2000,1
171,ADRESE_2000,IRMEX SA,BRAILA,Braila,Madadi Ali,,,,,,SOS. RAMNICU SARAT NR.74,IRMEX,ADRESE_2000,1
172,ADRESE_2000,KAZUG SRL,BRAILA,Braila,Popescu Gheorghe,,,,,,"CALEA CALARASILOR NR.161, BL. SC.",KAZUG,ADRESE_2000,1
173,ADRESE_2000,LA MARITEC SRL,BRAILA,Latinu,Tecuceanu Marius Cosmin,,,,,,SOS. FOCSANI NR.41,LA MARITEC,ADRESE_2000,1
174,ADRESE_2000,LOCKET BUCURESTI SRL,BRAILA,Braila,Mircea Gheorghe,,,,,,"SOS. RAMNICU SARAT NR.86, BL.C6 SC.",LOCKET BUCURESTI,ADRESE_2000,1
175,ADRESE_2000,LOCKET TRADING SRL,BRAILA,Braila,Mircea Gheorghe,,,,,,"SOS. RAMNICU SARAT NR.86, BL.C6 SC.",LOCKET TRADING,ADRESE_2000,1
176,ADRESE_2000,MANAGEMENT OBJECTIVES SA,BRAILA,Braila,Ilie Ionut Marius,,,,,,SOS. BALDOVINESTI NR.10,MANAGEMENT OBJECTIVES,ADRESE_2000,1
177,ADRESE_2000,MICATIS PROD SRL,BRAILA,Braila,Gropeneanu Stanuta,,,,,,"STR. PLEVNA NR.130B, BL.C1 SC.",MICATIS PROD,ADRESE_2000,1
178,ADRESE_2000,ORIGINAL SERV SRL,BRAILA,Cazasu,Istrate Cristian Alin,,,,,,STR. BEGONIEI NR.66,ORIGINAL SERV,ADRESE_2000,1
179,ADRESE_2000,PETROGAB IMPEX SRL,BRAILA,Braila,Necula Alexandru,,,,,,STR. MIRCEA VODA NR.62,PETROGAB IMPEX,ADRESE_2000,1
180,ADRESE_2000,ROBMERY TRANS SRL,BRAILA,Tufesti,Bloj Dan Marius,,,,,,STR. BRAILEI NR.75,ROBMERY TRANS,ADRESE_2000,1
181,ADRESE_2000,ROMNAV SA,BRAILA,Braila,Popa Dumitru,,,,,,"STR. ING. ANGHEL SALIGNY, NR.4",ROMNAV,ADRESE_2000,1
182,ADRESE_2000,ROMWAY ENGINEERING CONSTRUCTION SRL,BRAILA,Braila,Urun Elvan,,,,,,"CALEA CALARASILOR NR.53, BL.2 BIS SC.",ROMWAY ENGINEERING CONSTRUCTION,ADRESE_2000,1
183,ADRESE_2000,SANDOMAR PAN SRL,BRAILA,Lacu Sarat,Sandu Ionel,,,,,,"STR. GARII,NR.24",SANDOMAR PAN,ADRESE_2000,1
184,ADRESE_2000,SERV CLASS SRL,BRAILA,Braila,Gruia Mircea Catalin,,,,,,SOS. RAMNICU SARAT NR.84 B,SERV CLASS,ADRESE_2000,1
185,ADRESE_2000,SURVCONTROL AGRO SRL,BRAILA,Insuratei,Gutium Daniel,,,,,,STR. LACU REZI NR.45,SURVCONTROL AGRO,ADRESE_2000,1
186,ADRESE_2000,SYLY COM SRL,BRAILA,Lacu Sarat,Negru Lenuta,,,,,,"STR. PRINCIPALA NR.55, BL.C3 SC.",SYLY COM,ADRESE_2000,1
187,ADRESE_2000,TEHNICAL DENT SRL,BRAILA,Braila,Draguleanu Nicolae,,,,,,"STR. HIPODROM, BL.G3 SC.3",TEHNICAL DENT,ADRESE_2000,1
188,ADRESE_2000,TERMHIDRO SRL,BRAILA,Braila,Ionescu Mircea,,,,,,STR. INULUI NR.37,TERMHIDRO,ADRESE_2000,1
189,ADRESE_2000,TITAN EDILITARA SRL,BRAILA,Braila,Fusea Stefan,,,,,,STR. MIHAIL EMINESCU NR.56,TITAN EDILITARA,ADRESE_2000,1
190,ADRESE_2000,XIMENA DISTRIBUTIE SRL,BRAILA,Braila,Gavrila Irina,,,,,,"STR. MIRON COSTIN NR.26A, BL.C1 SC.",XIMENA DISTRIBUTIE,ADRESE_2000,1
191,ADRESE_2000,23 COMMUNICATIONS IDEAS,BUCURESTI,Sector 2,Bella Bogdan Naumovici,,,,,,"STR. LUMINEI, NR. 8, ET. 1, CAM. 9",23 COMMUNICATIONS IDEAS,ADRESE_2000,1
192,ADRESE_2000,2B INTELLIGENT SOFT SA,BUCURESTI,Sector 1,Radu Scarlat,,,,,,"B-DUL PRIMAVERII, NR. 51",2B INTELLIGENT SOFT,ADRESE_2000,1
193,ADRESE_2000,A B INVESTITII SI CONSTRUCTII SRL,BUCURESTI,Sector 1,Nachum Butnaru,,,,,,"STR. ION CAMPINEANU, NR. 11, ET. 7, AP. POZ. 7.09",A B INVESTITII SI CONSTRUCTII,ADRESE_2000,1
194,ADRESE_2000,ABB POWER GRIDS,BUCURESTI,Sector 2,Nicoleta Ilina,,,,,,"STR. GARA HERASTRAU, NR. 4D, BL. C, ET. 8",ABB POWER GRIDS,ADRESE_2000,1
195,ADRESE_2000,ABB ROMANIA,BUCURESTI,Sector 2,Ciprian Florescu,,,,,,"STR. GARA HERASTRAU, NR. 4D, BL. C, ET. 8",ABB ROMANIA,ADRESE_2000,1
196,ADRESE_2000,ADREM INVEST SRL,BUCURESTI,Sector 1,Adrian Bodea,,,,,,"STR. ALEXANDRINA, NR. 20-22, ET. 3, AP. 6",ADREM INVEST,ADRESE_2000,1
197,grecia,AETOS TRADING & CONSULTING SRL,BUCURESTI,Sectorul 3,Michail Poutsiakas,office@aetos.ro,,,,5310680,"BDUL. UNIRII, NR. 80",AETOS TRADING CONSULTING,grecia,1
198,ADRESE_2000,AFCON ELECTRA ROMANIA SA,BUCURESTI,Sector 5,Vardi Rami,,,,,,"B-DUL TUDOR VLADMIRESCU NR. 29A, PARK 1, ETAJ 2",AFCON ELECTRA ROMANIA,ADRESE_2000,1
199,ADRESE_2000,AGRANA ROMANIA,BUCURESTI,Sector 1,Sorin Soroceanu,,,,,,"SOS. STRAULESTI, NR. 178-180",AGRANA ROMANIA,ADRESE_2000,1
200,grecia,AHI CARRIER ROMANIA SRL,BUCURESTI,Sectorul 4,Adamidis Thomas,support@ahi-carrier.ro,manager@ahi-carrier.ro,,,19073210,"INTR. NESTOREI, NR. 1",AHI CARRIER ROMANIA,grecia,1
201,ADRESE_2000,AIK ENERGY ROMANIA,BUCURESTI,Sector 1,Balan Sergiu,,,,,,"SOS. BUC-PLOIESTI, NR. 19-21, ET. 7, BANEASA BUSINESS CENTER",AIK ENERGY ROMANIA,ADRESE_2000,1
202,ADRESE_2000,AISR ROMANIA,BUCURESTI,Sector 1,Maria Cirja,,,,,,"B-DUL MARASTI, NR. 59,CORP P, SALA P62, ET.2",AISR ROMANIA,ADRESE_2000,1
203,ADRESE_2000,ALBALACT SA BUCURESTI,BUCURESTI,Sector 1,Ioan Ungur,,,,,,"STR. HAGI GHITA, NR. 89-91",ALBALACT BUCURESTI,ADRESE_2000,1
204,ADRESE_2000,ALCEDO SRL,BUCURESTI,Sector 1,Vincentiu Cremeneanu,,,,,,"STR. ALEX. CONSTANTINESCU, NR. 63",ALCEDO,ADRESE_2000,1
205,ADRESE_2000,ALCHIMEX SA,BUCURESTI,Sector 1,Claudiu Cringusi,,,,,,"STR. ALEXANDRU CONSTANTINESCU, NR. 63",ALCHIMEX,ADRESE_2000,1
206,ADRESE_2000,ALLSYS ENERGY SA,BUCURESTI,Sector 1,Lorenzo Cautisanu,,,,,,"B-DUL AL. IOAN CUZA, NR. 81, ET. 3",ALLSYS ENERGY,ADRESE_2000,1
207,grecia,ALPHA MEDICAL SRL,BUCURESTI,Sectorul 1,Dimitrios Xenos,office@alphamedical.ro,service@alphamedical.ro,,,1259620,"STR. N. CONSTANTINESCU, NR. 12",ALPHA MEDICAL,grecia,1
208,grecia,ALUMIL ROM INDUSTRY SA,BUCURESTI,Sectorul 1,Ionita Marius,marketing@alumil.ro,office@alumil.ro,,,194340,"SOS. BUCURESTI-PLOIESTI, NR. 42-44",ALUMIL ROM INDUSTRY,grecia,1
209,ADRESE_2000,ARACO,BUCURESTI,Sector 3,Plosceanu Aurel-Laurentiu,,,,,,"STR. ALEX. PAPIU ILARIAN, NR. 17, ET. 2",ARACO,ADRESE_2000,1
210,ADRESE_2000,ARCHIBUS ROMANIA,BUCURESTI,Sector 6,Trita Tudor - Florentin,,,,,,"STR. STEFAN MARINESCU, NR. 9",ARCHIBUS ROMANIA,ADRESE_2000,1
211,ADRESE_2000,ARCOM,BUCURESTI,Sector 1,Vasile Geambazi,,,,,,"STR. VIRGILIU, NR 81",ARCOM,ADRESE_2000,1
212,ADRESE_2000,ARCTIC STREAM SRL,BUCURESTI,Sector 1,Octavian Dragos Diaconu,,,,,,"STR. BANU ANTONACHE, NR. 40-44, ET. 2",ARCTIC STREAM,ADRESE_2000,1
213,grecia,ARION GREEN FELIX SRL,BUCURESTI,Sectorul 2,Panagiotis Fyssas,,,,,34679370,"STR. ITALIANA, NR. 24",ARION GREEN FELIX,grecia,1
214,ADRESE_2000,ARPIM,BUCURESTI,Sector 3,Alina Culcea,,,,,,"STR. CLUCERU UDRICANI, NR. 18, ET. 2",ARPIM,ADRESE_2000,1
215,ADRESE_2000,ART GROUP INT SRL,BUCURESTI,Sector 1,Andrei-Alexandru Chirescu,,,,,,"STR. NICOLAE CARAMFIL, NR. 71-73, ET. 5",ART GROUP INT,ADRESE_2000,1
216,grecia,ASTRON CHEMICALS SRL,BUCURESTI,Sectorul 3,Pentaris Emmanouil,office@astronchemicals.ro,carmen.cristescu@astronchemicals.ro,,,400690,"SOS. DUDESTI PANTELIMON, NR. 19",ASTRON CHEMICALS,grecia,1
217,grecia,AUSTRIA CARD SRL,BUCURESTI,Sectorul 1,Gaitanaru Florin,sales@austriacard.ro,office@austriacard.ro,,,18891030,"SOS. ODAI, NR. 347-363",AUSTRIA CARD,grecia,1
218,ADRESE_2000,AUTO ITALIA IMPEX SRL,BUCURESTI,Sector 6,Omer Levi,,,,,,"B-DUL TIMISOARA, NR. 102, ET. 1, BIR. 1",AUTO ITALIA IMPEX,ADRESE_2000,1
219,ADRESE_2000,AUTOMOBILE BAVARIA SRL,BUCURESTI,Sector 1,Schmidt Michael Horst,,,,,,"SOS. BUCURESTI-PLOIESTI, NR 53 A",AUTOMOBILE BAVARIA,ADRESE_2000,1
220,ADRESE_2000,AUTONET SRL,BUCURESTI,Sector 6,Ioan-Costin Bilciurescu,,,,,,"CALEA GIULESTI, NR. 125",AUTONET,ADRESE_2000,1
221,grecia,AUTOTECHNICA FLEET SERVICES SRL,BUCURESTI,Sectorul 2,Zacharias Vitzilaios,reservations@hertz.ro,sales@hertzlease.ro,,,14782270,"STR. GEORGE CONSTANTINESCU, NR. 2 C",AUTOTECHNICA FLEET SERVICES,grecia,1
222,ADRESE_2000,AVI COMPACT,BUCURESTI,Sector 3,Florin Radulescu,,,,,,STR. ARISTIDE PASCAL NR.27,AVI COMPACT,ADRESE_2000,1
223,ADRESE_2000,AVIA MOTORS SRL,BUCURESTI,Sector 2,Daniel Balaban,,,,,,"SOS. DOBROESTI, NR. 7, BL. 4, ET. 10, AP. 29, cam. 13-16",AVIA MOTORS,ADRESE_2000,1
224,ADRESE_2000,AVICOLA BUCURESTI SA,BUCURESTI,Sector 4,Iliuta Remus,,,,,,"SPLAIUL UNIRII, NR.16, ET. 3, CAM 310",AVICOLA BUCURESTI,ADRESE_2000,1
225,ADRESE_2000,AXPO ENERGY ROMANIA SA,BUCURESTI,Sector 1,Catalin Iordache,,,,,,"STR. POPA SAVU, NR. 79-81",AXPO ENERGY ROMANIA,ADRESE_2000,1
226,ADRESE_2000,AZAD ENTERPRISES SRL,BUCURESTI,Sector 1,Yousef Mustafa,,,,,,"SOS. BUCURESTI - PLOIESTI, NR. 172-176, ET. 5",AZAD ENTERPRISES,ADRESE_2000,1
227,ADRESE_2000,BASF ROMANIA,BUCURESTI,Sector 2,Gheorghe Neagu,,,,,,"SOSEAUA PIPERA, NR. 43, CORP A, ET. 1",BASF ROMANIA,ADRESE_2000,1
228,ADRESE_2000,BAUMIT ROMANIA,BUCURESTI,Sector 6,Laurentiu Lupusor,,,,,,"B-DUL IULIU MANIU, NR. 600 A",BAUMIT ROMANIA,ADRESE_2000,1
229,grecia,BERLIN PACKAGING ROMANIA SRL,BUCURESTI,Sectorul 4,Neagu Irina,,office@tcromglass.ro,,,31327310,"BDUL. LIBERTATII, NR. 10",BERLIN PACKAGING ROMANIA,grecia,1
230,grecia,BEST FOODS PRODUCTIONS SRL,BUCURESTI,Sectorul 6,Ochonos Epameinondas,info@bestfoods-ltd.com,,,,2145490,"STR. MOINESTI, NR. 55",BEST FOODS PRODUCTIONS,grecia,1
231,ADRESE_2000,BOG`ART,BUCURESTI,Sector 1,Raul Alexandru Lucian Doicescu,,,,,,"STR. ION BREZOIANU, NR 27",BOG ART,ADRESE_2000,1
232,ADRESE_2000,BOIRON RO SRL,BUCURESTI,Sector 1,Silvia Mainescu,,,,,,"CALEA DOROBANTI, NR. 239, ET. 4",BOIRON RO,ADRESE_2000,1
233,ADRESE_2000,BOREALIS L.A.T ROMANIA,BUCURESTI,Sector 2,Inca Dorin-Gheorghe,,,,,,"STR. MARIA ROSETTI, NR. 6, ET. 8",BOREALIS L A T ROMANIA,ADRESE_2000,1
234,ADRESE_2000,BOSCH ROMANIA,BUCURESTI,Sector 1,Boldijar Mihai,,,,,,"STR HORIA MACELARIU, NR. 30-34",BOSCH ROMANIA,ADRESE_2000,1
235,ADRESE_2000,BOUYGUES ROMANIA,BUCURESTI,Sector 1,Fabrice Jacques,,,,,,"STR MAIOR GHEORGHE SONTU, NR 10-12, ET 2, AP 7",BOUYGUES ROMANIA,ADRESE_2000,1
236,ADRESE_2000,BP PUBLISHING MEDIA,BUCURESTI,Sector 5,Ioana Raluca Michailov,,,,,,"STR. GEN. ATANASIE DEMOSTENE, NR. 22 A",BP PUBLISHING MEDIA,ADRESE_2000,1
237,ADRESE_2000,BRAIN 4 STRATEGY SRL,BUCURESTI,Sector 1,Ana Maria Diceanu,,,,,,"INTRAREA NICOLAE IORGA, NR. 3, AP. 2",BRAIN 4 STRATEGY,ADRESE_2000,1
238,ADRESE_2000,BRAINSPOTTING,BUCURESTI,Sector 1,Corina Ilie,,,,,,"STR. PITAR MOS, NR. 6, ET. 4",BRAINSPOTTING,ADRESE_2000,1
239,ADRESE_2000,BRANTO PRODUCTIE INDUSTRIALA SRL,BUCURESTI,Sector 2,Iulian Bratu,,,,,,"SOS. PANTELIMON, NR. 1",BRANTO PRODUCTIE INDUSTRIALA,ADRESE_2000,1
240,ADRESE_2000,BRD ASIGURARI DE VIATA,BUCURESTI,Sector 1,Laurent Doubrovine,,,,,,"STR. GHEORGHE POLIZU, NR. 58-60",BRD ASIGURARI DE VIATA,ADRESE_2000,1
241,ADRESE_2000,BRD GROUPE SOCIETE GENERALE,BUCURESTI,Sector 1,Claudiu Cercel,,,,,,"B-DUL ION MIHALACHE, NR. 1-7, TURN BRD",BRD GROUPE SOCIETE GENERALE,ADRESE_2000,1
242,grecia,BSB FASHION SA,BUCURESTI,Sectorul 4,Bitharas Vasileios,reclamatii@bsbfashion.ro,hotel@bsbfashion.ro,,,7130070,"SPL. UNIRII, NR. 108",BSB FASHION,grecia,1
243,grecia,CD MEDIA SOCIETAS EUROPAEA OF TRADING AND SALE OF SOFTWARE AND MULTIMEDIA OPTICAL SYSTEMS SE,BUCURESTI,Sectorul 3,Ginavar Silviu,,,,,33058690,"STR. TURTURELELOR, NR. 62",CD MEDIA SOCIETAS EUROPAEA OF TRADING AND SALE OF SOFTWARE AND MULTIMEDIA OPTICAL SYSTEMS SE,grecia,1
244,ADRESE_2000,CDD RELOCATION SRL,BUCURESTI,Sector 1,Dascalau Anamaria,,,,,,"DRUM PADUREA NEAGRA, 19-33, CORP 5, ET. 1",CDD RELOCATION,ADRESE_2000,1
245,ADRESE_2000,CEC BANK,BUCURESTI,Sector 3,Neacsu Bogdan,,,,,,"CALEA VICTORIEI, NR. 13",CEC BANK,ADRESE_2000,1
246,grecia,CM DELTA APPAREL ROMANIA SA,BUCURESTI,Sectorul 1,Stratos Alexandros,contabilitate@cmdeltaapparel.ro,alina.oana@cmdeltaapparel.ro,,,196110,"SOS. NICOLAE TITULESCU, NR. 12",CM DELTA APPAREL ROMANIA,grecia,1
247,ADRESE_2000,COLLIERS ROMANIA,BUCURESTI,Sector 1,Diana Rusu,,,,,,"FLOREASCA BUSINESS PARK, NR. 169A, ET7",COLLIERS ROMANIA,ADRESE_2000,1
248,ADRESE_2000,COMTEC 2000 INC,BUCURESTI,Sector 6,Kainnan Carol,,,,,,"STR. DRUMUL OSIEI, NR. 51",COMTEC 2000 INC,ADRESE_2000,1
249,ADRESE_2000,CONADI ROMANIA,BUCURESTI,Sector 5,Bogdan Adrian Stoinea,,,,,,"CALEA 13 SEPTEMBRIE, NR. 90, ET. 6, MARRIOTT GRAND OFFICES, ETAJ 6",CONADI ROMANIA,ADRESE_2000,1
250,ADRESE_2000,CONARG AG,BUCURESTI,Sector 1,Ion Stan,,,,,,"CALEA FLOREASCA, NR. 91-111, BL. F1, ET. 3",CONARG AG,ADRESE_2000,1
251,ADRESE_2000,CONCELEX SRL,BUCURESTI,Sector 1,Visan Beniamin Catalin,,,,,,"STR. AEROPORTULUI, NR. 120-130",CONCELEX,ADRESE_2000,1
252,ADRESE_2000,CONSOLIGHT COM SRL,BUCURESTI,Sector 2,Consuela Andreea Popa,,,,,,"STR. PARGARILOR, NR 11",CONSOLIGHT COM,ADRESE_2000,1
253,ADRESE_2000,CONSULTA 99 SPRL,BUCURESTI,Sector 2,Badoi Dan-Ionut,,,,,,"STR. POPA SOARE, NR.37, AP.2",CONSULTA 99 SPRL,ADRESE_2000,1
254,ADRESE_2000,CONTI GRUP SRL,BUCURESTI,Sector 1,Gheorghe Gabriel Mihai Ailoae,,,,,,"SOS. CHITILEI, NR. 3",CONTI GRUP,ADRESE_2000,1
255,ADRESE_2000,CONVERSION MARKETING SRL,BUCURESTI,Sector 1,Marius Pahomi,,,,,,"STR. GRIGORE ALEXANDRESCU, NR. 59, HQ VICTORIEI, ET 4",CONVERSION MARKETING,ADRESE_2000,1
256,ADRESE_2000,CORPORATE OFFICE SOLUTIONS,BUCURESTI,Sector 1,Christophe Weller,,,,,,"SOSEAUA BUCURESTI-PLOIESTI, NR.73-81,, VICTORIA BUSINESS PARK, CLADIRE 2, ET 1",CORPORATE OFFICE SOLUTIONS,ADRESE_2000,1
257,ADRESE_2000,CORTEVA AGRISCIENCE,BUCURESTI,Sector 1,Maria Cirja,,,,,,"SOS. BUC-PLOIESTI, NR. 42-44, CLADIRE B, ET. 2, BANEASA BUSINESS&TECHNOLOGY PARK",CORTEVA AGRISCIENCE,ADRESE_2000,1
258,grecia,COSMOS MOBILE SRL,BUCURESTI,Sectorul 2,,office@cosmosmobile.ro,contact@iqbox.ro,,,15024190,"STR. GEORGE CONSTANTINESCU, NR. 2C",COSMOS MOBILE,grecia,1
259,ADRESE_2000,CREDIT EUROPE BANK,BUCURESTI,Sector 3,Yakup Cil,,,,,,"CALEA VITAN, NR 55-59, SP. L18",CREDIT EUROPE BANK,ADRESE_2000,1
260,ADRESE_2000,CREDITCOOP,BUCURESTI,Sector 6,Morar Adrian Ioan,,,,,,"CALEA PLEVNEI, NR 200",CREDITCOOP,ADRESE_2000,1
261,ADRESE_2000,CRH CIMENT SA,BUCURESTI,Sector 1,Jean-Andre Guillame Cavalier,,,,,,"P-TA CHARLES DE GAULLE, NR. 15, ET. 1",CRH CIMENT,ADRESE_2000,1
262,ADRESE_2000,DANONE ROMANIA,BUCURESTI,Sector 2,Natalia Gelshtein-Kiss,,,,,,"STR. NICOLAE CANEA, NR. 140-160",DANONE ROMANIA,ADRESE_2000,1
263,ADRESE_2000,DANTE INTERNATIONAL,BUCURESTI,Sector 6,Stejara Pircan,,,,,,"SOSEAUA VIRTUTII, NR. 148, SP. E 47",DANTE INTERNATIONAL,ADRESE_2000,1
264,ADRESE_2000,DASEIN,BUCURESTI,Sector 1,,,,,,,"ALEEA MODROGAN, NR 18",DASEIN,ADRESE_2000,1
265,ADRESE_2000,DC COMMUNICATIONS,BUCURESTI,Sector 5,Teodor Victor Frolu,,,,,,"STR. URANUS, NR. 150",DC COMMUNICATIONS,ADRESE_2000,1
266,ADRESE_2000,DDB ADVERTISING AGENCY,BUCURESTI,Sector 1,Roxana Diana Memetea,,,,,,"STR. PRAGA, NR. 3, ET. 2, BIR. 1",DDB ADVERTISING AGENCY,ADRESE_2000,1
267,grecia,DELOITTE AUDIT SRL,BUCURESTI,Sectorul 1,Macarenco Alexandru,ceroauditmcsi@deloitte.com,ctudor@deloittece.com,,,1231350,"CALEA GRIVITEI, NR. 84-98",DELOITTE AUDIT,grecia,1
268,grecia,DELOITTE CONSULTANTA SRL,BUCURESTI,Sectorul 1,Macarenco Alexandru,acondrea@deloittece.com,romania@deloittece.com,,,1450,"CALEA GRIVITEI, NR. 84-98",DELOITTE CONSULTANTA,grecia,1
269,grecia,DIAMEDIX IMPEX SA,BUCURESTI,Sectorul 2,Jose Luis Bozal Gonzalez,comenzi@diamedix.ro,office@diamedix.ro,,,889660,"STR. FABRICA DE GLUCOZA, NR. 15 A",DIAMEDIX IMPEX,grecia,1
270,grecia,EGNATIA ROM SRL,BUCURESTI,Sectorul 1,Nikolaos Papapetrou,egnatia.rom@egnatia-rom.com,,,,11663620,"STR. SFANTA MARIA, NR. 65",EGNATIA ROM,grecia,1
271,grecia,GENCO TRADE SRL,BUCURESTI,Sectorul 1,Emmanouil Manoussakis,office@genco.ro,contact-intersport@genco.ro,,,441780,"STR. BIHARIA, NR. 67-77",GENCO TRADE,grecia,1
272,ADRESE_2000,HEBERGER CONSTRUCTII,BUCURESTI,Sector 1,Ulli Schumhmacher,,,,,,"SOSEAUA BUCURESTI-PLOIESTI, NR. 1A, BUCHAREST BUSINESS PARK, SC. C, ET. 1",HEBERGER CONSTRUCTII,ADRESE_2000,1
273,ADRESE_2000,HEIDELBERGCEMENT ROMANIA,BUCURESTI,Sector 1,Sorin Trifa,,,,,,"SOS. BUCURESTI-PLOIESTI NR 1 A, CLADIRE C, BUCHAREST BUSINESS PARK",HEIDELBERGCEMENT ROMANIA,ADRESE_2000,1
274,ADRESE_2000,HOFIGAL EXPORT-IMPORT SA,BUCURESTI,Sector 4,Cristina Manea,,,,,,"INTR. SERELOR, NR. 2",HOFIGAL EXPORT IMPORT,ADRESE_2000,1
275,ADRESE_2000,HOGARTH & OGILVY,BUCURESTI,Sector 1,Manuela Nicula,,,,,,"CALEA GRIVITEI, NR. 82-98, ET. 4",HOGARTH OGILVY,ADRESE_2000,1
276,ADRESE_2000,HOLCIM SA,BUCURESTI,Sector 1,Adrian Horia Ciprian,,,,,,"CALEA FLOREASCA, NR.169A, BL. B, ET 7",HOLCIM,ADRESE_2000,1
277,ADRESE_2000,HOLLAND FARMING AGRO,BUCURESTI,Sector 5,Marius Alexandru Velea,,,,,,"STR. DR. LISTER, NR. 67, ET. 1, AP. 2",HOLLAND FARMING AGRO,ADRESE_2000,1
278,grecia,HOTELAIR SRL,BUCURESTI,Sectorul 5,Ioannis Ioannidis,hotelair@hotelcon.net,,,,546020,"STR. PERICLE GHEORGHIU, NR. 49",HOTELAIR,grecia,1
279,ADRESE_2000,HS TIMBER PRODUCTIONS SRL,BUCURESTI,Sector 1,Luciana Petrescu,,,,,,"STR. GRIGORE ALEXANDRESCU, NR. 59, ET. 2",HS TIMBER PRODUCTIONS,ADRESE_2000,1
280,ADRESE_2000,HUAWEI TECHNOLOGIES SRL,BUCURESTI,Sector 2,Alina Antonie,,,,,,"STR. BARBU VACARESCU, NR. 201",HUAWEI TECHNOLOGIES,ADRESE_2000,1
281,ADRESE_2000,HUNTER DOUGLAS ROMANIA,BUCURESTI,Sector 2,Stefan Moldoveanu,,,,,,"B-DUL. BASARABIA NR 80, ET 1",HUNTER DOUGLAS ROMANIA,ADRESE_2000,1
282,ADRESE_2000,HUSQVARNA,BUCURESTI,Sector 1,Stefan Tint,,,,,,"SOSEAUA ODAI, NR 33-37",HUSQVARNA,ADRESE_2000,1
283,ADRESE_2000,HV SHIELDING SRL,BUCURESTI,Sector 1,Viorel Bratu,,,,,,"STR. CIRESOAIA, NR. 21 BIS",HV SHIELDING,ADRESE_2000,1
284,ADRESE_2000,HYUNDAI AUTO ROMANIA SRL,BUCURESTI,Sector 1,Mihai Chipaila,,,,,,"STR. EMANOIL PORUMBARU, NR. 85-87",HYUNDAI AUTO ROMANIA,ADRESE_2000,1
285,grecia,IL MAESTRO SRL,BUCURESTI,Sectorul 1,Tsiokos Tsimpidas Vasileios,,,,,13504500,"BDUL. DINICU GOLESCU, NR. 43",IL MAESTRO,grecia,1
286,grecia,IMEDICA SA,BUCURESTI,Sectorul 1,Stassinopoulou Dimitra,office@imedica.ro,administrativ@imedica.ro,,,317780,"SOS. BUCURESTI -PLOIESTI, NR. 141 D",IMEDICA,grecia,1
287,grecia,IMO PROPERTY INVESTMENTS BUCURESTI SA,BUCURESTI,Sectorul 1,Veiber Gabriela Theodora,office@imo-pi.ro,,,,15298590,"STR. FAGARAS, NR. 17",IMO PROPERTY INVESTMENTS BUCURESTI,grecia,1
288,ADRESE_2000,IMSAT SA,BUCURESTI,Sector 6,Olivier Jouven,,,,,,"STR. SG. C-TIN GHERCU, NR. 1 B, BL.THE BRIDGE, ET. 9 SI 10",IMSAT,ADRESE_2000,1
289,ADRESE_2000,INFOMED FLUIDS SRL,BUCURESTI,Sector 3,Piereantonio Bettinelli,,,,,,"B-DUL THEODOR PALLADY, NR. 50",INFOMED FLUIDS,ADRESE_2000,1
290,grecia,INFORM LYKOS SA,BUCURESTI,Sectorul 1,Liviu Anghel,sales@lykos.ro,l.anghel@lykos.ro,,,15782430,"SOS. ODAI, NR. 347-363",INFORM LYKOS,grecia,1
291,ADRESE_2000,ING BANK ROMANIA,BUCURESTI,Sector 1,Mihaela Bitu,,,,,,"STR. AVIATOR POPISTEANU, NR. 54 A",ING BANK ROMANIA,ADRESE_2000,1
292,ADRESE_2000,INTERAGRO SA,BUCURESTI,Sector 2,Cadar Marcel Gicu,,,,,,"STR. VERII, NR. 1-3",INTERAGRO,ADRESE_2000,1
293,grecia,INTERSTAR CHIM SA,BUCURESTI,Sectorul 3,Sarris Nicos,infoclient@interstar.ro,office@interstar.ro,,,2873720,"BDUL. BASARABIA, NR. 256",INTERSTAR CHIM,grecia,1
294,grecia,INTRAROM SA,BUCURESTI,Sectorul 2,Anastasios Dimopoulos,office@intrarom.ro,human.resources@intrarom.ro,,,337770,"SOS. FABRICA DE GLUCOZA, NR. 17",INTRAROM,grecia,1
295,ADRESE_2000,ISOVOLTA SA,BUCURESTI,Sector 3,Katja Sieghart,,,,,,"DRUM INTRE TARLALE, NR. 130",ISOVOLTA,ADRESE_2000,1
296,ADRESE_2000,ITALINOX ROMANIA SRL,BUCURESTI,Sector 1,Darolti Silviu Remus,,,,,,"SOSEAUA CHITILA, NR. 423 R",ITALINOX ROMANIA,ADRESE_2000,1
297,ADRESE_2000,IVANTI SOFTWARE ENGINEERING,BUCURESTI,Sector 1,Alina Sandru,,,,,,"CALEA FLOREASCA, 169A, SC. A, ET. 3, FLOREASCA BUSINESS PARK",IVANTI SOFTWARE ENGINEERING,ADRESE_2000,1
298,ADRESE_2000,IVATHERM SA,BUCURESTI,Sector 1,Rucsandra Hurezeanu,,,,,,"STR. ERMIL PANGRATTI, NR. 30 A, ETAJ 3",IVATHERM,ADRESE_2000,1
299,ADRESE_2000,IVCON SRL,BUCURESTI,Sector 3,Ivan Gheorghe,,,,,,"STR. BARAJ BICAZ, NR. 2,, BL. M 25, SC. 5, ET. 2, AP. 89",IVCON,ADRESE_2000,1
300,ADRESE_2000,JANSSEN ROMANIA,BUCURESTI,Sector 1,Sevan Kaloustian,,,,,,"STR. TIPOGRAFILOR, NR. 11-15, CORP B3, ET. 3, CLADIREA S-PARK",JANSSEN ROMANIA,ADRESE_2000,1
301,ADRESE_2000,JAZZ COMMUNICATION SRL,BUCURESTI,Sector 1,Cristian Diana Elena,,,,,,"STR. MENDELEEV, NR. 5, ET. 3",JAZZ COMMUNICATION,ADRESE_2000,1
302,ADRESE_2000,JONES LANG LASALLE SERVICES SRL,BUCURESTI,Sector 1,Silviana Petre,,,,,,"CALEA VICTORIEI, NR. 145, ET. 10",JONES LANG LASALLE SERVICES,ADRESE_2000,1
303,ADRESE_2000,JT INTERNATIONAL MANUFACTURING SA,BUCURESTI,Sector 2,Yevgeniy Nikolskiy,,,,,,"B-DUL DIMITRIE POMPEIU, NR. 9-9 A",JT INTERNATIONAL MANUFACTURING,ADRESE_2000,1
304,grecia,JUMBO EC.R SRL,BUCURESTI,Sectorul 3,Arampatzis Kyriakos,roaccount@jumbo.gr,akotsis@jumbo.gr,,,19670380,"BDUL. THEODOR PALLADY, NR. 51",JUMBO EC R,ADRESE_2000;grecia,2
305,ADRESE_2000,JUST MASTER ACTIVITIES,BUCURESTI,Sector 5,Gabriel Argesan,,,,,,"B-DUL MIHAIL KOGALNICEANU, NR. 53, ET. 3",JUST MASTER ACTIVITIES,ADRESE_2000,1
306,ADRESE_2000,KANDIA DULCE SA,BUCURESTI,Sector 5,Gerald Neumair,,,,,,"SOSEAUA VIILOR, NR. 20 A",KANDIA DULCE,ADRESE_2000,1
307,ADRESE_2000,KARCHER ROMANIA SRL,BUCURESTI,Sector 1,Monica Iavorschi,,,,,,"STR. SOS. ODAII, NR. 430, ET. P",KARCHER ROMANIA,ADRESE_2000,1
308,ADRESE_2000,KAUFLAND ROMANIA,BUCURESTI,Sector 2,Oana Lungu,,,,,,"STR. BARBU VACARESCU, NR. 120-144",KAUFLAND ROMANIA,ADRESE_2000,1
309,ADRESE_2000,KEPLER ROMINFO,BUCURESTI,Sector 2,Petrisor Guta,,,,,,"SOS. PIPERA, NR. 46 D,46 E,48, ET. 5, INTRAREA B, OREGON PARK",KEPLER ROMINFO,ADRESE_2000,1
310,ADRESE_2000,KIA ROMAUTO SRL,BUCURESTI,Sector 1,Dan Chitaru,,,,,,"SOS. BUCURESTI-PLOIESTI, NR. 40, BIR. 11-12",KIA ROMAUTO,ADRESE_2000,1
311,ADRESE_2000,KIK ROMANIA,BUCURESTI,Sector 3,Hartmann Raluca,,,,,,"B-DUL THEODOR PALLADY, NR. 51 N, BL. C1, ET. 1",KIK ROMANIA,ADRESE_2000,1
312,ADRESE_2000,KINNARPS ROMANIA,BUCURESTI,Sector 1,Daniel Florescu,,,,,,"STR. ACADEMIEI, NR. 29, ET. 5-6",KINNARPS ROMANIA,ADRESE_2000,1
313,ADRESE_2000,KINSTELLAR,BUCURESTI,Sector 1,Mihai Coada,,,,,,"STRADA NICOLAE IORGA, NR. 8-10",KINSTELLAR,ADRESE_2000,1
314,ADRESE_2000,KIWI FINANCE SRL,BUCURESTI,Sector 2,Anca Bidian,,,,,,"BULEVARDUL CAROL I, NR. 64",KIWI FINANCE,ADRESE_2000,1
315,ADRESE_2000,KMG ROMPETROL,BUCURESTI,Sector 1,Gabriela Budisteanu,,,,,,"P-TA PRESEI LIBERE, NR. 3-5, ET. 2, CITY GATE, NORD TOWER",KMG ROMPETROL,ADRESE_2000,1
316,ADRESE_2000,KNAUF INSULATION,BUCURESTI,Sector 1,Tihomir Civkaroski,,,,,,"B-DUL TUDOR VLADIMIRESCU, NR. 29, ET. 1",KNAUF INSULATION,ADRESE_2000,1
317,ADRESE_2000,KNIGHT FRANK ROMANIA,BUCURESTI,Sector 1,Horatiu Catalin Florescu,,,,,,"CALEA DOROBANTILOR, NR. 239, ET 3",KNIGHT FRANK ROMANIA,ADRESE_2000,1
318,ADRESE_2000,KPMG RESTRUCTURING SPRL,BUCURESTI,Sector 1,Munteanu Aurora-Speranta,,,,,,"SOS. BUCUREŞTI-PLOIEŞTI, NR.69-71, CAM.25",KPMG RESTRUCTURING SPRL,ADRESE_2000,1
319,ADRESE_2000,KUBIS INTERACTIVE,BUCURESTI,Sector 2,Vlad Popovici,,,,,,"STR. OLARI, NR 11",KUBIS INTERACTIVE,ADRESE_2000,1
320,ADRESE_2000,KWS SEMINTE SRL,BUCURESTI,Sector 1,Tomel Petrache,,,,,,"STR. BARAJUL ARGES, NR. 6",KWS SEMINTE,ADRESE_2000,1
321,ADRESE_2000,LEROY MERLIN,BUCURESTI,Sector 1,Director General,,,,,,"SOSEAUA CHITILEI, NR 284-286, BIROU 8, MODULUL T",LEROY MERLIN,ADRESE_2000,1
322,ADRESE_2000,LESAFFRE ROMANIA SRL,BUCURESTI,Sector 1,Cristian - Mihai Tabara,,,,,,"SOS. BUCURESTI-PLOIESTI, NR. 172-176, WILLBROOK PLATINUM",LESAFFRE ROMANIA,ADRESE_2000,1
323,ADRESE_2000,LIBRA INTERNET BANK,BUCURESTI,Sector 3,Emilian Bituleanu,,,,,,"CALEA VITAN, NR. 6-6 A, CLADIREA PHOENIX TOWER",LIBRA INTERNET BANK,ADRESE_2000,1
324,ADRESE_2000,LION COMMUNICATION SERVICES,BUCURESTI,Sector 1,Stefan Iordache,,,,,,"STR. NICOLAE IORGA, NR. 13, CORP A",LION COMMUNICATION SERVICES,ADRESE_2000,1
325,ADRESE_2000,LUBEXPERT,BUCURESTI,Sector 1,Constantin Pasoi,,,,,,"STR PICTOR BARBU ISOVESCU, NR 26",LUBEXPERT,ADRESE_2000,1
326,ADRESE_2000,LUFTHANSA,BUCURESTI,Sector 1,,,,,,,"ALEEA ALEXANDRU, NR. 9A",LUFTHANSA,ADRESE_2000,1
327,ADRESE_2000,LUKOIL ROMANIA SRL,BUCURESTI,Sector 1,Victor Jumbei,,,,,,"STR. SIRIULUI, NR. 20",LUKOIL ROMANIA,ADRESE_2000,1
328,grecia,LUMINA INSTITUTII DE INVATAMINT SA,BUCURESTI,Sectorul 3,Gursoy Fatih,office@lumina.ro,info@lumina.ro,,,32961140,"STR. BALTA ALBINA, NR. 9",LUMINA INSTITUTII DE INVATAMINT,grecia,1
329,ADRESE_2000,LUXTEN LIGHTING COMPANY SA,BUCURESTI,Sector 1,Claudiu Radulescu,,,,,,"STRADA PARANGULUI, NR. 76",LUXTEN LIGHTING COMPANY,ADRESE_2000,1
330,ADRESE_2000,M CAR TRADING SRL,BUCURESTI,Sector 1,Grigore Irina,,,,,,"B-DUL EXPOZITIEI, NR. 2, CORP C6, ET. 1",M CAR TRADING,ADRESE_2000,1
331,ADRESE_2000,MAIRA MONTAJ SRL,BUCURESTI,Sector 1,Alexandra Paucescu,,,,,,"STR. MODESTIEI, NR. 102",MAIRA MONTAJ,ADRESE_2000,1
332,ADRESE_2000,MANPOWER ROMANIA SRL,BUCURESTI,Sector 5,Octavian Stanciu,,,,,,"STRADA IZVOR, NR. 80",MANPOWER ROMANIA,ADRESE_2000,1
333,ADRESE_2000,MAPEI ROMANIA,BUCURESTI,Sector 5,Ioana Elena Cornea,,,,,,"B-DUL T. VLADIMIRESCU, NR. 22, UNIT 5, CLADIREA GREEN GATE, ET. 6",MAPEI ROMANIA,ADRESE_2000,1
334,ADRESE_2000,MCCANN PROFESIONAL COMMUNICATION,BUCURESTI,Sector 1,Imola Marta Zoltan,,,,,,"STR. GEORGE ENESCU, NR. 11",MCCANN PROFESIONAL COMMUNICATION,ADRESE_2000,1
335,ADRESE_2000,MCCANN WORLDGROUP ROMANIA,BUCURESTI,Sector 1,Bogdan Enoiu,,,,,,"CALEA FLOREASCA, NR. 165",MCCANN WORLDGROUP ROMANIA,ADRESE_2000,1
336,ADRESE_2000,MED SERV UNITED SRL,BUCURESTI,Sector 4,Oprea Cornel Marius,,,,,,"B-DUL UNIRII, NR. 15, BL. 3, SC. 2,, ET. 6-7, AP. 48",MED SERV UNITED,ADRESE_2000,1
337,ADRESE_2000,MEDIA CITY SRL,BUCURESTI,Sector 4,Sandu Mihai Marin,,,,,,"B-DUL UNIRII, NR. 27, BL. 15, SC. 2, AP. 38",MEDIA CITY,ADRESE_2000,1
338,ADRESE_2000,MEDIA CONSULTA INTERNATIONAL,BUCURESTI,Sector 1,Mihai Craiu,,,,,,"STR. EMANOIL PORUMBARU, NR. 89",MEDIA CONSULTA INTERNATIONAL,ADRESE_2000,1
339,ADRESE_2000,MEDIA INVESTMENT,BUCURESTI,Sector 1,Dan Balotescu,,,,,,"STR. PRAGA, NR. 3",MEDIA INVESTMENT,ADRESE_2000,1
340,ADRESE_2000,MEDICOVER ROMANIA SRL,BUCURESTI,Sector 6,Florinela Cîrstina,,,,,,"STR. SERGENT CONSTANTIN GHERCU, NR. 1A, ETAJ 1",MEDICOVER ROMANIA,ADRESE_2000,1
341,ADRESE_2000,MEDIHELP ROMANIA,BUCURESTI,Sector 1,Alexandra Gardan,,,,,,"STR. DR. CONSTANTIN CARACAS, NR. 24",MEDIHELP ROMANIA,ADRESE_2000,1
342,ADRESE_2000,MEDLIFE SA,BUCURESTI,Sector 1,Nicolae Marcu,,,,,,"CALEA GRIVITEI, NR. 365",MEDLIFE,ADRESE_2000,1
343,ADRESE_2000,MERCEDES BENZ ROMANIA,BUCURESTI,Sector 1,Sandu Stoica,,,,,,"SOSEAUA BUC-NORD, NR. 15-23, CLADIREA HENLEY",MERCEDES BENZ ROMANIA,ADRESE_2000,1
344,grecia,MOTODYNAMICS SRL,BUCURESTI,Sectorul 1,Kyriakopoulos Paris,a.ion@yamaha-motor.ro,office@yamaha-motor.ro,,,17074180,"SOS. ODAI, NR. 307-309",MOTODYNAMICS,grecia,1
345,grecia,ND MEDHEALTH SRL,BUCURESTI,Sectorul 2,Nikolaos Kotzias,info@ndmedhealth.ro,,,,17428720,"BDUL. DIMITRIE POMPEI, NR. 9-9 A",ND MEDHEALTH,grecia,1
346,ADRESE_2000,OMNIASIG VIENNA INSURANCE GROUP,BUCURESTI,Sector 1,Liviu-Andrei Neacsu,,,,,,"ALEEA ALEXANDRU, NR. 51",OMNIASIG VIENNA INSURANCE GROUP,ADRESE_2000,1
347,ADRESE_2000,OMNICOM MEDIA GROUP,BUCURESTI,Sector 1,Luiza Liana Mihai,,,,,,"STR. PICTOR G.D. MIREA, NR. 6, ETAJ 1",OMNICOM MEDIA GROUP,ADRESE_2000,1
348,ADRESE_2000,OMV PETROM MARKETING,BUCURESTI,Sector 1,Marina Rotaru,,,,,,"STR. CORALILOR, NR. 22, BL. INFINITY, SC. OVAL B, ET. 1",OMV PETROM MARKETING,ADRESE_2000,1
349,ADRESE_2000,ONE TOUCH ADVERTISING,BUCURESTI,Sector 1,Evelina Necula,,,,,,"CALEA PLEVNEI, NR. 46-48, CORP C, ET. 2",ONE TOUCH ADVERTISING,ADRESE_2000,1
350,ADRESE_2000,ONE UNITED PROPERTIES SA,BUCURESTI,Sector 1,Beatrice Dumitrascu,,,,,,"STR. MAXIM GORKI, NR. 20",ONE UNITED PROPERTIES,ADRESE_2000,1
351,ADRESE_2000,OPAL TECHNOLOGIES SRL,BUCURESTI,Sector 1,Tanasescu Dumitru Dan,,,,,,"STR. IZBICENI, NR. 117-119, ET. 2, BIR. 7",OPAL TECHNOLOGIES,ADRESE_2000,1
352,ADRESE_2000,OPEN MIND LABORATORY,BUCURESTI,Sector 2,Ioana Piscureanu,,,,,,"STR. ARHITECT D. HARJEU, NR. 54",OPEN MIND LABORATORY,ADRESE_2000,1
353,ADRESE_2000,OPTIM PM,BUCURESTI,Sector 1,,,,,,,"STR. EMANOIL PORUMBARU NR. 25 A, ETAJ 3",OPTIM PM,ADRESE_2000,1
354,ADRESE_2000,OPTIM PROJECT MANAGEMENT,BUCURESTI,Sector 1,,,,,,,"STR. EMANOIL PORUMBOIU, NR. 25A, ET. 3",OPTIM PROJECT MANAGEMENT,ADRESE_2000,1
355,ADRESE_2000,OPTIMUM MEDIA DIRECTION PLAN & BUY,BUCURESTI,Sector 1,Liana Luiza Mihai,,,,,,"STR. PICTOR G.D. MIREA, NR. 6, ET. P",OPTIMUM MEDIA DIRECTION PLAN BUY,ADRESE_2000,1
356,ADRESE_2000,ORACLE ROMANIA SRL,BUCURESTI,Sector 2,Allison Simon,,,,,,"SOS. PIPERA, NR. 43, ET. P-6",ORACLE ROMANIA,ADRESE_2000,1
357,ADRESE_2000,ORBICO BEAUTY SRL,BUCURESTI,Sector 5,Zybaczynski Dan,,,,,,"SOS. VIILOR, NR. 14, CORP CLADIRE C2/C3",ORBICO BEAUTY,ADRESE_2000,1
358,ADRESE_2000,ORGANIZATIA ECOTIC,BUCURESTI,Sector 4,Valentin Negoita,,,,,,"SPLAIUL UNIRII, NR. 86, ET. 4",ORGANIZATIA ECOTIC,ADRESE_2000,1
359,ADRESE_2000,ORTOPEDICA SRL,BUCURESTI,Sector 2,Cristina Iancu,,,,,,"STR. IANCU CAPITANU, NR. 5",ORTOPEDICA,ADRESE_2000,1
360,ADRESE_2000,OTHO ESTATE,BUCURESTI,Sector 1,Alexandru Ispir,,,,,,"B-DUL NICOLAE TITULESCU, NR 1, ETAJ 6, CLADIRE A7, CORP 2",OTHO ESTATE,ADRESE_2000,1
361,ADRESE_2000,OTP BANK ROMANIA SA,BUCURESTI,Sector 1,Mara Cristea,,,,,,"STR. BUZESTI, NR. 66-68",OTP BANK ROMANIA,ADRESE_2000,1
362,ADRESE_2000,OXIGEN AGRO PRODUCT COMPANY SRL,BUCURESTI,Sector 3,Vochin Ionut Constantin,,,,,,"STR. POPA SOARE, NR. 14 A, ET. 1, AP. 3",OXIGEN AGRO PRODUCT COMPANY,ADRESE_2000,1
363,ADRESE_2000,OXYGEN,BUCURESTI,Sector 2,Andreea Filip,,,,,,"STR DIMITRIE POMPEIU, NR. 4-6, ET. 6, CAMPUS A",OXYGEN,ADRESE_2000,1
364,ADRESE_2000,OXYGEN PUBLIC RELATIONS SRL,BUCURESTI,Sector 1,Tranakas Tereza,,,,,,"STR. GEORGE CONSTANTINESCU, NR. 2-4, ETAJ 6",OXYGEN PUBLIC RELATIONS,ADRESE_2000,1
365,ADRESE_2000,P. DUSSMANN SERV ROMANIA SRL,BUCURESTI,Sector 1,,,,,,,"STR. STEFAN SANATESCU, NR. 53",P DUSSMANN SERV ROMANIA,ADRESE_2000,1
366,grecia,P.A.R. POLYMERS SRL,BUCURESTI,Sectorul 6,Pokas Theodoros,,,,,20285600,"SOS. VIRTUTII, NR. 19B",P A R POLYMERS,grecia,1
367,ADRESE_2000,P.R.B ASIGURARE SI REASIGURARE,BUCURESTI,Sector 1,Cristian Balanica,,,,,,"STR. CADEREA BASTILIEI, NR. 62, AP. 2",P R B ASIGURARE SI REASIGURARE,ADRESE_2000,1
368,ADRESE_2000,PALMED,BUCURESTI,Sector 1,,,,,,,"STR. RUCAR, NR. 36",PALMED,ADRESE_2000,1
369,ADRESE_2000,PANDORA JEWELRY ROMANIA SRL,BUCURESTI,Sector 4,Peter Ring,,,,,,"B-DUL MARASESTI, NR. 2 B, BL. C, SC. 4, AP. 39, COMP. REZ. CAROL",PANDORA JEWELRY ROMANIA,ADRESE_2000,1
370,ADRESE_2000,PAPAYA ADVERTISING SRL,BUCURESTI,Sector 2,Robert Lucian Tiderle,,,,,,"STR. SPERANTEI, NR. 32",PAPAYA ADVERTISING,ADRESE_2000,1
371,ADRESE_2000,PARCUL INDUSTRIAL FAUR,BUCURESTI,Sector 3,Alexandru Cristescu,,,,,,"B-DUL BASARABIA, NR. 256",PARCUL INDUSTRIAL FAUR,ADRESE_2000,1
372,ADRESE_2000,PARFUMERIE DOUGLAS SRL,BUCURESTI,Sector 1,Lavinia Ivas,,,,,,"STR. POLONA, NR. 68-72, ET. 5, RECEPTIE 2, BUSINESS CENTER",PARFUMERIE DOUGLAS,ADRESE_2000,1
373,ADRESE_2000,PASION SERVICE SRL,BUCURESTI,Sector 5,,,,,,,"CALEA RAHOVEI, NR. 266-268, CORP 63,, ELECTROMAGNETICA BUSINESS PARK, ET. 6, CAM10",PASION SERVICE,ADRESE_2000,1
374,ADRESE_2000,PATRONATUL ROMAN,BUCURESTI,Sector 2,,,,,,,"STR LUIGI GALVANI, NR 17-19",PATRONATUL ROMAN,ADRESE_2000,1
375,ADRESE_2000,PAUL HARTMANN SRL,BUCURESTI,Sector 2,Hajos Ladislau,,,,,,"B-DUL DIMITRIE POMPEI, NR. 9-9A, BL. 19, P, IRIDE BUSINESS PARK",PAUL HARTMANN,ADRESE_2000,1
376,ADRESE_2000,PAYPOINT SERVICES SRL,BUCURESTI,Sector 1,Dogariu Mugurel,,,,,,"P-TA. CHARLES DE GAULLE, NR 15, ET. 8",PAYPOINT SERVICES,ADRESE_2000,1
377,ADRESE_2000,PAYU ROMANIA,BUCURESTI,Sector 5,Elena Gheorghe,,,,,,"STR. DR. NICULAE D. STAICOVICI, NR. 2",PAYU ROMANIA,ADRESE_2000,1
378,ADRESE_2000,PAZO GRUP,BUCURESTI,Sector 1,,,,,,,STR. PARIS NR 9,PAZO GRUP,ADRESE_2000,1
379,ADRESE_2000,PC MANAGEMENT & CONSULTING,BUCURESTI,Sector 1,Cristian Pascu,,,,,,"SOS. BUCURESTI-PLOIESTI, NR. 15, ET. 1,",PC MANAGEMENT CONSULTING,ADRESE_2000,1
380,ADRESE_2000,PEEK & CLOPPENBURG SRL,BUCURESTI,Sector 1,Paul Portner,,,,,,"CALEA FLOREASCA, NR. 246 B, PARTER SI ET. 1, PROMENADA SHOPPING CENTER",PEEK CLOPPENBURG,ADRESE_2000,1
381,ADRESE_2000,PEGASUS ENGINEERING SRL,BUCURESTI,Sector 2,Bogdan Stancu,,,,,,"STR. BARBU MUMULEANU, NR. 48, CAM. 2",PEGASUS ENGINEERING,ADRESE_2000,1
382,ADRESE_2000,PELI & PARTNERS,BUCURESTI,Sector 1,Francisc Peli,,,,,,"STR. AV. MIRCEA ZORILEANU, NR. 71",PELI PARTNERS,ADRESE_2000,1
383,ADRESE_2000,PEPCO RETAIL SRL,BUCURESTI,Sector 1,Anca Radu,,,,,,"STR. CEASORNICULUI, NR. 17, ET. 3",PEPCO RETAIL,ADRESE_2000,1
384,ADRESE_2000,PERFECT CARE DISTRIBUTION SRL,BUCURESTI,Sector 3,Mihnea Mihalache,,,,,,"STR.LT. NICOLAE PASCU, NR 4, BL, R2, SC, A, AP. 24",PERFECT CARE DISTRIBUTION,ADRESE_2000,1
385,ADRESE_2000,PERNOD RICARD,BUCURESTI,Sector 3,Gen. Tudor Furir,,,,,,"B-DUL CORNELIU COPOSU, NR. 6-8",PERNOD RICARD,ADRESE_2000,1
386,ADRESE_2000,PFIZER ROMANIA SRL,BUCURESTI,Sector 1,Mirela Iordan,,,,,,"SOS. BUC-PLOIESTI, NR. 172-176, ET. 5, BL. B",PFIZER ROMANIA,ADRESE_2000,1
387,ADRESE_2000,PHILIPS ROMANIA,BUCURESTI,Sector 2,,,,,,,"SOSEAUA PIPERA, NR. 46D-56E-48, ETAJ 2, CLADIREA OREGON C",PHILIPS ROMANIA,ADRESE_2000,1
388,ADRESE_2000,PHM COMSERV,BUCURESTI,Sectorul 4,Eduard Georgescu,,,,,,"SOS. BERCENI, NR 8, CORP C 11",PHM COMSERV,ADRESE_2000,1
389,ADRESE_2000,PIGNA ROMANIA,BUCURESTI,Sector 6,,,,,,,"B-DUL TIMISOARA, NR. 84",PIGNA ROMANIA,ADRESE_2000,1
390,ADRESE_2000,PINUM DOORS & WINDOWS SRL,BUCURESTI,Sector 2,Francesco Curcio,,,,,,"SOSEAUA PIPERA, NR. 48, ET. 2",PINUM DOORS WINDOWS,ADRESE_2000,1
391,ADRESE_2000,PLANA INNOVA,BUCURESTI,Sector 1,,,,,,,"STR ION OTELESTEANU, NR 3A",PLANA INNOVA,ADRESE_2000,1
392,ADRESE_2000,PLENERG SRL,BUCURESTI,Sector 3,Athanasios Efthymiopoulos,,,,,,"STR. LIVIU REBREANU, NR. 4, ET. 2",PLENERG,ADRESE_2000,1
393,ADRESE_2000,POLICOLOR,BUCURESTI,Sector 6,Cornelia Mioara Oancea,,,,,,"B-DUL TIMISOARA, NR. 98",POLICOLOR,ADRESE_2000,1
394,ADRESE_2000,POPP & ASOCIATII INGINERIE GEOTEHNICA,BUCURESTI,Sector 1,Dragos Andrei - Marcu,,,,,,"CALEA GRIVITEI, NR. 136, CORP B",POPP ASOCIATII INGINERIE GEOTEHNICA,ADRESE_2000,1
395,ADRESE_2000,PORR BAU GMBH,BUCURESTI,Sector 2,Cojocaru Ana Maria,,,,,,"STR. DIMITRIE POMPEIU NR. 5-7, ET. 3, CAM. A.3.28",PORR BAU GMBH,ADRESE_2000,1
396,ADRESE_2000,PORR CONSTRUCT SRL,BUCURESTI,Sector 2,Vladimir Spirescu,,,,,,"STR. DIMITRIE POMPEIU NR. 5-7, ET. 3, SP. A",PORR CONSTRUCT,ADRESE_2000,1
397,ADRESE_2000,PORTER NOVELLI,BUCURESTI,Sector 1,Mihai Sorina,,,,,,"STR. PRAGA NR. 3, ET. 1",PORTER NOVELLI,ADRESE_2000,1
398,grecia,PPC ADVANCED ENERGY SERVICES ROMANIA SRL,BUCURESTI,Sectorul 3,Georgios Karakousis,contactexro@enel.com,enelxromania@enel.com,,,35005190,"BDUL. MIRCEA VODA, NR. 30",PPC ADVANCED ENERGY SERVICES ROMANIA,grecia,1
399,grecia,PPC ENERGIE MUNTENIA SA,BUCURESTI,Sectorul 3,Popa Virgil,contactee.ro@enel.com,receptie.buc.a@enel.com,,,16460650,"BDUL. MIRCEA VODA, NR. 30",PPC ENERGIE MUNTENIA,grecia,1
400,grecia,PPC ENERGIE SA,BUCURESTI,Sectorul 3,Metes Calin Adrian,contacteem.ro@enel.com,info.ro@enel.com,,,14892570,"BDUL. MIRCEA VODA, NR. 30",PPC ENERGIE,grecia,1
401,grecia,PPC RENEWABLES ROMANIA SRL,BUCURESTI,Sectorul 3,Konstantinos Mavros,egpr-em.ro@enel.com,presa.ro@enel.com,,,18320910,"BDUL. MIRCEA VODA, NR. 30",PPC RENEWABLES ROMANIA,grecia,1
402,ADRESE_2000,PPG ROMANIA,BUCURESTI,Sector 3,Gabriel Valentin Enache,,,,,,"STR. CATANOAIA, NR. 33",PPG ROMANIA,ADRESE_2000,1
403,ADRESE_2000,PREMIUM LUBRICANTS SA,BUCURESTI,Sector 1,Valentin Ionescu,,,,,,"CALEA FLOREASCA, NR. 169 A, CLADIRE A, ET. 7",PREMIUM LUBRICANTS,ADRESE_2000,1
404,ADRESE_2000,PREMIUM PORC GROUP,BUCURESTI,Sector 2,Claudiu Sergiu Mititelu,,,,,,"B-DUL DIMITRIE POMPEIU, NR. 5-7, CALDIRE C, ET. 1, HERMES BUSINESS CAMPUS",PREMIUM PORC GROUP,ADRESE_2000,1
405,ADRESE_2000,PRIAEVENTS,BUCURESTI,Sector 3,Raluca Voivozeanu,,,,,,"STR DANIEL BARCIANU, NR 14A",PRIAEVENTS,ADRESE_2000,1
406,ADRESE_2000,PRIMAVERA DEVELOPMENT,BUCURESTI,Sector 1,,,,,,,"STR SIRIULUI, NR 22-26, ET 6, CSDA SIRIULUI",PRIMAVERA DEVELOPMENT,ADRESE_2000,1
407,ADRESE_2000,PRIME INSOLV PRACTICE SPRL,BUCURESTI,Sector 1,Manolache-Onofrei Tatiana,,,,,,"B-DUL AVIATORILOR, NR.52, PARTER, AP. 1-2",PRIME INSOLV PRACTICE SPRL,ADRESE_2000,1
408,grecia,PRIMO PROD SRL,BUCURESTI,Sectorul 4,Trifu Monica Madalina,primoprod@gmail.com,,,,887430,"STR. ODEI, NR. 70B",PRIMO PROD,grecia,1
409,ADRESE_2000,PRIMUS AUTO SRL,BUCURESTI,Sector 1,Lavinia-Ana-Maria Spandonide,,,,,,"SOS. BUCURESTI-PLOIESTI, NR. 165-169",PRIMUS AUTO,ADRESE_2000,1
410,ADRESE_2000,PRINT GROUP SERV SRL,BUCURESTI,Sector 2,Irina Iacob,,,,,,"STR. BAICULUI, NR. 82, CLADIREA ELECTROINDUSTRIAL, ETAJ 3",PRINT GROUP SERV,ADRESE_2000,1
411,ADRESE_2000,PRISUM INTERNATIONAL TRADING CO SRL,BUCURESTI,Sector 6,Carmen Diana Ivan,,,,,,"CALEA PLEVNEI, NR. 146",PRISUM INTERNATIONAL TRADING CO,ADRESE_2000,1
412,ADRESE_2000,PRO MANAGEMENT INSOLV I.P.U.R.L,BUCURESTI,Sector 3,Irina Marin,,,,,,"B-DUL O. GOGA, NR. 23, BL. M 106, SC. 3, AP. 72",PRO MANAGEMENT INSOLV I P U R L,ADRESE_2000,1
413,ADRESE_2000,PROBSTDORFER SAATZUCHT ROMANIA SRL,BUCURESTI,Sector 1,Berca Mihai,,,,,,"STR. SIRIULUI, NR. 20, CORP B, ET. 1",PROBSTDORFER SAATZUCHT ROMANIA,ADRESE_2000,1
414,ADRESE_2000,PROCEMA IMOB SRL,BUCURESTI,Sector 1,Creteanu Simona Marilena,,,,,,"CALEA GRIVITEI, NR. 136",PROCEMA IMOB,ADRESE_2000,1
415,ADRESE_2000,PROCESS SOLUTIONS,BUCURESTI,Sector 1,Gabor Ferenc,,,,,,"STR POLONA, NR 68-72, POLONA 68 BUSINESS CENTER",PROCESS SOLUTIONS,ADRESE_2000,1
416,ADRESE_2000,PROCREDIT BANK,BUCURESTI,Sector 1,Rainer Peter Ottenstein,,,,,,"STR. BUZESTI, NR. 62-64",PROCREDIT BANK,ADRESE_2000,1
417,ADRESE_2000,PROCTER & GAMBLE DISTRIBUTION SRL,BUCURESTI,Sector 2,Antoine Brun,,,,,,"B-DUL DIMITRIE POMPEIU, NR. 9-9A, BL. CLADIREA2A",PROCTER GAMBLE DISTRIBUTION,ADRESE_2000,1
418,ADRESE_2000,PRODAM CO,BUCURESTI,Sector 6,Ion Panait,,,,,,"B-DUL IULIU MANIU, NR. 71",PRODAM CO,ADRESE_2000,1
419,grecia,PROFILCO RO SRL,BUCURESTI,Sectorul 6,Athanasopoulos Dimitrios,office@profilco-romania.ro,timisoara@profilco-romania.ro,,,18030870,"BDUL. PRECIZIEI, NR. 30",PROFILCO RO,grecia,1
420,ADRESE_2000,PROGRAPHIC ARHITECTURE STUDIO,BUCURESTI,Sector 1,Stefan Alberto Bianco,,,,,,"CALEA FLOREASCA NR. 141-143, ETAJ 2",PROGRAPHIC ARHITECTURE STUDIO,ADRESE_2000,1
421,ADRESE_2000,PROMPT SERVICE TOTAL,BUCURESTI,Sector 2,,,,,,,"STR CLAUDIU, NR 22, AP 1",PROMPT SERVICE TOTAL,ADRESE_2000,1
422,ADRESE_2000,PROPAGANDA CREATIVE SERVICES,BUCURESTI,Sector 2,Tuluca Adrian,,,,,,"STR. CAIMATEI, NR. 10, CORP A, MANSARDA, AP. 34",PROPAGANDA CREATIVE SERVICES,ADRESE_2000,1
423,ADRESE_2000,PROPAGANDA MARKETING RESOURCE,BUCURESTI,Sector 2,Nicolae Adrian Tuluca,,,,,,"STR. CAIMATEI, NR. 10, CORP A, ET. 1, AP. 18",PROPAGANDA MARKETING RESOURCE,ADRESE_2000,1
424,ADRESE_2000,PROPERTY PARTNERS REAL ESTATE SERVICES,BUCURESTI,Sector 1,Christopher Shonn,,,,,,"STR. CRINULUI, NR. 20-24",PROPERTY PARTNERS REAL ESTATE SERVICES,ADRESE_2000,1
425,ADRESE_2000,PROVIDENT FINANCIAL ROMANIA,BUCURESTI,Sector 4,Irina Baetelu,,,,,,"STR. SERBAN VODA, NR. 133, CORP A, ET. 1",PROVIDENT FINANCIAL ROMANIA,ADRESE_2000,1
426,ADRESE_2000,PRUTUL SA,BUCURESTI,Sector 1,Marian Andreev,,,,,,"STR. TEHERAN, NR. 2, ET. 6",PRUTUL,ADRESE_2000,1
427,ADRESE_2000,PUBLICIS GROUPE MEDIA BUCHAREST,BUCURESTI,Sector 1,Stefan Iordache,,,,,,"STR. NICOLAE IORGA, NR. 13, ET. 1, CORP A",PUBLICIS GROUPE MEDIA BUCHAREST,ADRESE_2000,1
428,ADRESE_2000,PUBLICIS ROMANIA,BUCURESTI,Sector 1,Teddy Teodorescu,,,,,,"STR. NICOLAE IORGA, NR. 13, CORP A, ET. 1",PUBLICIS ROMANIA,ADRESE_2000,1
429,ADRESE_2000,PULS MEDICA SA,BUCURESTI,Sector 2,Adina Luca,,,,,,"INTRAREA SPATARULUI, NR. 3, AP. 10",PULS MEDICA,ADRESE_2000,1
430,ADRESE_2000,PWC ROMANIA,BUCURESTI,Sector 1,Diana Coroaba,,,,,,"BULEVARDUL POLIGRAFIEI, NR. 1A",PWC ROMANIA,ADRESE_2000,1
431,ADRESE_2000,PZP ARHITECTURA,BUCURESTI,Sector 1,,,,,,,"STR. ION BREZOIANU, NR.23-25, CLADIREA B, ET. 3",PZP ARHITECTURA,ADRESE_2000,1
432,ADRESE_2000,Q MAX BUSINESS CONSULTING SRL,BUCURESTI,Sector 1,,,,,,,"STR GRIGORE MORA, NR 6",Q MAX BUSINESS CONSULTING,ADRESE_2000,1
433,ADRESE_2000,QUADRA ESTATE,BUCURESTI,Sector 3,,,,,,,"STR ALEXANDRU SIHLEANU, NR 12",QUADRA ESTATE,ADRESE_2000,1
434,ADRESE_2000,QUADRANT AMROQ BEVERAGES SR QUADRANT,BUCURESTI,Sector 4,Dragusin Daniel,,,,,,"CALEA VACARESTI, NR. 391, ET. 4, SECT. 1",QUADRANT AMROQ BEVERAGES SR QUADRANT,ADRESE_2000,1
435,ADRESE_2000,QUALITY CROPS AGRO SRL,BUCURESTI,Sector 1,Coronado Manuel Jorge,,,,,,"STR. JEAN MONNET, NR. 37-39, ET. 1, AP. 4",QUALITY CROPS AGRO,ADRESE_2000,1
436,ADRESE_2000,QUARSIS CONSULTING SRL,BUCURESTI,Sector 4,Marius Antonesi,,,,,,"STR BALTITA, NR. 7, Bl. B34, SC. 3, AP. 36",QUARSIS CONSULTING,ADRESE_2000,1
437,ADRESE_2000,RABBIT MEDIA SRL,BUCURESTI,Sector 4,Nicoleta Galatanu,,,,,,"STR ALUNISULUI, NR. 37",RABBIT MEDIA,ADRESE_2000,1
438,ADRESE_2000,RADACINI MOTORS SRL,BUCURESTI,Sector 6,Madadi Ali,,,,,,"B-DUL TIMISOARA, NR. 18",RADACINI MOTORS,ADRESE_2000,1
439,ADRESE_2000,RADCOM SA,BUCURESTI,Sector 2,Benescu Dragos,,,,,,"STR. GEORGE CONSTANTINESCU, NR. 2 C, ET. 5-6",RADCOM,ADRESE_2000,1
440,ADRESE_2000,RAIFFEISEN BROKER ASIGURARE,BUCURESTI,Sector 1,Angelina Enache,,,,,,"CALEA FLOREASCA, NR. 246 D, ET. 6, ZONA C",RAIFFEISEN BROKER ASIGURARE,ADRESE_2000,2
441,ADRESE_2000,RAN EVENTS,BUCURESTI,Sector 1,,,,,,,"MIHAI EMINESCU NR 90, ETAJ 4",RAN EVENTS,ADRESE_2000,2
442,ADRESE_2000,RANDSTAD STAFFING SRL,BUCURESTI,Sector 2,,,,,,,BULEVARDUL DACIA NR 153-155,RANDSTAD STAFFING,ADRESE_2000,2
443,ADRESE_2000,RASCI,BUCURESTI,Sector 1,Diana Mereu,,,,,,"STR. NICOLAE IORGA, NR. 5, ET.2, AP. 4",RASCI,ADRESE_2000,2
444,ADRESE_2000,RASIROM,BUCURESTI,Sector 2,Laurentiu Trocan,,,,,,STR. PINUL ALB NR. 3,RASIROM,ADRESE_2000,2
445,ADRESE_2000,RCS & RDS SA,BUCURESTI,Sector 5,Serghei Bulgac,,,,,,"STR. STAICOVICI, NR. 75, ET. 2, FORUM 2000 BUILDING",RCS RDS,ADRESE_2000,1
446,ADRESE_2000,REAL - SOL,BUCURESTI,Sector 1,Shimon Galon,,,,,,"SOS. BUCURESTI-PLOIESTI, NR. 172-176,, CLADIREA. A, ET. 1",REAL SOL,ADRESE_2000,1
447,ADRESE_2000,REC IMMPULS SRL,BUCURESTI,Sector 1,Alexandru Tudor Popp,,,,,,"CALEA GRIVITEI, NR. 82-98, ET. 1, BIR. E1.27, CORP PODIUM",REC IMMPULS,ADRESE_2000,1
448,ADRESE_2000,RECKITT BENCKISER SRL,BUCURESTI,Sector 1,Tisaianu Roxana,,,,,,"B-DUL IANCU DE HUNEDOARA, NR. 48, ET. 11, CRISTAL TOWER",RECKITT BENCKISER,ADRESE_2000,1
449,ADRESE_2000,RECORDATI ROMANIA SRL,BUCURESTI,Sector 5,Franciszek Witold Urban,,,,,,"STR. IZVOR, NR 92-96, ETAJ 4",RECORDATI ROMANIA,ADRESE_2000,1
450,ADRESE_2000,REFF & PARTNERS,BUCURESTI,Sector 1,Alexandru Reff,,,,,,"CALEA GRIVITEI, NR. 82-98, ET. 14,, MARK TOWER",REFF PARTNERS,ADRESE_2000,1
451,ADRESE_2000,REGINA MARIA (CENTRU MEDICAL UNIREA),BUCURESTI,Sector 1,Hadi Rahimian,,,,,,"B-DUL ION IONESCU DE LA BRAD, NR. 58 B",REGINA MARIA CENTRU MEDICAL UNIREA,ADRESE_2000,1
452,grecia,RETELE ELECTRICE MUNTENIA SA,BUCURESTI,Sectorul 3,Apostu Andreea,reclamatii.muntenia@e-distributie.com,alina-florentina.leonte@e-distributie.com,,,2134250,"BDUL. MIRCEA VODA, NR. 30",RETELE ELECTRICE MUNTENIA,grecia,1
453,ADRESE_2000,ROADHILL AUTOMOTIVE SRL,BUCURESTI,Sector 3,Dan Albert Goldner,,,,,,"STR. VICTOR BRAUNER, NR. 40 K",ROADHILL AUTOMOTIVE,ADRESE_2000,1
454,ADRESE_2000,ROBERT BOSCH SRL,BUCURESTI,Sector 1,Boldijar Mihai,,,,,,"STR. HORIA MACELARIU, NR. 30-34",ROBERT BOSCH,ADRESE_2000,1
455,ADRESE_2000,ROCA INVESTMENTS,BUCURESTI,,Rudolf Vizental,,,,,,"STRADA GARA HERASTRAU, NR. 4, ET. 3, CLADIREA A",ROCA INVESTMENTS,ADRESE_2000,1
456,ADRESE_2000,ROCHE ROMANIA SRL,BUCURESTI,Sector 1,Nora Galli (Country Manager),,,,,,"B-DUL POLIGRAFIEI, NR. 1 A, ET. 15",ROCHE ROMANIA,ADRESE_2000,2
457,ADRESE_2000,ROCK STAR CONSTRUCT SRL,BUCURESTI,Sector 1,Mariana Bradescu,,,,,,"ALEEA TEISANI, NR. 137 A",ROCK STAR CONSTRUCT,ADRESE_2000,1
458,ADRESE_2000,ROCKWOOL ROMANIA SRL,BUCURESTI,Sector 1,Popescu Florin,,,,,,"SOS. BUCURESTI-PLOIESTI, NR 1A, ETAJ 1",ROCKWOOL ROMANIA,ADRESE_2000,1
459,ADRESE_2000,RODBUN GRUP SA,BUCURESTI,Sector 6,Iancu Alexandru Luchian,,,,,,"B-DUL TIMISOARA, NR. 26, ET. 1, PLAZA ROMANIA OFFICES",RODBUN GRUP,ADRESE_2000,1
460,ADRESE_2000,ROFMA,BUCURESTI,Sector 1,Cristian Vasiliu,,,,,,"BULEVARDUL LASCAR CATARGIU, NR. 47-53, EUROPE HOUSE, ET 2",ROFMA,ADRESE_2000,1
461,ADRESE_2000,ROGALSKI DAMASCHIN PUBLIC RELATIONS,BUCURESTI,Sector 1,Mihnea Pana,,,,,,"B-DUL MARESAL AVERESCU, NR. 15 B/C, ET 2",ROGALSKI DAMASCHIN PUBLIC RELATIONS,ADRESE_2000,1
462,ADRESE_2000,ROHDE & SCHWARZ TOPEX SA,BUCURESTI,Sector 2,Gabriel Ionescu,,,,,,"STR. B-DUL DIMITRIE POMPEIU, NR. 9-9A, PARTER, IRIDE BUSINESS PARK",ROHDE SCHWARZ TOPEX,ADRESE_2000,1
463,ADRESE_2000,ROM ENERGY ARMSTRONG,BUCURESTI,Sector 1,Ionita Dan,,,,,,"STR. BARAJUL ARGES, NR. 41, ET. P, AP. 3C",ROM ENERGY ARMSTRONG,ADRESE_2000,1
464,ADRESE_2000,ROMANIA GREEN BUILDING COUNCIL,BUCURESTI,Sector 1,Andrei Botis,,,,,,"STR ARGENTINA, NR. 43",ROMANIA GREEN BUILDING COUNCIL,ADRESE_2000,1
465,ADRESE_2000,ROMANIA SOTHEBY S INTERNATIONAL,BUCURESTI,Sector 1,Monica Barbu,,,,,,"STR. C. A. ROSETTI, NR. 5, CORP A, CAM. 42-47",ROMANIA SOTHEBY S INTERNATIONAL,ADRESE_2000,1
466,ADRESE_2000,ROMASTRU TRADING SRL,BUCURESTI,Sector 1,Ionita Cristian Bota,,,,,,"STR. BIHARIA, NR. 67-77, ET. 2, CLADIREA D, METAV BUSINESS PARK",ROMASTRU TRADING,ADRESE_2000,1
467,ADRESE_2000,ROMCONSULTING INTERNATIONAL SRL,BUCURESTI,Sector 1,Manailescu Amelia,,,,,,"STR. GHETARILOR, NR. 15, ET. 5",ROMCONSULTING INTERNATIONAL,ADRESE_2000,1
468,ADRESE_2000,ROMEPS,BUCURESTI,Sector 6,Mihail-Catalin Stefan,,,,,,"STR IULIU MANIU, NR 598",ROMEPS,ADRESE_2000,1
469,ADRESE_2000,ROMINSOLV SPRL,BUCURESTI,Sector 3,Gheorghe Pipera,,,,,,"SPLAIUL UNIRII, NR. 223, ETAJ 4",ROMINSOLV SPRL,ADRESE_2000,1
470,ADRESE_2000,ROMKATEL,BUCURESTI,Sector 5,Wolfgang Jochen Christia Vogt,,,,,,"STR IZVOR, NR 92-96, CLADIREA FORUM III, ET 4",ROMKATEL,ADRESE_2000,1
471,ADRESE_2000,ROMPETROL DOWNSTREAM,BUCURESTI,Sector 1,Arlan Shabdarbayev,,,,,,"P-TA PRESEI LIBERE, NR. 3-5, ET. 2, CITY GATE NORTHERN TOWER",ROMPETROL DOWNSTREAM,ADRESE_2000,1
472,ADRESE_2000,ROMPREST ENERGY SRL,BUCURESTI,Sector 1,Cristinel Nicolae Marinescu,,,,,,"B-DUL POLIGRAFIEI, NR. 1C, ET. 2, BIR. 10",ROMPREST ENERGY,ADRESE_2000,1
473,ADRESE_2000,ROMSTAL IMEX SRL,BUCURESTI,Sector 4,Mihail Alexandru Petrescu,,,,,,"SOS. VITAN BIRZESTI, NR. 11 A",ROMSTAL IMEX,ADRESE_2000,1
474,ADRESE_2000,ROMTEHNICA,BUCURESTI,Sector 6,Director General Nicolae Nasta,,,,,,BULEVARDUL TIMISOARA NR. 5C,ROMTEHNICA,ADRESE_2000,1
475,ADRESE_2000,ROSIA MONTANA GOLD CORPORATION,BUCURESTI,Sector 1,Dragos Tanase,,,,,,"STR. HERASTRAU, NR.17",ROSIA MONTANA GOLD CORPORATION,ADRESE_2000,1
476,ADRESE_2000,ROTARY CONSTRUCTII,BUCURESTI,Sector 3,Mihai Leonard Rotaru,,,,,,STR. LUCIAN BLAGA NR. 4,ROTARY CONSTRUCTII,ADRESE_2000,1
477,ADRESE_2000,ROVERE MOBILI,BUCURESTI,Sector 1,Ariana Badin,,,,,,"SOSEAUA BUCURESTI-PLOIESTI, NR. 42-44, PARTER, CLADIREA B, (ARIPA B2)",ROVERE MOBILI,ADRESE_2000,1
478,ADRESE_2000,ROVIGO SPRL,BUCURESTI,Sector 1,Deleanu Vasile,,,,,,"STR. MARESAL JOSEF PILSUDSKI, NR.2",ROVIGO SPRL,ADRESE_2000,1
479,ADRESE_2000,ROWE ROMANIA SALES AND DISTRIBUTION SRL,BUCURESTI,Sector 3,Constantin Liviu Danila,,,,,,"STR DRUMETULUI, NR 57, ET. 2",ROWE ROMANIA SALES AND DISTRIBUTION,ADRESE_2000,1
480,ADRESE_2000,RURAL OLTENIA SRL,BUCURESTI,Sector 1,Le Bomin Diana,,,,,,"STR. HENRI COANDA, NR. 27, ET. 3, CAM 14",RURAL OLTENIA,ADRESE_2000,1
481,ADRESE_2000,RUSTLER PROPERTY SERVICES,BUCURESTI,Sector 1,State Daniel Silviu,,,,,,"STR. DIONISIE LUPU, NR. 64-66, CORP A, ET. 2, ASTORIA BUSINESS CENTER",RUSTLER PROPERTY SERVICES,ADRESE_2000,1
482,grecia,S 800 CUSTOMER SERVICE PROVIDER SRL,BUCURESTI,Sectorul 5,Axenie Andreea Cosmina,info@teleperformance.ro,office@teleperformance.ro,,,13304410,"BDUL. TUDOR VLADIMIRESCU, NR. 22",S 800 CUSTOMER SERVICE PROVIDER,grecia,1
483,ADRESE_2000,SAATEN UNION,BUCURESTI,Sector 2,Mihai Miritescu,,,,,,"STR. GEN. PRAPORGESCU, NR. 1-5, ET. 2",SAATEN UNION,ADRESE_2000,1
484,ADRESE_2000,SAFIR '94 IMPEX SRL,BUCURESTI,Sector 5,Alecu Marian,,,,,,"SOSEAUA PANDURI, NR. 3, Bl. P32 Sc. 1 Et. 3 Ap. 11",SAFIR 94 IMPEX,ADRESE_2000,1
485,ADRESE_2000,SAINT-GOBAIN RIGIPS ROMANIA,BUCURESTI,Sector 2,Pascutiu Adrian Ovidiu,,,,,,"SOSEAUA PIPERA NR 43, FLOREASCA PARK, CORP A, ET. 3, BIR. 25-41",SAINT GOBAIN RIGIPS ROMANIA,ADRESE_2000,1
486,ADRESE_2000,SAMCO SA,BUCURESTI,Sector 6,Tudosie Mihail,,,,,,BULEVARDUL PRECIZIEI NR. 13-15,SAMCO,ADRESE_2000,1
487,ADRESE_2000,SAMSUNG ELECTRONICS ROMANIA SRL,BUCURESTI,Sector 1,Tiberiu Dobre,,,,,,"SOS. BUCURESTI-PLOIESTI, NR 172-176, ET. 5, WILLBROOK PLATINUM BUSINESS, , CLADIREA A",SAMSUNG ELECTRONICS ROMANIA,ADRESE_2000,1
488,ADRESE_2000,SANADOR SRL,BUCURESTI,Sector 1,Herghelegiu Doru,,,,,,"STR. DR. IACOB FELIX, NR 32",SANADOR,ADRESE_2000,1
489,ADRESE_2000,SANOFI ROMANIA SRL,BUCURESTI,Sector 2,Corina Bunduc,,,,,,"STR. GARA HERASTRAU, NR. 4, ET. 8-9",SANOFI ROMANIA,ADRESE_2000,1
490,grecia,SANTE INTERNATIONAL SA,BUCURESTI,Sectorul 2,Visan Madalina Elena,contact@sante.ro,adriana.veress@sante.ro,,,463070,"SOS. MIHAI BRAVU, NR. 7",SANTE INTERNATIONAL,grecia,1
491,ADRESE_2000,SAP ROMANIA,BUCURESTI,Sector 1,Cristian Popescu,,,,,,"CALEA TIPOGRAFILOR, NR. 11-15,, CLADIREA A 1/LA, ET 2",SAP ROMANIA,ADRESE_2000,1
492,grecia,SARANTIS ROMANIA SA,BUCURESTI,Sectorul 1,Bouras Ioannis,secretariat@sarantisgroup.com,ro-office@sarantisgroup.com,,,34396110,"SOS. BUCURESTI-PLOIESTI, NR. 172-176",SARANTIS ROMANIA,ADRESE_2000;grecia,2
493,ADRESE_2000,SARIS COM 96 SRL,BUCURESTI,Sector 1,Manole Eduard Theodor,,,,,,"STR. PITARUL HRISTACHE, NR. 13-15, ET. 2, CAM. 9",SARIS COM 96,ADRESE_2000,1
494,ADRESE_2000,SBR SOLETANCHE BACHY FUNDATII SRL,BUCURESTI,Sector 1,Sata Lorand Laszlo,,,,,,"STR. TRAIAN, NR. 234, BIROU ILION, ET 6",SBR SOLETANCHE BACHY FUNDATII,ADRESE_2000,2
495,ADRESE_2000,SCANDINAVIAN DESIGN HOUSE ROMANIA,BUCURESTI,Sector 1,Diana-Maria Staicu,,,,,,"SOSEAUA BUCURESTI-PLOIESTI, NR. 44C, GALERIA MOBEXPERT BANEASA",SCANDINAVIAN DESIGN HOUSE ROMANIA,ADRESE_2000,1
496,ADRESE_2000,SCANDO TRADING SRL,BUCURESTI,Sector 5,Octavian Stancu,,,,,,"STR IOVITA NR 23-27, AP 2",SCANDO TRADING,ADRESE_2000,1
497,ADRESE_2000,SCDA INFRASTRUCTURA SRL,BUCURESTI,Sector 2,Stefan Alin Niculae,,,,,,"STR. VIESPARILOR, NR. 51, ET. 2, AP. 1",SCDA INFRASTRUCTURA,ADRESE_2000,1
498,ADRESE_2000,SCHENKER LOGISTICS ROMANIA,BUCURESTI,Sector 5,Adrian Mihaita,,,,,,"CALEA RAHOVEI, NR. 196C",SCHENKER LOGISTICS ROMANIA,ADRESE_2000,1
499,ADRESE_2000,SCHINDLER ROMANIA SRL,BUCURESTI,Sector 6,Ionut Romulus Hatman,,,,,,"STR. PRECIZIEI, NR. 6R, ETAJ 1",SCHINDLER ROMANIA,ADRESE_2000,1
500,ADRESE_2000,SCHLUMBERGER ROMANIA SRL,BUCURESTI,Sector 1,Oarga Ioan- Ciprian,,,,,,"SOSEAUA NICOLAE TITULESCU NR. 4-8, ARIPA DE VEST",SCHLUMBERGER ROMANIA,ADRESE_2000,1
501,ADRESE_2000,SCHNEIDER ELECTRIC ROMANIA SRL,BUCURESTI,Sector 2,Andreea Blenche,,,,,,"STR. GARA HERASTRAU, NR. 4, BL. A, ET. 1",SCHNEIDER ELECTRIC ROMANIA,ADRESE_2000,1
502,ADRESE_2000,SEA ROMANIA SRL,BUCURESTI,Sector 5,Cristian Iulian Mocanu,,,,,,"STRADA PROGRESULUI, NR.110-116",SEA ROMANIA,ADRESE_2000,1
503,ADRESE_2000,SECOM HEALTHCARE SRL,BUCURESTI,Sector 2,Costea Lucia,,,,,,"STR. GARA HERASTRAU, NR. 2, CLADIREA 1, ET. 8, CLADIREA EQUILIBRIUM",SECOM HEALTHCARE,ADRESE_2000,1
504,ADRESE_2000,SENTIENT SRL,BUCURESTI,Sector 1,Victor Croitoru,,,,,,"B-DUL. AVIATORILOR, NR. 63",SENTIENT,ADRESE_2000,1
505,grecia,SEPHORA COSMETICS ROMANIA SA,BUCURESTI,Sectorul 3,Roxana Rasu,office@sephora.ro,fidelitate@sephora.ro,,,361430,"SPL. UNIRII, NR. 165",SEPHORA COSMETICS ROMANIA,grecia,1
506,ADRESE_2000,SERVIER PHARMA SRL,BUCURESTI,Sector 1,Marilena Florentina Banica,,,,,,"STR. TIPOGRAFILOR, NR. 11-15, BL. CORP A1, ET. 3",SERVIER PHARMA,ADRESE_2000,2
507,ADRESE_2000,SHOEBOX PRODUCT ROMANIA SRL,BUCURESTI,Sector 1,Jaramazovic Slobodan,,,,,,"STR. JEAN MONET, NR. 35, AP. 2",SHOEBOX PRODUCT ROMANIA,ADRESE_2000,1
508,ADRESE_2000,SIAD ROMANIA,BUCURESTI,Sector 6,Cristian Rosca,,,,,,"DRUMUL OSIEI, NR. 75-79",SIAD ROMANIA,ADRESE_2000,1
509,grecia,SIDEROM STEEL SRL,BUCURESTI,Sectorul 3,Trakadas Michail,acreanga@siderom.vionet.gr,gneagu@siderom.vionet.gr,,,15240040,"STR. DRUMUL INTRE TARLALE, NR. 42",SIDEROM STEEL,grecia,1
510,ADRESE_2000,SIE ROMANIA,BUCURESTI,Sector 1,Gabriel Vlase,,,,,,"SOS. BUCURESTI-PLOIESTI, NR. 280-282",SIE ROMANIA,ADRESE_2000,1
511,ADRESE_2000,SIEMENS SRL,BUCURESTI,Sector 6,Iulia-Daniela Postolea,,,,,,"STR. PRECIZIEI, NR.24, WEST GATE BUSINESS, ET. 4",SIEMENS,ADRESE_2000,1
512,ADRESE_2000,SIGNIFY ROMANIA SRL,BUCURESTI,Sector 2,Bogdan Balaci,,,,,,"B-DUL BARBU VACARESCU, NR. 301-311, ET. 9/1",SIGNIFY ROMANIA,ADRESE_2000,1
513,ADRESE_2000,SII ROMANIA,BUCURESTI,Sector 5,Eric Matteucci,,,,,,"B-DUL. TIMISOARA, NR. 4 A, ET. 10, AFI PARK 4",SII ROMANIA,ADRESE_2000,1
514,ADRESE_2000,SIMARTIS TELECOM,BUCURESTI,Sector 1,Alexandru Voiculescu,,,,,,"INTRAREA AMZEI, NR. 5, ETAJ 2, AP. 3",SIMARTIS TELECOM,ADRESE_2000,1
515,ADRESE_2000,SINDAN PHARMA SRL,BUCURESTI,Sector 1,Stana Moisescu,,,,,,"B-DUL ION MIHALACHE, NR. 11",SINDAN PHARMA,ADRESE_2000,2
516,ADRESE_2000,SIR GRUP,BUCURESTI,Sector 6,Giza Elena,,,,,,"SOS. ORHIDEELOR, NR. 12 B, HOTEL SIR ORHIDEEA",SIR GRUP,ADRESE_2000,1
517,ADRESE_2000,SIXENSE SOLDATA SAS,BUCURESTI,Sector 1,Garstea Mariana,,,,,,"STR HAGI GHITA, NR. 21A-23",SIXENSE SOLDATA SAS,ADRESE_2000,1
518,ADRESE_2000,SKANSKA CONSTRUCTION ROMANIA,BUCURESTI,Sector 2,Andrada Nut,,,,,,"STR. GARA HERASTRAU, NR. 2-4, ETAJ 3, CLADIREA A, GREEN COURT BUCHAREST",SKANSKA CONSTRUCTION ROMANIA,ADRESE_2000,1
519,ADRESE_2000,SKYLUX CONSTRUCTION SRL,BUCURESTI,Sector 3,Banica Gabriel,,,,,,"STR. MIHAI EMINESCU, NR. 102-104,, ET 5, AP 11",SKYLUX CONSTRUCTION,ADRESE_2000,1
520,ADRESE_2000,SMART ELECTRO DISTRIBUTION SRL,BUCURESTI,Sector 3,Cristina Valentina Dumitra,,,,,,"B-DUL BASARABIA, NR. 256, DEPOZITUL 97 A, COMPLEX INDUSTRIAL FAUR",SMART ELECTRO DISTRIBUTION,ADRESE_2000,1
521,ADRESE_2000,SMART ID DYNAMICS SA,BUCURESTI,Sector 1,Daniel Boangiu,,,,,,"STR. SIRIULUI, NR. 36-40, ET. 2",SMART ID DYNAMICS,ADRESE_2000,1
522,ADRESE_2000,SMART POINT,BUCURESTI,Sector 1,Patrasescu Catalin,,,,,,"STR. HRISTACHE PITARUL, NR. 13-15",SMART POINT,ADRESE_2000,1
523,ADRESE_2000,SMART SA,BUCURESTI,Sector 4,Dir. Mihai Liviu Negoescu,,,,,,"B-DUL GHEORGHE SINCAI, NR. 3, ET. 1, CLADIREA FORMENERG",SMART,ADRESE_2000,1
524,ADRESE_2000,SMARTECH CONSULT SRL,BUCURESTI,Sector 2,Dan Hurezeanu,,,,,,"SOS. PANTELIMON, NR. 229,, BL. 69 SC. 1 ET. 7 AP. 40",SMARTECH CONSULT,ADRESE_2000,1
525,ADRESE_2000,SMARTREE ROMANIA SRL,BUCURESTI,Sector 1,Dan Alexandru Nicolaescu,,,,,,"STR. AV. POPISTEANU, NR. 54 A, BL. 2, ET. 4, EXPO BUSINESS PARK",SMARTREE ROMANIA,ADRESE_2000,1
526,ADRESE_2000,SN NUCLEARELECTRICA SA,BUCURESTI,Sector 1,Cosmin Ghita,,,,,,STR. POLONA NR. 65,SN NUCLEARELECTRICA,ADRESE_2000,1
527,ADRESE_2000,SOCIETATEA ELECTRICA SA,BUCURESTI,Sector 1,Mihai Darie,,,,,,STR. GRIGORE ALEXANDRESCU NR 9,SOCIETATEA ELECTRICA,ADRESE_2000,1
528,ADRESE_2000,SOCIETATEA IOR SA BUCURESTI,BUCURESTI,Sector 3,Oancea Daniel,,,,,,STR. BUCOVINA NR. 4,SOCIETATEA IOR BUCURESTI,ADRESE_2000,1
529,ADRESE_2000,SODEXO PASS ROMANIA SRL,BUCURESTI,Sector 2,Adina Rotileanu,,,,,,"B-DUL DIMITRIE POMPEIU, NR. 9-9A, BL. 19, ET 3, COMPLEX NOVO PARK, CLADIREA G",SODEXO PASS ROMANIA,ADRESE_2000,1
530,grecia,SOF MEDICA SA,BUCURESTI,Sectorul 1,Grigorescu Petruta Cristina,info.ro@sofmedica.com,,,,2865070,"SOS. NICOLAE TITULESCU, NR. 3",SOF MEDICA,ADRESE_2000;grecia,2
531,ADRESE_2000,SOFTELLIGENCE SRL,BUCURESTI,Sector 2,Adrian Blidarus,,,,,,"STR. GARA HERASTRAU, NR. 4D, BL.C, ET. 2",SOFTELLIGENCE,ADRESE_2000,1
532,ADRESE_2000,SOLARIS BUS & COACH ROMANIA,BUCURESTI,Sector 2,Eugen Daniel Ciolan,,,,,,"STR. CORABIA, NR. 5 B",SOLARIS BUS COACH ROMANIA,ADRESE_2000,1
533,ADRESE_2000,SOMACO GRUP PREFABRICATE,BUCURESTI,Sector 1,Miron Sorin,,,,,,"STR. BIHARIA, NR 67-77, ETAJ 2",SOMACO GRUP PREFABRICATE,ADRESE_2000,1
534,ADRESE_2000,SOMACO HOLDING SA,BUCURESTI,Sector 6,Ioan Razvan Buiga,,,,,,"B-DUL TIMISOARA, NR. 92 A, ET. 2",SOMACO HOLDING,ADRESE_2000,1
535,ADRESE_2000,SPECTRUM BRANDS ROMANIA,BUCURESTI,Sector 1,Dan Prisecaru,,,,,,"STR. SIRIULUI, NR. 36-40",SPECTRUM BRANDS ROMANIA,ADRESE_2000,1
536,ADRESE_2000,SPEEH HIDROELECTRICA SA,BUCURESTI,Sector 1,Bogdan Nicolae Badea,,,,,,"BULEVARDUL ION MIHALACHE NR. 15-17, ET. 10, TOWER CENTER",SPEEH HIDROELECTRICA,ADRESE_2000,1
537,ADRESE_2000,SPHERA FRANCHISE GROUP,BUCURESTI,Sector 1,Lucian Hoanca,,,,,,"C ALEA DOROBANTI, NR .239, ETAJ 2",SPHERA FRANCHISE GROUP,ADRESE_2000,1
538,ADRESE_2000,SPITALUL MONZA,BUCURESTI,Sector 2,Dragan Carmen,,,,,,"STR. TONY BULANDRA, NR. 27",SPITALUL MONZA,ADRESE_2000,1
539,ADRESE_2000,SPITALUL REGINA MARIA,BUCURESTI,Sector 1,Hadi Rahimian,,,,,,"PIATA CHARLES DE GAULLE, NR. 15, ET. 4",SPITALUL REGINA MARIA,ADRESE_2000,1
540,ADRESE_2000,SPP ROMANIA,BUCURESTI,Sector 6,Lucian-Silvan Pahontu,,,,,,B-DUL GENIULUI NR. 42 B,SPP ROMANIA,ADRESE_2000,1
541,ADRESE_2000,STALFORT LEGAL,BUCURESTI,Sector 1,Cristiana Stalfort,,,,,,"STR. LT. AV. VASILE FUICA, NR. 15",STALFORT LEGAL,ADRESE_2000,1
542,ADRESE_2000,STARKEY LABORATORIES,BUCURESTI,Sector 2,Valentin Nicolae Stoicescu,,,,,,"STR. GHEORGHE TITEICA, NR. 121 C, ET. 4",STARKEY LABORATORIES,ADRESE_2000,1
543,ADRESE_2000,STEELMET ROMANIA,BUCURESTI,Sector 3,Adriana Marin,,,,,,"STR DRUMUL INTRE TARLALE, NR 42",STEELMET ROMANIA,ADRESE_2000,1
544,ADRESE_2000,STRABAG SRL,BUCURESTI,Sector 5,Marius Adrian Ungureanu,,,,,,"CALEA 13 SEPTEMBRIE, NR 90, ET. 5, CAM. 5. 14",STRABAG,ADRESE_2000,1
545,ADRESE_2000,STRATUM ENERGY ROMANIA LLC,BUCURESTI,Sector 1,Zach Ullah,,,,,,"STR. TIPOGRAFILOR, NR. 11-15, BL. B3, ET.2",STRATUM ENERGY ROMANIA LLC,ADRESE_2000,1
546,ADRESE_2000,STREAM NETWORKS SRL,BUCURESTI,Sector 5,Cristian Breazu,,,,,,"STR. ING. TEODORU, NR. 45",STREAM NETWORKS,ADRESE_2000,1
547,ADRESE_2000,STUDIO 10M ZERVA CROITORU MEDVEDOVICI ARHITECTI ASOCIATI SRL,BUCURESTI,Sector 1,Adrian-Emilian Zerva,,,,,,"B-DUL. ION MIHALACHE, NR. 111 B",STUDIO 10M ZERVA CROITORU MEDVEDOVICI ARHITECTI ASOCIATI,ADRESE_2000,1
548,ADRESE_2000,STUDIO ART CONSTRUCT,BUCURESTI,Sector 1,Ghita Catalin - Florin,,,,,,"STR. ANTON PAVLOVICI CEHOV, NR. 2",STUDIO ART CONSTRUCT,ADRESE_2000,1
549,grecia,SUNMEDAIR TRAVEL & TOURISM SERVICES SRL,BUCURESTI,Sectorul 2,,office@gotravel.ro,marketing@gotravel.ro,,,717310,"STR. LT. ALEXANDRU PAULESCU, NR. 31",SUNMEDAIR TRAVEL TOURISM SERVICES,grecia,1
550,ADRESE_2000,SVN ROMANIA COMMERCIAL REAL ESTATE,BUCURESTI,Sector 1,Ionut Nicolescu,,,,,,"STR. ANDREI MURESANU, NR. 21, ET. 1",SVN ROMANIA COMMERCIAL REAL ESTATE,ADRESE_2000,1
551,ADRESE_2000,SYNERGY CONSTRUCT,BUCURESTI,Sector 2,Catalina Mitrea (Chirica),,,,,,"STR. GARA HERASTRAU, NR. 2, BL. 1, ET. 8",SYNERGY CONSTRUCT,ADRESE_2000,1
552,ADRESE_2000,SYNEVO ROMANIA,BUCURESTI,Sector 2,Stubbington Paul John,,,,,,"B-DUL PACHE PROTOPOPESCU, NR. 81, ETAJ 2",SYNEVO ROMANIA,ADRESE_2000,1
553,grecia,SYNOTECH GLOBAL SERVICES ROMANIA SRL,BUCURESTI,Sectorul 1,Popescu Manuela Carolina,info@synotech.com,office@synotech.com,,,229550,"STR. STIRBEI VODA, NR. 104-106",SYNOTECH GLOBAL SERVICES ROMANIA,grecia,1
554,ADRESE_2000,SYSCOM,BUCURESTI,Sector 3,Valentin Andronache,,,,,,"B-DUL BASARABIA, NR.177",SYSCOM,ADRESE_2000,1
555,ADRESE_2000,SYSCOM DIGITAL,BUCURESTI,Sector 1,Ana Maria Novolan,,,,,,"STR. CARL KNAPPE, NR. 41",SYSCOM DIGITAL,ADRESE_2000,1
556,ADRESE_2000,TAKEDA PHARMACEUTICALS SRL,BUCURESTI,Sector 1,Dominika Kovacs,,,,,,"P-TA PRESEI LIBERE, NR. 3-5, ET. 15",TAKEDA PHARMACEUTICALS,ADRESE_2000,1
557,ADRESE_2000,TARSAGO ROMANIA,BUCURESTI,Sector 3,Saffell Jack,,,,,,"STR. VULTURILOR, NR. 18-18 A, ET. 3",TARSAGO ROMANIA,ADRESE_2000,1
558,ADRESE_2000,TCE AGROSUIND SRL,BUCURESTI,Sector 1,Tarata Mihai,,,,,,"SOSEAUA BUC-PLOIESTI, NR. 172-176, CORP A2, ET.2,, BIR. 6",TCE AGROSUIND,ADRESE_2000,1
559,ADRESE_2000,TCHIBO BRANDS,BUCURESTI,Sector 1,Noemi Varga,,,,,,"CALEA FLOREASCA, NR. 55, ET. 3, AP. SECT. 1",TCHIBO BRANDS,ADRESE_2000,1
560,ADRESE_2000,TEAMNET INTERNATIONAL,BUCURESTI,Sector 6,Bogdan Padiu,,,,,,"B-DUL IULIU MANIU, NR. 7, ET, 2. BIR. 18, CORP Z",TEAMNET INTERNATIONAL,ADRESE_2000,1
561,ADRESE_2000,TECHNOELECTRIC SRL,BUCURESTI,Sector 2,Geanina Simileanu,,,,,,"STR. TORENTULUI, NR. 2",TECHNOELECTRIC,ADRESE_2000,1
562,ADRESE_2000,TECHTEX SRL,BUCURESTI,,Bogdan Mircea Man,,,,,,"SOS. BUC-PLOIESTI, NR. 42-44, CLADIRE B, BANEASA BUSINESS&TECHNOLOGY PARK",TECHTEX,ADRESE_2000,1
563,ADRESE_2000,TECHVENTURES BANK,BUCURESTI,Sector 1,Cristian Nae,,,,,,"STR. D. DANIELOPOLU, NR. 30-33",TECHVENTURES BANK,ADRESE_2000,1
564,ADRESE_2000,TECSA BUSINESS SRL,BUCURESTI,Sector 3,Aydogan Murat,,,,,,"B-DUL DECEBAL, NR. 14, BL. S 6, ET. 4, AP.69",TECSA BUSINESS,ADRESE_2000,1
565,ADRESE_2000,TEHNIC GROUP SAB T.G.S. SRL,BUCURESTI,Sector 4,Sabaru Alexandru Ionut,,,,,,"STR. DUMINICII, NR. 3",TEHNIC GROUP SAB T G S,ADRESE_2000,1
566,ADRESE_2000,TEHNO ELECTRO MEDICAL COMPANY SRL,BUCURESTI,Sector 2,Bogdan Cristian Manea,,,,,,"STR. CALUSEI, NR. 69 A",TEHNO ELECTRO MEDICAL COMPANY,ADRESE_2000,1
567,grecia,TELEKOM ROMANIA MOBILE COMMUNICATIONS SA,BUCURESTI,Sectorul 1,Konstantinos Liamidis,recrutare@telekom.ro,info@burseletelekom.ro,,,8289660,"BDUL. EXPOZITIEI, NR. 1 C",TELEKOM ROMANIA MOBILE COMMUNICATIONS,grecia,1
568,ADRESE_2000,TELETRANS SA,BUCURESTI,Sector 1,Dragos Roibu,,,,,,"STRADA POLONA, NR. 68-72, BUSINESS CENTER",TELETRANS,ADRESE_2000,1
569,grecia,TEMA ENERGY SA,BUCURESTI,Sectorul 2,Manole Mihai Marian,office@tema-energy.ro,iulian.vasile@tema-energy.ro,,,403860,"SOS. VERGULUI, NR. 14A",TEMA ENERGY,ADRESE_2000;grecia,2
570,ADRESE_2000,TEMPERA ADVERTISING,BUCURESTI,Sector 6,Laurentiu Sarghie,,,,,,"B-DUL TIMISOARA, NR. 84, COMPLEX COMET",TEMPERA ADVERTISING,ADRESE_2000,1
571,ADRESE_2000,TEMPO ADVERTISING,BUCURESTI,Sector 1,Grigoriu Corina,,,,,,"STR. GEORGE ENESCU, NR. 11-11 A,, ET. 5, BIR. 8 A",TEMPO ADVERTISING,ADRESE_2000,1
572,ADRESE_2000,TEMPOS SERV SRL,BUCURESTI,Sector 2,Ion Biscu,,,,,,"SOS. STEFAN CEL MARE, NR. 240, BL. 59 A, AP.97",TEMPOS SERV,ADRESE_2000,1
573,ADRESE_2000,TESARO KIT CONSTRUCT,BUCURESTI,Sector 2,Ciprian-Constantin Platon,,,,,,"STR. OLARI, NR 7A, ETAJ 6, CAM. 1",TESARO KIT CONSTRUCT,ADRESE_2000,1
574,ADRESE_2000,TEVA PHARMACEUTICALS SRL,BUCURESTI,Sector 2,Stana Moisescu,,,,,,"STR. DOMNITA RUXANDRA, NR. 12, ET. P,",TEVA PHARMACEUTICALS,ADRESE_2000,1
575,ADRESE_2000,THE HOUSE PR AGENCY,BUCURESTI,Sector 2,Valeria Tudor,,,,,,"B-DUL DIMITRIE POMPEIU, NR. 4-6, PIPERA, GLOBALWORTH CAMPUS A",THE HOUSE PR AGENCY,ADRESE_2000,1
576,ADRESE_2000,THE PUBLIC ADVISORS SRL,BUCURESTI,Sector 2,Simona Liliana Dan,,,,,,"B-DUL DACIA, NR. 99, BIROU 4, ETAJ 3",THE PUBLIC ADVISORS,ADRESE_2000,1
577,ADRESE_2000,THINKDIGITAL INTERNET & ADVERTISING,BUCURESTI,Sector 1,Dragos Stanca,,,,,,"STR. SEVASTOPOL, NR. 17 C, SC. A, AP. 1",THINKDIGITAL INTERNET ADVERTISING,ADRESE_2000,1
578,ADRESE_2000,TIMAC AGRO ROMANIA,BUCURESTI,Sector 2,Catalin Adrian Dragan,,,,,,"B-DUL DIMITRIE POMPEIU, NR. 10 A, ET. 1, BL. CONECT III",TIMAC AGRO ROMANIA,ADRESE_2000,1
579,ADRESE_2000,TINMAR ENERGY SA,BUCURESTI,Sector 1,George Alexandru Oancea,,,,,,"CALEA FLOREASCA, NR. 246 C, ET. 17",TINMAR ENERGY,ADRESE_2000,1
580,ADRESE_2000,TIRIAC AUTO,BUCURESTI,Sector 1,Marius Marian Mihail,,,,,,"B-DUL EXPOZITIEI, NR. 2, BL. C 9",TIRIAC AUTO,ADRESE_2000,1
581,ADRESE_2000,TIRIAC HOLDINGS,BUCURESTI,Sector 1,Petru Vaduva,,,,,,"SOSEAUA NORDULUI, NR. 24-26",TIRIAC HOLDINGS,ADRESE_2000,1
582,ADRESE_2000,TITAN MASINI GRELE,BUCURESTI,Sector 3,Ahmed Abou El Nasr,,,,,,"B-DUL BASARABIA, NR. 250",TITAN MASINI GRELE,ADRESE_2000,1
583,ADRESE_2000,TNT ROMANIA SRL,BUCURESTI,Sector 1,Bogdan Constantin Enache,,,,,,"SOSEAUA BUCURESTI-PLOIESTI, NR 172-176,, PLATINIUM BUSINESS, CLADIREA B, ET 2",TNT ROMANIA,ADRESE_2000,1
584,ADRESE_2000,TONICA GROUP SRL,BUCURESTI,Sector 4,Vlad Anca,,,,,,"B-DUL UNIRII, NR. 15, BL. B3, MEZ, BIR. 8",TONICA GROUP,ADRESE_2000,1
585,ADRESE_2000,TOP LINE EUROPA,BUCURESTI,Sector 4,Diana Baicu,,,,,,"B-DUL REGINA MARIA, NR. 14, ET. 5",TOP LINE EUROPA,ADRESE_2000,1
586,ADRESE_2000,TOTAL PR BUSINESS,BUCURESTI,Sector 1,Mares Constantin - Cosmin,,,,,,"STR EMANOIL PORUMBARU NR 79, PARTER",TOTAL PR BUSINESS,ADRESE_2000,1
587,ADRESE_2000,TOYOTA MATERIAL HANDLING ROMANIA,BUCURESTI,Sector 4,Gabriel Carsofschi,,,,,,"SOS. BERCENI, NR. 104 V",TOYOTA MATERIAL HANDLING ROMANIA,ADRESE_2000,1
588,ADRESE_2000,TPA ROMANIA,BUCURESTI,Sector 1,Alina Cirstea,,,,,,"STR. PROF. GRIGORE COBALCESCU, NR 46",TPA ROMANIA,ADRESE_2000,1
589,ADRESE_2000,TRADEVILLE,BUCURESTI,Sector 3,Mihaela Ioana Biciu,,,,,,"CALEA VITAN, NR. 6 A, BL. B, TRONSON B, ET. 3, PHOENIX TOWER",TRADEVILLE,ADRESE_2000,1
590,ADRESE_2000,TRANS AGROPRODUCT SRL,BUCURESTI,Sector 3,Radu Florian,,,,,,"B-DUL THEODOR PALLADY, NR 23, BL.V10, SC.B, AP. 66",TRANS AGROPRODUCT,ADRESE_2000,1
591,ADRESE_2000,TRANSELECTRICA SA,BUCURESTI,Sector 1,Catalin Nitu,,,,,,"B-DUL G-RAL GH. MAGHERU, NR. 33",TRANSELECTRICA,ADRESE_2000,1
592,ADRESE_2000,TRANSENERGO COM SA,BUCURESTI,Sector 5,Rada Coman,,,,,,"CALEA 13 SEPTEMBRIE, NR. 90, ETAJ 2",TRANSENERGO COM,ADRESE_2000,1
593,ADRESE_2000,TRAVEL COMMUNICATION,BUCURESTI,Sector 4,Razvan Pascu,,,,,,"SPLAIUL UNIRII, NR. 168, CLADIREA T2, AP. 1601",TRAVEL COMMUNICATION,ADRESE_2000,1
594,ADRESE_2000,TRIDENT PHARMA SRL,BUCURESTI,Sector 1,Gabriel Grigore,,,,,,"INTR. SCOALA HERASTRAU, NR.9, ET. 4, AP. 5",TRIDENT PHARMA,ADRESE_2000,1
595,ADRESE_2000,TRUST MOTORS SRL,BUCURESTI,Sector 6,Iacob Andrei Stefan,,,,,,"B-DUL IULIU MANIU, NR. 572-574",TRUST MOTORS,ADRESE_2000,1
596,ADRESE_2000,TRUSTUL DE CLADIRI METROPOLITANE,BUCURESTI,Sector 3,Cristian Hiver,,,,,,"STR. BABA NOVAC, NR. 9",TRUSTUL DE CLADIRI METROPOLITANE,ADRESE_2000,1
597,ADRESE_2000,TU AGRAR FARM SRL,BUCURESTI,Sector 6,Curelaru Florin,,,,,,"BULEVARDUL TIMISOARA, NR. 26,, PLAZZA ROMANIA OFFICES",TU AGRAR FARM,ADRESE_2000,1
598,ADRESE_2000,UIPATH SRL,BUCURESTI,Sector 1,Roxana Ivan,,,,,,"STR.VASILE ALECSANDRI, NR 4 SI 11, ET 5-6",UIPATH,ADRESE_2000,1
599,ADRESE_2000,UNGER STEEL BUILDINGS SRL,BUCURESTI,Sector 6,Mihai Krammer,,,,,,"B-DUL IULIU MANIU, NR. 600 A",UNGER STEEL BUILDINGS,ADRESE_2000,1
600,ADRESE_2000,UNICREDIT BANK,BUCURESTI,Sector 1,Philipp Gamauf,,,,,,"B-DUL EXPOZITIEI, NR. 1F",UNICREDIT BANK,ADRESE_2000,1
601,ADRESE_2000,UNIFARM SA,BUCURESTI,Sector 1,Adrian Bogdan Ghenciu,,,,,,"STR. AV. STEFAN SANATESCU, NR. 48A,",UNIFARM,ADRESE_2000,1
602,ADRESE_2000,UNIQUA ASIGURARI,BUCURESTI,Sector 1,Paul Cazacu,,,,,,"STR. NICOLAE CARAMFIL, NR. 25, ET. 2-5",UNIQUA ASIGURARI,ADRESE_2000,1
603,ADRESE_2000,UNITED MARKETING PARTNER,BUCURESTI,Sector 5,Dan Cirstea,,,,,,"STR. DR. FLOREA TEODORESCU, NR 2",UNITED MARKETING PARTNER,ADRESE_2000,1
604,ADRESE_2000,UNITED MEDIA SERVICES,BUCURESTI,Sector 1,Dana Bulat,,,,,,"STR. N. TITULESCU, NR. 4-8, ET.7, SP. II, AMERICA HOUSE, ARIPA VEST",UNITED MEDIA SERVICES,ADRESE_2000,1
605,ADRESE_2000,UNITY GROUP,BUCURESTI,Sector 1,Ciprian Dron,,,,,,"STR. AV. GHE. STALPEANU, NR. 13",UNITY GROUP,ADRESE_2000,1
606,ADRESE_2000,UNIVERSAL SOLUTION SRL,BUCURESTI,Sector 2,Elvira Munteanu,,,,,,"STR. POPA PETRE, NR. 5, ET. 3, CAM. 2",UNIVERSAL SOLUTION,ADRESE_2000,1
607,ADRESE_2000,UNIVERSAL TRANSPORT SPEDITION,BUCURESTI,Sector 2,Nicolae Laurentiu Adrian,,,,,,"SOS. BERCENI, NR. 104 F, BL. C3, CAM.1",UNIVERSAL TRANSPORT SPEDITION,ADRESE_2000,1
608,ADRESE_2000,UNPIR BUCURESTI,BUCURESTI,Sector 3,Catalin Andrei Dascal,,,,,,"STR. VULTURILOR, NR. 23, ET. 3",UNPIR BUCURESTI,ADRESE_2000,1
609,ADRESE_2000,UPONOR ROMANIA,BUCURESTI,Sector 4,Ionut Cabuz,,,,,,"SPLAIUL UNIRII, 76, PARTER",UPONOR ROMANIA,ADRESE_2000,1
610,ADRESE_2000,UPSWING,BUCURESTI,Sector 2,Radu Marcusu,,,,,,"B-DUL DIMITRIE POMPEIU, NR. 5-7, ET. 3",UPSWING,ADRESE_2000,1
611,ADRESE_2000,UTI GRUP SA,BUCURESTI,Sector 2,Razvan Petrescu,,,,,,"STR. VASILE LASCAR, NR. 31",UTI GRUP,ADRESE_2000,1
612,ADRESE_2000,UZINSIDER GENERAL CONTRACTOR,BUCURESTI,Sector 3,Costica Mustata,,,,,,"BULEVARDUL CAROL I, NR. 12",UZINSIDER GENERAL CONTRACTOR,ADRESE_2000,2
613,ADRESE_2000,V+O COMMUNICATION ROMANIA,BUCURESTI,Sector 1,Loredana Visa,,,,,,"STR. HRISTACHE PITARU, NR. 30",V O COMMUNICATION ROMANIA,ADRESE_2000,1
614,ADRESE_2000,VALDOMEDICA TRADING SRL,BUCURESTI,Sector 6,Valentin Dobre,,,,,,"STR. EFTIMIE Z. CROITORU, NR 32, ETAJ PARTER",VALDOMEDICA TRADING,ADRESE_2000,1
615,ADRESE_2000,VALOR SPRL,BUCURESTI,Sector 1,Marcu Alexandru-Florin,,,,,,"STR. ION CAMPINEANU,NR.31, BL.4, SC.2, AP.20",VALOR SPRL,ADRESE_2000,1
616,ADRESE_2000,VALORIA BUSINESS SOLUTIONS,BUCURESTI,Sector 2,Gabriela Streza,,,,,,"STR GHEORGHE TITEICA, NR 188 A",VALORIA BUSINESS SOLUTIONS,ADRESE_2000,1
617,ADRESE_2000,VALTEC PREMIUM LUBRICANTS SRL,BUCURESTI,Sector 1,Ionut Herzberg,,,,,,"SOS. ODAII, NR. 105-107",VALTEC PREMIUM LUBRICANTS,ADRESE_2000,1
618,ADRESE_2000,VAPRO ROMANIA,BUCURESTI,Sector 1,Irina Zugravu,,,,,,"STR HERASTRAU, NR 1, ET 6",VAPRO ROMANIA,ADRESE_2000,1
619,ADRESE_2000,VAUBAN ROMANIA,BUCURESTI,Sector 3,Simona Dinu,,,,,,"STR DOAMNEI, NR. 14-16",VAUBAN ROMANIA,ADRESE_2000,1
620,grecia,VECTRA EUROLIFT SERVICE SRL,BUCURESTI,Sectorul 1,Badescu George,office@vectra.ro,george.badescu@vectra.ro,,,34050,"SOS. ODAI, NR. 409",VECTRA EUROLIFT SERVICE,grecia,1
621,ADRESE_2000,VEGA 2000 SA,BUCURESTI,Sector 4,Vanea Dan,,,,,,"B-DUL LIBERTATII, NR. 6, BL. 116, SC. 2, ET. 5, AP. 34",VEGA 2000,ADRESE_2000,1
622,ADRESE_2000,VEOLIA ENERGIE ROMANIA,BUCURESTI,Sector 2,Ovidiu Gabor,,,,,,"STR. TUNARI, NR. 60 A, ET. 9, BIR. 9.14, Bl. STEFAN CEL MARE",VEOLIA ENERGIE ROMANIA,ADRESE_2000,1
623,ADRESE_2000,VERBUND WIND POWER ROMANIA SRL,BUCURESTI,Sector 2,Reiner Dietmar,,,,,,"STR. T. ARGHEZI, NR. 8, ET. 7, SP. C",VERBUND WIND POWER ROMANIA,ADRESE_2000,1
624,ADRESE_2000,VERICOM 2001,BUCURESTI,Sector 3,Cristian Adrian Oradan,,,,,,"DRUM INTRE TARLALE, NR. 25-29, ET. 1",VERICOM 2001,ADRESE_2000,1
625,ADRESE_2000,VERIDIO SRL,BUCURESTI,Sector 1,Adrian Vascu,,,,,,"STR BUZESTI, 75-77, ET. 12",VERIDIO,ADRESE_2000,1
626,ADRESE_2000,VESTAS CEU ROMANIA,BUCURESTI,Sector 1,Dan Cristian Petre,,,,,,"STR. EMANOIL PORUMBARU, NR. 93-95, ET. 3",VESTAS CEU ROMANIA,ADRESE_2000,1
627,ADRESE_2000,VESTEL ELECTRONICA SRL,BUCURESTI,Sector 1,Violeta Ionel,,,,,,"INTRAREA MURMURULUI, NR. 2-4",VESTEL ELECTRONICA,ADRESE_2000,1
628,ADRESE_2000,VGP PARK TIMISOARA,BUCURESTI,Sector 1,Stefan Radeanu,,,,,,"CALEA FLOREASCA, NR. 218, ET. 2, BIROU 6",VGP PARK TIMISOARA,ADRESE_2000,1
629,ADRESE_2000,VIATRIS ROMANIA,BUCURESTI,Sector 2,Adrian Grecu,,,,,,"STR. GARA HERASTRAU, NR. 2, ET. 3, CLADIREA EQUILIBRIUM 1",VIATRIS ROMANIA,ADRESE_2000,1
630,ADRESE_2000,VIMETCO TRADING,BUCURESTI,Sector 4,Florin Verboncu,,,,,,"SPALIUL UNIRII, NR. 64, RIVERGATE CENTER",VIMETCO TRADING,ADRESE_2000,1
631,ADRESE_2000,VINCI ENERGIES ROMANIA,BUCURESTI,Sector 1,Liviu Florea,,,,,,"STR. PICTOR ARTHUR VERONA, NR. 17",VINCI ENERGIES ROMANIA,ADRESE_2000,1
632,ADRESE_2000,VISTA BANK,BUCURESTI,Sector 1,Stavros Lekkakos,,,,,,"STR. EMANOIL PORUMBARU, NR. 90-92",VISTA BANK,ADRESE_2000,1
633,ADRESE_2000,VISTRA PROFESSIONAL SERVICES SRL,BUCURESTI,Sector 3,Alwyn Jacobus De Lange,,,,,,"B-DUL CORNELIU COPOSU, NR. 6-8, ET. 8",VISTRA PROFESSIONAL SERVICES,ADRESE_2000,1
634,ADRESE_2000,VITAL AIRE ROMANIA,BUCURESTI,Sector 2,Ana-Maria Mironescu,,,,,,"STR. FECIOAREI, NR. 7",VITAL AIRE ROMANIA,ADRESE_2000,1
635,ADRESE_2000,VITALIS CONSULTING,BUCURESTI,Sector 1,Laurentiu Popa,,,,,,"CALEA FLOREASCA, NR 175, ET 11, FLOREASCA TOWER",VITALIS CONSULTING,ADRESE_2000,1
636,ADRESE_2000,VODAFONE ROMANIA SA,BUCURESTI,Sector 2,Radulescu Mihnea,,,,,,"STR. BARBU VACARESCU, NR. 201, ET. 8",VODAFONE ROMANIA,ADRESE_2000,1
637,ADRESE_2000,VOGUE SRL,BUCURESTI,Sector 5,Eugen Constantin Chelu,,,,,,"STR. ALEXANDRU BELDIMAN, NR. 1, ET. PARTER",VOGUE,ADRESE_2000,1
638,ADRESE_2000,VON CONSULTING SRL,BUCURESTI,Sector 1,Untaru Elena Vivien,,,,,,"STR GENERAL ERNEST BROSTEANU, NR 15,, CORP B",VON CONSULTING,ADRESE_2000,1
639,grecia,VOYATZOGLU ROMANIA SRL,BUCURESTI,Sectorul 2,Spyridon Mallioglou,office@eurofit.ro,vanzare@eurofit.ro,,,713170,"STR. VASILE LASCAR, NR. 151",VOYATZOGLU ROMANIA,grecia,1
640,ADRESE_2000,WABAG WATER SERVICES SRL,BUCURESTI,Sector 2,Motz Erwin,,,,,,"B-DUL DIMITRIE POMPEIU, NR. 6 E, ET. 13",WABAG WATER SERVICES,ADRESE_2000,1
641,ADRESE_2000,WALMARK ROMANIA SRL,BUCURESTI,Sector 2,Ofelia Savu,,,,,,"STR. DINU VINTILA, NR. 11, ET. 11",WALMARK ROMANIA,ADRESE_2000,1
642,ADRESE_2000,WAREHOUSES DE PAUW ROMANIA SRL,BUCURESTI,Sector 1,Dan Cristian Petre,,,,,,"STR. EMANOIL PORUMBARU, NR 93-95, ET. 3",WAREHOUSES DE PAUW ROMANIA,ADRESE_2000,1
643,ADRESE_2000,WAVEMAKER ROMANIA,BUCURESTI,Sector 1,Oana Padure,,,,,,"CALEA GRIVITEI, NR 82-98, ETAJ 3",WAVEMAKER ROMANIA,ADRESE_2000,1
644,ADRESE_2000,WELLKEPT GROUP SA,BUCURESTI,Sector 1,Corina Elena - Andrei,,,,,,"CALEA DOROBANTILOR, NR. 5-7, ET. 2",WELLKEPT GROUP,ADRESE_2000,1
645,ADRESE_2000,WESTFOURTH ARCHITECTURE,BUCURESTI,Sector 1,Negoescu Calin,,,,,,"SOS. NICOLAE TITULESCU, NR 4-8, AMERICA HOUSE, ARIPA WEST, ETAJ 7",WESTFOURTH ARCHITECTURE,ADRESE_2000,1
646,ADRESE_2000,WHIRLPOOL ROMANIA,BUCURESTI,Sector 2,Petrescu Marian,,,,,,"STR. DINU VINTILA, NR. 11, ET 18, EURO TOWER OFFICE BUILDING",WHIRLPOOL ROMANIA,ADRESE_2000,1
647,ADRESE_2000,WHITE MOUNTAIN PROPERTY,BUCURESTI,Sector 5,Damian Galvin,,,,,,"BULEVARDUL LIBERTATII, NR 22, BL. 102, SC. 3, AP. 61",WHITE MOUNTAIN PROPERTY,ADRESE_2000,1
648,ADRESE_2000,WIENERBERGER SRL,BUCURESTI,Sector 1,Albert Sutru,,,,,,"SOS. BUC-PLOIESTI, NR. 42-44, CLADIRE A1, ET. 1, BANEASA BUSINESS PARK",WIENERBERGER,ADRESE_2000,1
649,ADRESE_2000,WILLEMEN CARPATI,BUCURESTI,Sector 4,Delia Brezan,,,,,,"B-DUL LIBERTATII, NR. 4, BL. 117, SC. 1, ET. 1",WILLEMEN CARPATI,ADRESE_2000,1
650,ADRESE_2000,WIPRO TECHNOLOGIES ROMANIA,BUCURESTI,Sector 1,Vivek Bakshi,,,,,,"CALEA FLOREASCA, NR. 169 A, FLOREASCA BUSINESS PARK",WIPRO TECHNOLOGIES ROMANIA,ADRESE_2000,1
651,ADRESE_2000,WISE FINANCE SOLUTIONS,BUCURESTI,Sector 4,Bogdan Hossu,,,,,,"BULEVARDUL MARASESTI, NR 2B,, CAROL PARK RESIDENCE",WISE FINANCE SOLUTIONS,ADRESE_2000,1
652,ADRESE_2000,WOLF THEISS ROMANIA,BUCURESTI,Sector 1,Bryan W. Jardine,,,,,,"STR. VASILE ALECSANDRI, NR. 4",WOLF THEISS ROMANIA,ADRESE_2000,1
653,grecia,DORNA AGRI SA,CALARASI,Roseti,Popa Cornel,victoria.oancea@valvis-holding.com,,,,17563490,"STR. C. A. ROSETTI, NR. 197",DORNA AGRI,grecia,1
654,ADRESE_2000,(YARDI) PROPERTY SHARK SRL,CLUJ,Cluj Napoca,Morell Gordon,,,,,,"B-DUL 21 DECEMBRIE 1989, NR. 77, BL. A-B, ET. 3, CAM. 3",YARDI PROPERTY SHARK,ADRESE_2000,1
655,ADRESE_2000,2 CONNECT ROMANIA SRL,CLUJ,Cluj Napoca,Van Der Put Marcus Johannes,,,,,,"B-DUL MUNCII, NR. 12, AP. 6",2 CONNECT ROMANIA,ADRESE_2000,1
656,ADRESE_2000,3PILLAR GLOBAL,CLUJ,Cluj Napoca,Robert Cristian,,,,,,"STR. 21 DECEMBRIE 1989, NR 77, ETAJ 5",3PILLAR GLOBAL,ADRESE_2000,1
657,ADRESE_2000,A6 IMPEX SA,CLUJ,Dej,Coman Dumitru,,,,,,"STR. BISTRITEI, NR. 63",A6 IMPEX,ADRESE_2000,1
658,ADRESE_2000,ACCESA IT CONSULTING SRL,CLUJ,Cluj Napoca,Nadas Mihai Dan,,,,,,"STR. MARAMURESULUI NR. 151 A, AP. 24",ACCESA IT CONSULTING,ADRESE_2000,1
659,ADRESE_2000,ACI CLUJ SA,CLUJ,Cluj Napoca,Iulian Butnaru,,,,,,"STR. DOROBANTILOR, NR. 70, AP. 3",ACI CLUJ,ADRESE_2000,2
660,ADRESE_2000,ADA PROD COM SRL,CLUJ,Viisoara,Onisor Ovidiu Vladimir,,,,,,NR. 1527,ADA PROD COM,ADRESE_2000,1
661,ADRESE_2000,ADALGO MIRUS SRL,CLUJ,Cluj Napoca,Raul Gadola,,,,,,"STR. CARDINAL IULIU HOSSU, NR. 41",ADALGO MIRUS,ADRESE_2000,1
662,ADRESE_2000,ADVANTAGE AUSTRIA,CLUJ,Cluj Napoca,Stefan Tatar,,,,,,"STR TAIETURA TURCULUI, NR 47",ADVANTAGE AUSTRIA,ADRESE_2000,1
663,ADRESE_2000,AEGON PENSII,CLUJ,Floresti,Maioreanu Oana Sinziana,,,,,,STR. AVRAM IANCU NR. 506-508 ET. 4,AEGON PENSII,ADRESE_2000,1
664,ADRESE_2000,AGIS COMPUTER SRL,CLUJ,Cluj-Napoca,Istvan Lorincz,,,,,,"STR. TREBONIU LAUREAN, NR 1",AGIS COMPUTER,ADRESE_2000,1
665,ADRESE_2000,AGO PROIECT ENGINEERING,CLUJ,Cluj Napoca,Andi Ostroveanu,,,,,,"ALEEA GURGHIU, NR. 1, BL. O4, AP. 59",AGO PROIECT ENGINEERING,ADRESE_2000,1
666,ADRESE_2000,AGRESSIONE GROUP SA,CLUJ,Cluj Napoca,Stef Marius,,,,,,"STR. TAIETURA TURCULUI, NR. 47, PARC IND. TETAROM",AGRESSIONE GROUP,ADRESE_2000,1
667,ADRESE_2000,AGRILEX W & D SRL,CLUJ,Cluj-Napoca,Wekerle Dan Alexandru,,,,,,"ALEEA PADIN, NR. 4, AP. 34",AGRILEX W D,ADRESE_2000,1
668,ADRESE_2000,AGRO COSM FAN SRL,CLUJ,Sannicoara,Moldovan Cosmin Stefan,,,,,,"STR. 1 MAI, NR. 40",AGRO COSM FAN,ADRESE_2000,1
669,ADRESE_2000,AROBS TRANSILVANIA SOFTWARE SA,CLUJ,Cluj-Napoca,Claudiu Mailat,,,,,,"STR. DONATH, NR 11",AROBS TRANSILVANIA SOFTWARE,ADRESE_2000,1
670,ADRESE_2000,AROSA INDUSTRIES SRL,CLUJ,Cluj Napoca,Chis Mihai Octavian,,,,,,"B-DUL MUNCII, NR. 16",AROSA INDUSTRIES,ADRESE_2000,1
671,ADRESE_2000,ARTSOFT CONSULT SRL,CLUJ,Cluj Napoca,Lidia Bibolar,,,,,,STR. EUGEN IONESCO NR. 1 A,ARTSOFT CONSULT,ADRESE_2000,1
672,ADRESE_2000,ASA CONS ROMANIA SRL,CLUJ,Turda,Bulgaria Bogdan,,,,,,"STR. 22 DECEMBRIE 1989, NR. 27",ASA CONS ROMANIA,ADRESE_2000,1
673,ADRESE_2000,ASENA SRL,CLUJ,Floresti,Tarta Silviu,,,,,,"STR. PLOPILOR, NR. 15",ASENA,ADRESE_2000,1
674,ADRESE_2000,ASSET RECOVERY IPURL,CLUJ,Cluj Napoca,Dragos Giura,,,,,,"B-DUL EROILOR, NR. 42, ET. 1, AP. 9",ASSET RECOVERY IPURL,ADRESE_2000,1
675,ADRESE_2000,ASTECO MEDICAL,CLUJ,Cluj Napoca,Copcea Adrian,,,,,,"STR. CONSTANTIN BRANCUSI, NR. 105",ASTECO MEDICAL,ADRESE_2000,1
676,ADRESE_2000,ATEX COMPUTER SRL,CLUJ,Cluj Napoca,Radu Dorin Oarga,,,,,,"STR. STEPHAN LUDWIG ROTH, NR. 21 A, AP 1",ATEX COMPUTER,ADRESE_2000,1
677,ADRESE_2000,AUTHENTIC SPIRIT SRL,CLUJ,Cluj Napoca,Mihai Concioiu,,,,,,"STR. BUCURESTI, NR. 83 AP. 12",AUTHENTIC SPIRIT,ADRESE_2000,1
678,ADRESE_2000,AUTOWORLD SRL,CLUJ,Cluj-Napoca,Ioan Mezei,,,,,,"CALEA FLORESTI, NR 145",AUTOWORLD,ADRESE_2000,2
679,ADRESE_2000,AVI MEAT HOUSE SRL,CLUJ,Floresti,Nagy Istvan,,,,,,"STR. PROF. IOAN RUSU, NR. 129",AVI MEAT HOUSE,ADRESE_2000,1
680,ADRESE_2000,AX PERPETUUM IMPEX SRL,CLUJ,Cluj-Napoca,Mihai Dan Pitic,,,,,,"STR. BRANULUI, NR 53",AX PERPETUUM IMPEX,ADRESE_2000,1
681,ADRESE_2000,AXA DOI SRL,CLUJ,Cluj Napoca,Crisan Florin,,,,,,"STR. L. REBREANU, NR. 4, BL.P20, SC. 1, AP. 2",AXA DOI,ADRESE_2000,1
682,ADRESE_2000,BALADEI THIRDWAY TRANSPORT SRL,CLUJ,Cluj Napoca,Maria Andreea Terec,,,,,,"STR. BALADEI, NR. 2 A, PARTER",BALADEI THIRDWAY TRANSPORT,ADRESE_2000,1
683,ADRESE_2000,BANCA TRANSILVANIA,CLUJ,Cluj Napoca,Omer Tetik,,,,,,"STR. G. BARITIU, NR. 8",BANCA TRANSILVANIA,ADRESE_2000,2
684,ADRESE_2000,BIS SOFT SRL,CLUJ,Cluj Napoca,David Carmen Maria,,,,,,STR. CAMPULUI NR. 139,BIS SOFT,ADRESE_2000,1
685,ADRESE_2000,BLACOS SRL,CLUJ,Cluj-Napoca,Costinas Florin,,,,,,"STR. RAHOVEI, NR. 3",BLACOS,ADRESE_2000,1
686,ADRESE_2000,BLADE SOLUTION SRL,CLUJ,Cluj Napoca,Lazar Calin Florin,,,,,,STR. EUGEN IONESCO NR. 47,BLADE SOLUTION,ADRESE_2000,1
687,ADRESE_2000,BLITZ NETWORK SA,CLUJ,Cluj Napoca,Priscornita Marinel Catalin,,,,,,"PIATA 1 MAI, NR. 4-5",BLITZ NETWORK,ADRESE_2000,1
688,ADRESE_2000,BOCHIS & GAVRA S.C.A,CLUJ,Cluj Napoca,Bochis Traian-Valentin,,,,,,"STR. ION VIDU, NR. 14",BOCHIS GAVRA S C A,ADRESE_2000,1
689,ADRESE_2000,BOMBARDIER TRANSPORTATION SHARED,CLUJ,Cluj Napoca,Steinbrecher Alexander,,,,,,"B-DUL 21 DECEMBRIE 1989, NR. 77",BOMBARDIER TRANSPORTATION SHARED,ADRESE_2000,1
690,ADRESE_2000,BONAS IMPORT EXPORT SRL,CLUJ,Dezmir,Vasile Nas,,,,,,"STR. CRISENI, NR. 5",BONAS IMPORT EXPORT,ADRESE_2000,1
691,ADRESE_2000,BRANTNER SERVICII ECOLOGICE SRL,CLUJ,Cluj Napoca,Ionutiu Olga Maria,,,,,,"STR. LALELELOR, NR. 11, SUBP. Ap. 46",BRANTNER SERVICII ECOLOGICE,ADRESE_2000,1
692,ADRESE_2000,BRAVINVEST SRL,CLUJ,Cluj Napoca,Coborzan Viorica,,,,,,"STR. PROF. IOAN RUSU, NR. 129",BRAVINVEST,ADRESE_2000,1
693,ADRESE_2000,CARBOCHIM SA,CLUJ,Cluj Napoca,Crisan Viorel Vasile,,,,,,"P-TA 1 MAI, NR. 3",CARBOCHIM,ADRESE_2000,1
694,ADRESE_2000,CARDIOMED SRL,CLUJ,Cluj Napoca,Parvu Doru Alin,,,,,,"STR. REPUBLICII, NR. 17, ET. P, AP. 2",CARDIOMED,ADRESE_2000,1
695,ADRESE_2000,CARMIC IMPEX SRL,CLUJ,Cluj Napoca,Dragan Mircea,,,,,,"STR. CAPITAN GRIGORE IGNAT, NR. 3",CARMIC IMPEX,ADRESE_2000,1
696,ADRESE_2000,CARPAT INSOLV,CLUJ,Cluj Napoca,Liana Tudor,,,,,,"DOROBANTILOR, NR. 14-16, SC. A, ET. 5, AP.11",CARPAT INSOLV,ADRESE_2000,1
697,ADRESE_2000,CARRION EXPEDITION SRL,CLUJ,Cluj Napoca,Caceres Carrion Miguel,,,,,,"STR. FABRICII DE CHIBRITURI, NR. 13-21, ET. 3",CARRION EXPEDITION,ADRESE_2000,1
698,ADRESE_2000,CC SAS SRL,CLUJ,Cluj Napoca,Septimiu Suciu,,,,,,"STR. BORHANCIULUI, NR. 16, CORP 6, ET. D, AP. 7",CC SAS,ADRESE_2000,1
699,ADRESE_2000,CCNE COLONIA CLUJ NAPOCA ENERGIE,CLUJ,Cluj Napoca,Emil Miron,,,,,,"B-DUL 21 DECEMBRIE 1989, NR. 79",CCNE COLONIA CLUJ NAPOCA ENERGIE,ADRESE_2000,1
700,ADRESE_2000,CENTRU MEDICAL ASTECO,CLUJ,Cluj Napoca,Copcea Adrian,,,,,,"STR. CONSTANTIN BRANCUSI, NR.105",CENTRU MEDICAL ASTECO,ADRESE_2000,1
701,ADRESE_2000,CENTRU MEDICAL MEDSAN,CLUJ,Cluj Napoca,Rodica Dana Gansca,,,,,,"STR. ILIE MACELARU, NR. 28",CENTRU MEDICAL MEDSAN,ADRESE_2000,2
702,ADRESE_2000,CENTRUL AGRO TRANSILVANIA,CLUJ,Dezmir,Marius Sabo,,,,,,STR. CRISENI F.N.,CENTRUL AGRO TRANSILVANIA,ADRESE_2000,1
703,ADRESE_2000,CENTRUL DE EXCELENTA MEDESTET,CLUJ,Cluj Napoca,Ciceo Mircea,,,,,,"STR. NICOLAE PASCALY, NR. 7",CENTRUL DE EXCELENTA MEDESTET,ADRESE_2000,1
704,ADRESE_2000,CENTRUL MEDICAL MIMED,CLUJ,Floresti,Hapca Ovidiu Danut,,,,,,"STR. FLORILOR, NR. 192 D",CENTRUL MEDICAL MIMED,ADRESE_2000,1
705,ADRESE_2000,CENTRUL MEDICAL NAPOMEDICA,CLUJ,Gherla,Leonard Cristian Molocea,,,,,,"P-TA LIBERTATII, NR. 10-11",CENTRUL MEDICAL NAPOMEDICA,ADRESE_2000,1
706,ADRESE_2000,CENTRUL MEDICAL NOVOENGRAMA,CLUJ,Cluj Napoca,Miruna Holdis,,,,,,STR. FAGULUI. NR. 1 A,CENTRUL MEDICAL NOVOENGRAMA,ADRESE_2000,1
707,ADRESE_2000,CENTRUL MEDICAL TRANSILVANIA SRL,CLUJ,Cluj Napoca,Daria Abu Arif,,,,,,"STR. CIRESILOR, NR. 28",CENTRUL MEDICAL TRANSILVANIA,ADRESE_2000,1
708,ADRESE_2000,CENTRUL MEDICO CHIRURGICAL INTERSERVISAN SRL,CLUJ,Cluj Napoca,Pop Teofil,,,,,,"STR. NICOLAE PASCALY, NR. 5",CENTRUL MEDICO CHIRURGICAL INTERSERVISAN,ADRESE_2000,1
709,ADRESE_2000,CENTRUL REVIEW,CLUJ,Cluj Napoca,Demea Horea Tudor,,,,,,"STR. MOTILOR, NR. 9, AP. 8",CENTRUL REVIEW,ADRESE_2000,1
710,ADRESE_2000,CH INDUSTRIAL PROD SRL,CLUJ,Gherla,Ludovic Ghisa,,,,,,"STR. GELU, NR. 64",CH INDUSTRIAL PROD,ADRESE_2000,1
711,ADRESE_2000,CH TRANSBETON SRL,CLUJ,Cluj Napoca,Chimu Capusan,,,,,,STR. FABRICII. NR. 145 A,CH TRANSBETON,ADRESE_2000,1
712,ADRESE_2000,CHIMSPORT SA,CLUJ,Cluj Napoca,Gelu Stan,,,,,,"STR. TAIETURA TURCULUI, NR. 47/15 N, ET. 2, PARC IND. TETAROM I",CHIMSPORT,ADRESE_2000,1
713,ADRESE_2000,CMC GRUP BROKER DE ASIGURARE SRL,CLUJ,Cluj Napoca,Marius Maier,,,,,,"PIATA 1 MAI NR 4-5, ETAJ 1",CMC GRUP BROKER DE ASIGURARE,ADRESE_2000,1
714,ADRESE_2000,COMINEX NEMETALIFERE,CLUJ,Cluj Napoca,Vasile Rusu,,,,,,"STR. HOREA, NR. 78",COMINEX NEMETALIFERE,ADRESE_2000,1
715,ADRESE_2000,COMLACT SRL,CLUJ,Corusu,Abrudan Gheorghe,,,,,,"LOC. CORUSU, NR. 5",COMLACT,ADRESE_2000,1
716,ADRESE_2000,COMPEXIT TRADING SRL,CLUJ,Cluj-Napoca,Sorin Niste,,,,,,"CALEA TURZII, NR 223",COMPEXIT TRADING,ADRESE_2000,1
717,ADRESE_2000,CONEXINSTAL SRL,CLUJ,Cluj Napoca,Fabian Levente,,,,,,"STR. TECUCI, NR. 24",CONEXINSTAL,ADRESE_2000,1
718,ADRESE_2000,CONSILIUL JUDETEAN CLUJ,CLUJ,Cluj Napoca,Tişe Alin-Paunel,,,,,,"CALEA DOROBANTILOR, NR. 106",CONSILIUL JUDETEAN CLUJ,ADRESE_2000,1
719,ADRESE_2000,CONTACT EAST SRL,CLUJ,Cluj Napoca,Meciu Eugeniu Alexandru,,,,,,"STR. DOSTOIEVSKI, NR.26",CONTACT EAST,ADRESE_2000,1
720,ADRESE_2000,CORATIM,CLUJ,Cluj Napoca,Constantin Marius Bejan,,,,,,"STR. CAMPUL PAINII, NR. 3-5",CORATIM,ADRESE_2000,1
721,ADRESE_2000,COSM FAN CARMANGERIE SRL,CLUJ,Sannicoara,Moldovan Stefan,,,,,,"STR. 1 MAI, NR. 40",COSM FAN CARMANGERIE,ADRESE_2000,1
722,ADRESE_2000,COSMETIC PLANT PRODCOM SRL,CLUJ,Cluj Napoca,Susana Ildiko Laszlo,,,,,,"STR,. TARIAN VUIA, NR. 133 A",COSMETIC PLANT PRODCOM,ADRESE_2000,1
723,ADRESE_2000,CPL CONCORDIA,CLUJ,Cluj Napoca,Luana Safirescu,,,,,,"STR. SIRETULUI, NR. 24",CPL CONCORDIA,ADRESE_2000,1
724,ADRESE_2000,CRAFTING SOFTWARE INNOVATION,CLUJ,Cluj Napoca,Calin Crisan,,,,,,"STR. PLOPILOR NR. 68, CENTRAL PARK RESIDENCE",CRAFTING SOFTWARE INNOVATION,ADRESE_2000,1
725,ADRESE_2000,CRAMA VATRA ROSIE,CLUJ,Fizesul Gherlei,Istvan Barabas,,,,,,"FIZESUL GHERLEI, NR. 9",CRAMA VATRA ROSIE,ADRESE_2000,1
726,ADRESE_2000,CSA AVICOLA PROD SRL,CLUJ,Mihai Viteazu,Baba Sebastian Adonis,,,,,,"DN 1E/81, 1400",CSA AVICOLA PROD,ADRESE_2000,1
727,ADRESE_2000,CSATARI PLAST SRL,CLUJ,Cluj Napoca,Csatari Laszlo,,,,,,"CALEA BACIULUI, NR. 11",CSATARI PLAST,ADRESE_2000,1
728,ADRESE_2000,CSI ROMANIA SRL,CLUJ,Cluj Napoca,Ciprian Morar,,,,,,"BULEVARDUL MUNCII, NR 12",CSI ROMANIA,ADRESE_2000,1
729,ADRESE_2000,CUCINA TUREA SRL,CLUJ,Cluj Napoca,Turea Stefan Rares,,,,,,"STR. DONATH, NR. 113, AP. 12",CUCINA TUREA,ADRESE_2000,1
730,ADRESE_2000,CYANE SRL,CLUJ,Cluj Napoca,Anca Diana Negrea,,,,,,"STR. EUGEN IONESCO, NR.67, SC. 1, AP. 2",CYANE,ADRESE_2000,1
731,ADRESE_2000,CYEB SRL,CLUJ,Cluj Napoca,Laszlo Tamas Furdek,,,,,,"STR. CALEA TURZII, NR. 111 / B",CYEB,ADRESE_2000,1
732,ADRESE_2000,D&M CONSTRUCT,CLUJ,Gilau,Romica Kovacs,,,,,,"HALA 5, (FERMA)",D M CONSTRUCT,ADRESE_2000,1
733,grecia,DABLEROM SRL,CLUJ,Valcele,Davleris Michail,dablerom@dablerom.com,financiar@dablerom.com,,,397920,NR. 10 D,DABLEROM,ADRESE_2000;grecia,2
734,ADRESE_2000,DACIA SERVICE CLUJ FELEAC SA,CLUJ,Cluj Napoca,Turcu Sorinel,,,,,,"CALEA TURZII, NR. 253-255",DACIA SERVICE CLUJ FELEAC,ADRESE_2000,1
735,ADRESE_2000,DANADVICE SRL,CLUJ,Cluj-Napoca,Sandager Rasmus,,,,,,"STR. BUNA ZIUA, NR 82, CORP C1",DANADVICE,ADRESE_2000,1
736,ADRESE_2000,DANCA INTERNATIONAL SRL,CLUJ,Mihai Viteazu,Kun Francisc,,,,,,"STR. REFORMATA, NR. 296",DANCA INTERNATIONAL,ADRESE_2000,1
737,ADRESE_2000,DARIAN DRS,CLUJ,Cluj Napoca,Adrian Motrea,,,,,,"STR. GHEORGHE LAZAR, NR. 6, PARTER",DARIAN DRS,ADRESE_2000,1
738,ADRESE_2000,DELONGHI ROMANIA,CLUJ,Juc Herghelie,Carmen Petcu,,,,,,"STR. LEONARDO DA VINCI, NR. 1",DELONGHI ROMANIA,ADRESE_2000,1
739,ADRESE_2000,DELTAMED SRL,CLUJ,Gilau,Daniela Gavrila,,,,,,"FERMA 8 HALA 15, F.N.",DELTAMED,ADRESE_2000,1
740,ADRESE_2000,DISTRAL SRL,CLUJ,Cluj Napoca,Radu Dascalu,,,,,,"CALEA BACIULUI, NR 179/B",DISTRAL,ADRESE_2000,1
741,ADRESE_2000,DORALEX,CLUJ,Cluj Napoca,Ioan Beniamin Timari,,,,,,"STR. MARAMURESULUI, NR. 151/A, ET 5",DORALEX,ADRESE_2000,1
742,ADRESE_2000,DRB INSOLVENCYSPRL,CLUJ,Cluj Napoca,Daraban Ionel,,,,,,"STR.. BUNA ZIUA, NR.43D, BL.M4B, SC.1, ET. 6, AP. 23",DRB INSOLVENCYSPRL,ADRESE_2000,1
743,ADRESE_2000,DUCFARM SRL,CLUJ,Cluj-Napoca,Radu Oprean,,,,,,"STR. CRAIOVA, NR 28-30, BL. B, SC. 2, AP. 20",DUCFARM,ADRESE_2000,1
744,ADRESE_2000,EAST CARGOLOG SRL,CLUJ,Cluj Napoca,Attila Pasztor,,,,,,"STR. ARANY JANOS, NR. 13, AP. 6",EAST CARGOLOG,ADRESE_2000,1
745,ADRESE_2000,EAST GRAIN SRL,CLUJ,Cluj-Napoca,Marina Ciocan,,,,,,"STR. ARANY JANOS, NR 13, 5-6",EAST GRAIN,ADRESE_2000,1
746,ADRESE_2000,ECKERLE AUTOMOTIVE SRL,CLUJ,Cluj Napoca,Andrei Trombitas,,,,,,"B-DUL MUNCII, NR. 1-15",ECKERLE AUTOMOTIVE,ADRESE_2000,1
747,ADRESE_2000,ECO LUNA AGRAR SRL,CLUJ,Turda,Jungcnickel Sebastian,,,,,,STR. STERCA SULUTIU 3,ECO LUNA AGRAR,ADRESE_2000,1
748,ADRESE_2000,ECOLOR SRL,CLUJ,Juc Herghelie,Tommy Karlsson,,,,,,NR. 69 A,ECOLOR,ADRESE_2000,1
749,ADRESE_2000,EDELWAND SRL,CLUJ,Cluj Napoca,Fanatan Nicolae Adrian,,,,,,"STR. CEAHLAU, NR. 43, AP 9",EDELWAND,ADRESE_2000,1
750,ADRESE_2000,EGIS ROMPHARMA SRL,CLUJ,Cluj Napoca,Arina Mihaela Gholmieh,,,,,,"STR. TRAIAN VUIA, NR. 153",EGIS ROMPHARMA,ADRESE_2000,1
751,ADRESE_2000,ELECTROGLOBAL,CLUJ,Cluj Napoca,Radu Ciorba,,,,,,"STR. TAIETURA TURCULUI, NR. 47/16 N, PARC IND. TETAROM I",ELECTROGLOBAL,ADRESE_2000,1
752,ADRESE_2000,ELECTROGRUP,CLUJ,Cluj Napoca,Adrian Florea,,,,,,"CALEA TURZII, NR. 217",ELECTROGRUP,ADRESE_2000,1
753,ADRESE_2000,ELITE GRUP,CLUJ,Cluj Napoca,Capusan Anica,,,,,,"STR. BUNA ZIUA, FN, BL. E1 B, SC. 1, AP. 4",ELITE GRUP,ADRESE_2000,1
754,ADRESE_2000,ELMAT SA,CLUJ,Cluj-Napoca,Doru Potop,,,,,,STR. GHEORGHE DOJA 44,ELMAT,ADRESE_2000,1
755,ADRESE_2000,EMERSON,CLUJ,Cluj Napoca,Maria Alina Negru,,,,,,"STR. EMERSON, NR. 4, PARC IND. TETAROM II",EMERSON,ADRESE_2000,1
756,ADRESE_2000,EMS FHP SYSTEMS SRL,CLUJ,Turda,Marius Baciu,,,,,,"CALEA VICTORIEI, NR. 42",EMS FHP SYSTEMS,ADRESE_2000,1
757,ADRESE_2000,ENDAVA ROMANIA SRL,CLUJ,Cluj Napoca,Roman Adrian,,,,,,"STR. ALEXANDRU VAIDA VOEVOD, NR. 51",ENDAVA ROMANIA,ADRESE_2000,1
758,ADRESE_2000,ENERGOBIT SA,CLUJ,Cluj Napoca,Peter Pal,,,,,,"STR. TAIETURA TURCULUI, NR. 47/11",ENERGOBIT,ADRESE_2000,1
759,ADRESE_2000,ENGLMAYER ROMANIA CLUJ,CLUJ,Gilau,,,,,,,"STR. BALASTIEREI, NR. 1 S",ENGLMAYER ROMANIA CLUJ,ADRESE_2000,1
760,ADRESE_2000,ENSYRO SRL,CLUJ,Cluj Napoca,Coman Petru Eugen,,,,,,"STR. ORASTIE, NR. 10, Bl. DEP. 29-32",ENSYRO,ADRESE_2000,1
761,ADRESE_2000,EST COMPANY ROM IMPEX SRL,CLUJ,Cluj Napoca,Bianca Zaharie,,,,,,"B-DUL MUNCII, NR. 14",EST COMPANY ROM IMPEX,ADRESE_2000,1
762,ADRESE_2000,EURO FLEET TRANSPORTS,CLUJ,Gilau,Sadean Roxana,,,,,,NR. 1334,EURO FLEET TRANSPORTS,ADRESE_2000,1
763,ADRESE_2000,EURO GSM IMPEX SR,CLUJ,Cluj-Napoca,Silvia Marta Fodor,,,,,,"BULEVARDUL MUNCII, NR 18",EURO GSM IMPEX SR,ADRESE_2000,1
764,ADRESE_2000,EUROPA BUSINESS CENTER,CLUJ,Cluj Napoca,Ster Radu Voicu,,,,,,"STR. HOREA, NR. 3",EUROPA BUSINESS CENTER,ADRESE_2000,1
765,ADRESE_2000,EUROPEAN FABRICATIONS SRL,CLUJ,Cluj Napoca,James Richard Bunce,,,,,,"STR. ORASTIE, NR 10",EUROPEAN FABRICATIONS,ADRESE_2000,1
766,ADRESE_2000,EUROTREND SRL,CLUJ,Cluj Napoca,Razvan Tarmure,,,,,,"CALEA TURZII, NR 43-49",EUROTREND,ADRESE_2000,1
767,ADRESE_2000,EVEREST PRODSERV SRL,CLUJ,Cluj Napoca,Muresan Gheorghe,,,,,,"STR. DONATH, NR. 132",EVEREST PRODSERV,ADRESE_2000,1
768,ADRESE_2000,EVOZON SYSTEMS SRL,CLUJ,Cluj Napoca,Cretu Silviu Gabriel,,,,,,"STR. MOTILOR, NR. 62",EVOZON SYSTEMS,ADRESE_2000,1
769,ADRESE_2000,EVW HOLDING,CLUJ,Gilau,Giurgi Timotei,,,,,,STR. PRINCIPALA NR. 1333,EVW HOLDING,ADRESE_2000,2
770,ADRESE_2000,EXPLOITDANEASA SRL,CLUJ,Cluj Napoca,Eric Droguet Pierre Henri,,,,,,"STR. IASILOR, NR. 14, AP. 9",EXPLOITDANEASA,ADRESE_2000,1
771,ADRESE_2000,EXTRACTE NATURALE NATEX SRL,CLUJ,Luna De Sus,Podea Ioan,,,,,,"DN E 60, KM 8",EXTRACTE NATURALE NATEX,ADRESE_2000,1
772,ADRESE_2000,EY ROMANIA (CLUJ-NAPOCA),CLUJ,Cluj Napoca,Oana Nica,,,,,,"B-DUL 21 DECEMBRIE 1989, NR.77, CORP B, THE OFFICE",EY ROMANIA CLUJ NAPOCA,ADRESE_2000,1
773,ADRESE_2000,FANUC,CLUJ,Floresti,Elena Lavinia Iclozan,,,,,,"FERMA 9, HALA 25",FANUC,ADRESE_2000,1
774,ADRESE_2000,FARMEC SA,CLUJ,Cluj Napoca,Monica Vuscan,,,,,,"STR. HENRI BARBUSSE, NR. 16",FARMEC,ADRESE_2000,1
775,ADRESE_2000,FBD SUPPLY SOLUTIONS SRL,CLUJ,Cluj Napoca,Giurgiu Florinel,,,,,,"CALEA BACIULUI, NR. 179 B",FBD SUPPLY SOLUTIONS,ADRESE_2000,1
776,ADRESE_2000,FDAAM CLUJ NAPOCA,CLUJ,Cluj Napoca,Camelia Preda,,,,,,"STR. FORTARETEI, NR. 12",FDAAM CLUJ NAPOCA,ADRESE_2000,1
777,ADRESE_2000,FEH ENERGY SRL,CLUJ,Bontida,Florian Liviu,,,,,,"BONTIDA, NR. 834 A",FEH ENERGY,ADRESE_2000,1
778,ADRESE_2000,FELINVEST SA,CLUJ,Cluj Napoca,Gheorghe Dunca,,,,,,"STR. HENRI BARBUSSE, NR. 44-46",FELINVEST,ADRESE_2000,1
779,ADRESE_2000,FENDER CABLES SRL,CLUJ,Cluj Napoca,Stevanin Agostino,,,,,,"STR. ORASTIEI, NR. 10",FENDER CABLES,ADRESE_2000,1
780,ADRESE_2000,FERROSAN SRL,CLUJ,Cluj Napoca,Dan Vasile Miron,,,,,,"CALEA TURZII, NR. 178/ C",FERROSAN,ADRESE_2000,1
781,ADRESE_2000,FILOFI SI TRANDAFIR ARHITECTURA,CLUJ,Cluj Napoca,Irina Filofi,,,,,,"STR. VASILE ALEXANDRI, NR. 4",FILOFI SI TRANDAFIR ARHITECTURA,ADRESE_2000,1
782,ADRESE_2000,FINDER ECHIPAMENTE SRL,CLUJ,Turda,Bilba Catalin,,,,,,"STR. CLUJULUI, NR. 75 F",FINDER ECHIPAMENTE,ADRESE_2000,1
783,ADRESE_2000,FIRST TECHNOLOGY SRL,CLUJ,Cluj Napoca,Vali Lucia Dobrescu,,,,,,"STR. ALVERNA, NR. 62, AP. 23, CLOUD AGENCY SRL",FIRST TECHNOLOGY,ADRESE_2000,1
784,ADRESE_2000,FLOR APARTMENTS,CLUJ,Floresti,Gelu Cristian Florean,,,,,,"STR. PORII, NR. 10, SC. 2, AP. 17",FLOR APARTMENTS,ADRESE_2000,1
785,ADRESE_2000,FORTECH BUSINESS DEVELOPMENT SRL,CLUJ,Cluj Napoca,Calin Vaduva,,,,,,STR. FRUNZISULUI NR. 106,FORTECH BUSINESS DEVELOPMENT,ADRESE_2000,1
786,ADRESE_2000,FORTECH SRL,CLUJ,Cluj-Napoca,Ana Silvia Banabic,,,,,,"STR. METEOR, NR. 78, AP. 2",FORTECH,ADRESE_2000,1
787,ADRESE_2000,FRANKISCHE ROMANIA SRL,CLUJ,Badeni,Kirchner Otto Friedrich,,,,,,NR. 12,FRANKISCHE ROMANIA,ADRESE_2000,1
788,ADRESE_2000,FUJIKURA,CLUJ,Cluj Napoca,Raluca Timb,,,,,,STR STREIULUI NR 18,FUJIKURA,ADRESE_2000,1
789,ADRESE_2000,FUJIKURA AUTOMOTIVE,CLUJ,Cluj Napoca,Takita Ryuji,,,,,,"STR. STREIULUI, NR. 18",FUJIKURA AUTOMOTIVE,ADRESE_2000,1
790,ADRESE_2000,FUNDATIA TRANSILVANIA LEADERS,CLUJ,Cluj Napoca,Marius Traian Bojita,,,,,,"CALEA TURZII, NR. 152",FUNDATIA TRANSILVANIA LEADERS,ADRESE_2000,1
791,ADRESE_2000,G 5 CONSULTING,CLUJ,Cluj Napoca,Alexandru Man,,,,,,"STR. HOREA, NR. 6 / 15",G 5 CONSULTING,ADRESE_2000,1
792,ADRESE_2000,GAMA SOFTWARE SRL,CLUJ,Cluj Napoca,Vestemean Lucia Elisabeta,,,,,,"STR. BUNA ZIUA NR. 34-36, ET. II, AP. 4",GAMA SOFTWARE,ADRESE_2000,1
793,ADRESE_2000,GAMEMINE SRL,CLUJ,Cluj Napoca,Flaviu Rus,,,,,,ALEEA SLANIC NR. 1A,GAMEMINE,ADRESE_2000,1
794,ADRESE_2000,GARMIN CLUJ SRL,CLUJ,Cluj Napoca,Johannes Bernhard,,,,,,"CALEA DOROBANTILOR, NR. 33-37",GARMIN CLUJ,ADRESE_2000,1
795,ADRESE_2000,GCB CONS & FIN SRL,CLUJ,Valea Draganului,Giurgiuman Calin Bogdan,,,,,,NR. 223,GCB CONS FIN,ADRESE_2000,1
796,ADRESE_2000,GD MASINI DE RIDICAT SRL,CLUJ,Cluj Napoca,Ovidiu Krisan,,,,,,"B-DUL MUNCII, NR. 14/10",GD MASINI DE RIDICAT,ADRESE_2000,1
797,ADRESE_2000,GEA REFRIGERATION ROMANIA SRL,CLUJ,Cluj Napoca,Leonard Aristide Ilincanu,,,,,,"STR. BUNA ZIUA, NR. 34-36",GEA REFRIGERATION ROMANIA,ADRESE_2000,1
798,ADRESE_2000,GELLA INVEST SRL,CLUJ,Cluj-Napoca,Dan Mitre,,,,,,"STR. ODOBESTI, NR. 53",GELLA INVEST,ADRESE_2000,1
799,ADRESE_2000,GENERAL SECURITY SRL,CLUJ,Cluj-Napoca,Dan Bogos,,,,,,"PIATA 1 MAI, NR 4-5",GENERAL SECURITY,ADRESE_2000,1
800,ADRESE_2000,GENETIC CENTER ROMANIA,CLUJ,Cluj Napoca,Mariela Militaru,,,,,,"STR. OBSERVATORULUI, NR. 109",GENETIC CENTER ROMANIA,ADRESE_2000,1
801,ADRESE_2000,GEOMANT SRL,CLUJ,Cluj Napoca,Kovacs Hunor Istavn,,,,,,BULEVARDUL 21 DECEMBRIE 1989 NR. 37,GEOMANT,ADRESE_2000,1
802,ADRESE_2000,GN MURES AGRAR SRL,CLUJ,Campia Turzii,Jungcnickel Sebastian,,,,,,"STR. BAII, NR. 8, SC.A, ET. 2, AP.10",GN MURES AGRAR,ADRESE_2000,1
803,ADRESE_2000,GOODWILL CONSULTING GWC SRL,CLUJ,Cluj Napoca,Dezso Peter,,,,,,"STR. NAPOCA, NR. 16",GOODWILL CONSULTING GWC,ADRESE_2000,1
804,ADRESE_2000,GORMET SRL,CLUJ,Cluj Napoca,Jozsef Imre,,,,,,"B-DUL MUNCII, NR. 18 B, AP. 1",GORMET,ADRESE_2000,1
805,ADRESE_2000,GRAN ROM SRL,CLUJ,Turda,Truta Radu Ionut,,,,,,"STR. GENERAL ION DRAGALINA, NR. 131",GRAN ROM,ADRESE_2000,1
806,ADRESE_2000,GRANDEMAR SA,CLUJ,Cluj Napoca,Merkl Istvan,,,,,,"STR. TEBEI, NR 5",GRANDEMAR,ADRESE_2000,1
807,ADRESE_2000,GREENWEEE INTERNATIONAL,CLUJ,Cluj Napoca,Valentina Somosdi,,,,,,"STR. LAMINORISTILOR, NR. 145",GREENWEEE INTERNATIONAL,ADRESE_2000,1
808,ADRESE_2000,GRUP ENERGOINSTAL SA,CLUJ,Cluj Napoca,Ciubancan Dan,,,,,,"CALEA DEZMIRULUI, NR. 8",GRUP ENERGOINSTAL,ADRESE_2000,1
809,ADRESE_2000,GRUP TAURUS DEVELOPMENT SRL,CLUJ,Cluj Napoca,Nicolae Ioan Crisan,,,,,,"P-TA 1 MAI, NR 1-2, ET. 1, AP. 4, UNIREA SA",GRUP TAURUS DEVELOPMENT,ADRESE_2000,1
810,ADRESE_2000,HAAK STUDIO,CLUJ,Cluj Napoca,Andreea Kiss Horvath,,,,,,"STR. PLOPILOR, NR. 57-62",HAAK STUDIO,ADRESE_2000,1
811,ADRESE_2000,HALCYON MOBILE,CLUJ,Cluj Napoca,Szekely Botond,,,,,,"STR. GARII, NR. 21, LIBERTY TECHNOLOGY PARK",HALCYON MOBILE,ADRESE_2000,1
812,ADRESE_2000,HASIT ROMANIA SRL,CLUJ,Turda,Bogdan Roman,,,,,,"STR. HORTICULTURII, NR. 24",HASIT ROMANIA,ADRESE_2000,1
813,ADRESE_2000,HECO SCHRAUBEN SRL,CLUJ,Campia Turzii,Hettich Guido,,,,,,"STR. LAMINORISTILOR, NR. 159",HECO SCHRAUBEN,ADRESE_2000,1
814,ADRESE_2000,HEISTERKAMP TRANSPORT ROMANIA SRL,CLUJ,Cluj Napoca,Haafkes Jan Hendrikus,,,,,,"STR. TAIETURA TURCULUI, NR. 47C1",HEISTERKAMP TRANSPORT ROMANIA,ADRESE_2000,1
815,ADRESE_2000,HELD FASHION,CLUJ,Cluj Napoca,Stefan Andreas Laube,,,,,,"CALEA BACIULUI, NR. 80",HELD FASHION,ADRESE_2000,1
816,ADRESE_2000,HERCE IMOBILIARE CLUJ SRL,CLUJ,Cluj Napoca,Rubio Garces Francisco,,,,,,"ALEEA PROF. VALERIU BOLOGA, NR. 3",HERCE IMOBILIARE CLUJ,ADRESE_2000,1
817,ADRESE_2000,HEXAGON EQUITY HOLDING SRL,CLUJ,Cluj Napoca,Maris Florin,,,,,,"STR. AL. VAIDA VOEVOD, NR. 16, CORP 1B",HEXAGON EQUITY HOLDING,ADRESE_2000,1
818,ADRESE_2000,HIGH TECH TECNOSKY SRL,CLUJ,Gilau,Bogdana Candale,,,,,,"FERMA 8, HALA 19",HIGH TECH TECNOSKY,ADRESE_2000,1
819,ADRESE_2000,HIPERDIA CLUJ,CLUJ,Cluj Napoca,Radu Voina,,,,,,"STR. REPUBLICII, NR. 105 A",HIPERDIA CLUJ,ADRESE_2000,1
820,ADRESE_2000,HIRSCH POROZELL SRL,CLUJ,Bontida,Radu Costan,,,,,,"LOC. RASCRUCI, NR 368 A",HIRSCH POROZELL,ADRESE_2000,1
821,ADRESE_2000,HOUDAM SRL,CLUJ,Cluj-Napoca,Sandager Rasmus,,,,,,"STR. BUNA ZIUA, NR. 82, CORP C1, AP. 7",HOUDAM,ADRESE_2000,1
822,ADRESE_2000,HUNNEBECK ROMANIA SRL,CLUJ,Capusu Mare,Mircea Georgescu,,,,,,"CAPUSU MARE, NR. 310",HUNNEBECK ROMANIA,ADRESE_2000,1
823,ADRESE_2000,IBC FOCUS,CLUJ,Cluj Napoca,Andrei Spataru,,,,,,"STR FRANZ LISZT, NR 26",IBC FOCUS,ADRESE_2000,1
824,ADRESE_2000,ICIA CLUJ NAPOCA,CLUJ,Cluj Napoca,Mircea Chintoanu,,,,,,"STR DONATH, NR 67",ICIA CLUJ NAPOCA,ADRESE_2000,1
825,ADRESE_2000,ICPIAF SA,CLUJ,Cluj Napoca,Lazanu Gheorghe Tudor,,,,,,"STR. FABRICII DE CHIBRITURI, NR. 13-21",ICPIAF,ADRESE_2000,1
826,ADRESE_2000,IMCOP SRL,CLUJ,Cluj Napoca,Popa Calin,,,,,,"B-DUL NICOLAE TITULESCU, NR. 16, SC. 2, AP. 12",IMCOP,ADRESE_2000,1
827,ADRESE_2000,IMM HYDRO EST SRL,CLUJ,Catcau,Alessandro Verratti,,,,,,NR 353,IMM HYDRO EST,ADRESE_2000,1
828,ADRESE_2000,IMPERIAL DEVELOPMENT SRL,CLUJ,Cluj Napoca,Lucian Mihai,,,,,,"STRADA PLOIESTI, NR. 6-8, ET. 3",IMPERIAL DEVELOPMENT,ADRESE_2000,1
829,ADRESE_2000,IMPRO SRL,CLUJ,Juc Herghelie,Mariusz Lach,,,,,,"STR. LEONARDO DA VINCI, NR. 15",IMPRO,ADRESE_2000,1
830,ADRESE_2000,IMSAT SERVICE CLUJ SA,CLUJ,Cluj Napoca,Mircea Trif,,,,,,"B-DUL MUNCII, NR. 4-6, BL. DEP. 14",IMSAT SERVICE CLUJ,ADRESE_2000,1
831,ADRESE_2000,INSTAL EXPERT SRL,CLUJ,Cluj Napoca,Antal Tibor,,,,,,"ALEEA DETUNATA, NR. 11, AP. 10",INSTAL EXPERT,ADRESE_2000,1
832,ADRESE_2000,INTER CARS ROMANIA SRL,CLUJ,Cluj Napoca,Marius Mujdei,,,,,,"STR. CAMPUL PAINII, NR. 3-5",INTER CARS ROMANIA,ADRESE_2000,1
833,ADRESE_2000,INTERSERVISAN,CLUJ,Cluj Napoca,Anca Daniela Pop,,,,,,"STR. NICOLAE PASCALY, NR. 5",INTERSERVISAN,ADRESE_2000,1
834,ADRESE_2000,INVEST SERVICII COMERCIALE SRL,CLUJ,Dej,Alexandrina Filimon,,,,,,"STR. NICHITA STANESCU, NR. 1",INVEST SERVICII COMERCIALE,ADRESE_2000,1
835,ADRESE_2000,IQUEST TECHNOLOGIES,CLUJ,Cluj Napoca,Ordean Mihaela Georgetta,,,,,,"STR. SOMESULUI NR. 14, ET. II",IQUEST TECHNOLOGIES,ADRESE_2000,1
836,ADRESE_2000,IRCEM,CLUJ,Cluj Napoca,Elena-Simina Lakatos,,,,,,"CALEA DOROBANTILOR, NR. 71-73",IRCEM,ADRESE_2000,1
837,ADRESE_2000,KADRA TECH SRL,CLUJ,Cluj Napoca,Monica Adriana Sagmar,,,,,,"STR. TAIETURA TURCULUI, NR. 47, CLADIREA KADRA",KADRA TECH,ADRESE_2000,1
838,ADRESE_2000,KAZAL SRL,CLUJ,Dej,Cazan Ana,,,,,,"STR. DUMBRAVA ROSIE, NR. 7",KAZAL,ADRESE_2000,1
839,ADRESE_2000,KESZ CONSTRUCTII ROMANIA SRL,CLUJ,Cluj Napoca,Istvan Albu,,,,,,"STR. BRASOV, NR. 19, CAM. 3",KESZ CONSTRUCTII ROMANIA,ADRESE_2000,1
840,ADRESE_2000,KINETOTEAM,CLUJ,Cluj Napoca,Ionela Nora Cucu,,,,,,"STR. METEOR, NR. 15-17",KINETOTEAM,ADRESE_2000,1
841,ADRESE_2000,KLAIN DIGITAL MARKETING,CLUJ,Cluj Napoca,Bolboaca Valentin,,,,,,"STR. DOSTOIEVSKI, NR. 26-28, CLADIREA B, ET.2",KLAIN DIGITAL MARKETING,ADRESE_2000,1
842,ADRESE_2000,KNOX GROUP SRL,CLUJ,Cluj Napoca,Salajean Daniel Mihai,,,,,,"STR. AUGUST TREBONIU LAURIAN, NR. 3",KNOX GROUP,ADRESE_2000,1
843,ADRESE_2000,KONCEPT ADVERTISING SRL,CLUJ,Cluj Napoca,Raul Goada,,,,,,"STR. GRIGORE MOISIL, NR. 9, BL.C2, AP.1",KONCEPT ADVERTISING,ADRESE_2000,1
844,ADRESE_2000,KOVOSTROJ SRL,CLUJ,Mihai Viteazu,Paval Dragos,,,,,,NR. 7,KOVOSTROJ,ADRESE_2000,1
845,ADRESE_2000,KPMG ROMANIA,CLUJ,Cluj Napoca,Ramona Jurubita,,,,,,"STR. AL. VAIDA VOEVOD, NR. 16, VIVIDO BUSINESS CENTER",KPMG ROMANIA,ADRESE_2000,1
846,ADRESE_2000,LA LORRAINE SRL,CLUJ,Campia Turzii,Minulescu Dan Cristian,,,,,,"STR. LAMINORISTILOR, NR. 151",LA LORRAINE,ADRESE_2000,1
847,ADRESE_2000,LAPP INSULATORS,CLUJ,Turda,Lajos Veres,,,,,,"STR. 22 DECEMBRIE 1989, NR. 31",LAPP INSULATORS,ADRESE_2000,1
848,ADRESE_2000,LECOM BIROTICA ARDEAL SRL,CLUJ,Cluj Napoca,Darius Ciprian Centea,,,,,,"STR. TAIETURA TURCULUI, NR 47",LECOM BIROTICA ARDEAL,ADRESE_2000,1
849,ADRESE_2000,LEGOFRUCT EXPERT SRL,CLUJ,Cluj Napoca,Pavel Daniel Cosmin,,,,,,"STR. TAIETURA TURCULUI, NR. 47, PARC INDUSTRIAL TETAROM I",LEGOFRUCT EXPERT,ADRESE_2000,1
850,ADRESE_2000,LEIER ROM SRL,CLUJ,Cluj Napoca,Cristian Suciu,,,,,,"STR. CIBINULUI, NR. 14",LEIER ROM,ADRESE_2000,1
851,ADRESE_2000,LEMNCONFEX SRL,CLUJ,Cluj Napoca,Prozsa Istvan,,,,,,"STR. PLEVNEI, NR. 31",LEMNCONFEX,ADRESE_2000,1
852,ADRESE_2000,LOGIC SYSTEMS SRL,CLUJ,Cluj Napoca,Iancu Sebastian,,,,,,STR. ARADULUI NR. 27,LOGIC SYSTEMS,ADRESE_2000,1
853,ADRESE_2000,LOGISTIC E VAN WIJK SRL,CLUJ,Sannicoara,Muresan Mircea,,,,,,"STR. CLUJULUI, NR. 7",LOGISTIC E VAN WIJK,ADRESE_2000,1
854,ADRESE_2000,LOGITRUST IMPACT SRL,CLUJ,Cluj Napoca,Gheorghe Cristian Diviricean,,,,,,"STR. TRAIAN VUIA, NR. 214",LOGITRUST IMPACT,ADRESE_2000,1
855,ADRESE_2000,LUXOR RESIDENCE SRL,CLUJ,Floresti,Ionas Feurdean,,,,,,"STR. EROILOR, NR. 82 A, SC. 1,",LUXOR RESIDENCE,ADRESE_2000,1
856,ADRESE_2000,LV AGRO PRODEXIM SRL,CLUJ,Cluj-Napoca,Liebscher Michael Thomas,,,,,,"PIATA GARII, NR. 4-5, ET. 2, BIR. 3",LV AGRO PRODEXIM,ADRESE_2000,1
857,ADRESE_2000,MADD ELECTRONICS GROUP,CLUJ,Cluj Napoca,Daniela Vultan,,,,,,"STR. MARASESTI, NR. 77",MADD ELECTRONICS GROUP,ADRESE_2000,1
858,ADRESE_2000,MAGIC SILVER DISTRIBUTION SRL,CLUJ,Cluj-Napoca,Gabriel Florin Pop,,,,,,"STR. AVRAM IANCU, NR 66",MAGIC SILVER DISTRIBUTION,ADRESE_2000,1
859,ADRESE_2000,MARELLI CLUJ ROMANIA SRL,CLUJ,Cluj Napoca,Carlo Zoli,,,,,,"B-DUL. 21 DECEMBRIE 1989, NR. 77, BL. C-D, ET 5",MARELLI CLUJ ROMANIA,ADRESE_2000,1
860,ADRESE_2000,MARIFLOR PRODCOM SRL,CLUJ,Gherla,Muresan Ana,,,,,,"STR. LIVIU REBREANU, NR. 56",MARIFLOR PRODCOM,ADRESE_2000,1
861,ADRESE_2000,MARINA PROPERTIES CONSTRUCT SRL,CLUJ,Cluj Napoca,Marina Alexandru,,,,,,"STR. ANTON PANN, NR. 34-38, AP. 42",MARINA PROPERTIES CONSTRUCT,ADRESE_2000,1
862,ADRESE_2000,MEDIA EVENT TOUR,CLUJ,Apahida,Ligia Pop,,,,,,"STR. LIBERTATII, NR 90 A",MEDIA EVENT TOUR,ADRESE_2000,1
863,ADRESE_2000,MEDIMAGES SRL,CLUJ,Cluj Napoca,Chiorean Horea,,,,,,"STR. TARNITA, NR. 7, AP. 40",MEDIMAGES,ADRESE_2000,1
864,ADRESE_2000,MEDISPROF,CLUJ,Cluj Napoca,Udrea Carolina Ileana,,,,,,"P-TA 1 MAI, NR. 3",MEDISPROF,ADRESE_2000,2
865,ADRESE_2000,MEGALOC IMOB SRL,CLUJ,Floresti,Zfania Simion,,,,,,"STR. EROILOR, NR. 378, SC. 2, AP. 59",MEGALOC IMOB,ADRESE_2000,1
866,ADRESE_2000,MEGAMIX COMIMPEX SRL,CLUJ,Cluj Napoca,Gabriel Vanca,,,,,,"STR. NICOLAE PASCALY, NR.11, BL.26, SC.2, AP.18",MEGAMIX COMIMPEX,ADRESE_2000,1
867,ADRESE_2000,METALICPLAS ACTIV SA,CLUJ,Dej,Ioan Tecar,,,,,,STR. VAII 2,METALICPLAS ACTIV,ADRESE_2000,1
868,ADRESE_2000,METRO MEDIA TRANSILVANIA,CLUJ,Cluj Napoca,Danila Petru Stelian,,,,,,"STR. CONSTANTIN BRANCUSI, NR. 174, ET. 2",METRO MEDIA TRANSILVANIA,ADRESE_2000,1
869,ADRESE_2000,MFM CONSTRUCT SRL,CLUJ,Cluj Napoca,Mihaela Felecan,,,,,,"STR. OASULUI, NR. 86-90, AP. 2, CORP D",MFM CONSTRUCT,ADRESE_2000,1
870,ADRESE_2000,MHP CONSULTING ROMANIA SRL,CLUJ,Cluj Napoca,Hoermann Bernd Otto,,,,,,"B-DUL CONSTANTIN BRANCUSI, NR. 69-71",MHP CONSULTING ROMANIA,ADRESE_2000,1
871,ADRESE_2000,MIB PRODCOM SRL,CLUJ,Cluj Napoca,Dorin George Bob,,,,,,"STR. TEODOR MIHALI, NR. 39-43",MIB PRODCOM,ADRESE_2000,1
872,ADRESE_2000,MIRACULICS MEDIA,CLUJ,Cluj Napoca,Danut George Petriuc,,,,,,"STR. GH. LAZAR, NR. 22",MIRACULICS MEDIA,ADRESE_2000,1
873,ADRESE_2000,MMM AUTOPARTS SRL,CLUJ,Turda,Jordi Priu,,,,,,"STR. CAMPIEI, NR. 137",MMM AUTOPARTS,ADRESE_2000,1
874,ADRESE_2000,MOBILE DISTRIBUTION SRL,CLUJ,Cluj Napoca,Chira Vasile Calin,,,,,,"CALEA TURZII, NR. 110",MOBILE DISTRIBUTION,ADRESE_2000,1
875,ADRESE_2000,MODULO DECORATIVE SOLUTIONS,CLUJ,Turda,Mihai Gavris,,,,,,"B-DUL 22 DECEMBRIE 1989, NR. 29",MODULO DECORATIVE SOLUTIONS,ADRESE_2000,1
876,ADRESE_2000,MOL ROMANIA PETROLEUM PRODUCTS,CLUJ,Cluj Napoca,Ene Camelia,,,,,,"BDUL. 21 DECEMBRIE 1989, NR. 77",MOL ROMANIA PETROLEUM PRODUCTS,ADRESE_2000,1
877,ADRESE_2000,MOLDOVAN CARMANGERIE SR,CLUJ,Sannicoara,Moldovan Cosmin Stefan,,,,,,"STR. I. L. CARAGIALE, NR. 16",MOLDOVAN CARMANGERIE SR,ADRESE_2000,1
878,ADRESE_2000,MORPHOZA SRL,CLUJ,Cluj Napoca,Calfa Diana Alina,,,,,,"STR. NICOLAE TONITZA, NR. 2 A",MORPHOZA,ADRESE_2000,1
879,ADRESE_2000,MOST SERV SRL,CLUJ,Cluj Napoca,Vasile Danut Stoica,,,,,,"STR. FAGULUI, NR. 31 C",MOST SERV,ADRESE_2000,1
880,ADRESE_2000,MOTILOR SRL,CLUJ,Cluj Napoca,Calin Gabriel Hossu,,,,,,"STR. SALCAMULUI, NR. 13",MOTILOR,ADRESE_2000,1
881,ADRESE_2000,MR DENTALMED SRL,CLUJ,Floresti,Moga-Rogoz Adrian,,,,,,"FLORESTI, STR. AVRAM IANCU, NR. 203",MR DENTALMED,ADRESE_2000,1
882,ADRESE_2000,MSG SYSTEMS ROMANIA SRL,CLUJ,Cluj Napoca,Aigner Stephan,,,,,,"STR. SAMUIEL BRASSAI, NR 9",MSG SYSTEMS ROMANIA,ADRESE_2000,1
883,ADRESE_2000,MULTI COLOR CORPORATION,CLUJ,Cluj Napoca,Astilean Adriana Elena,,,,,,B-DUL MUNCII NR 16,MULTI COLOR CORPORATION,ADRESE_2000,1
884,ADRESE_2000,NADI AGRO SRL,CLUJ,Cluj-Napoca,Cordos Radu,,,,,,"STR. DIMITRIE GUSTI, NR. 3",NADI AGRO,ADRESE_2000,1
885,ADRESE_2000,NAGARRO IQUEST TECHNOLOGIES,CLUJ,Cluj Napoca,Laszlo Nagy,,,,,,"STR. SOMESULUI, NR. 14, ET. 2",NAGARRO IQUEST TECHNOLOGIES,ADRESE_2000,1
886,ADRESE_2000,NAICON SOFTWARE SRL,CLUJ,Cluj Napoca,Iosif Cristin Radu,,,,,,"STR. LUNII, NR. 2 A",NAICON SOFTWARE,ADRESE_2000,1
887,ADRESE_2000,NAPOCHIM IMOBILIARE,CLUJ,Cluj Napoca,Dan Pitic,,,,,,"STR. LUNCII, NR. 19",NAPOCHIM IMOBILIARE,ADRESE_2000,1
888,ADRESE_2000,NASTIMED SERV SRL,CLUJ,Cluj Napoca,Nastase Marius,,,,,,"STR. EMINESCU, NR. 1, AP. 1",NASTIMED SERV,ADRESE_2000,1
889,ADRESE_2000,NEOMEQ SRL,CLUJ,Cluj Napoca,Peres Florin Cosmin,,,,,,"B-DUL. 21 DECEMBRIE 1989, NR. 17, AP. 16",NEOMEQ,ADRESE_2000,1
890,ADRESE_2000,NEON PRODUCT SRL,CLUJ,Cluj Napoca,Ioan Nemeth,,,,,,"STR. PARIS, NR. 38-38 A",NEON PRODUCT,ADRESE_2000,1
891,ADRESE_2000,NERVIA SRL,CLUJ,Cluj Napoca,Ambrus Adam,,,,,,"STR. BRANCOVEANU, NR. 15, AP. 2",NERVIA,ADRESE_2000,1
892,ADRESE_2000,NET BRINEL,CLUJ,Cluj Napoca,Olivier Jouven,,,,,,"B-DUL. NICOLAE TITULESCU, NR. 4",NET BRINEL,ADRESE_2000,1
893,ADRESE_2000,NEW INSOLVENCY SPRL,CLUJ,Cluj Napoca,,,,,,,"STR. P-TA STEFAN CEL MARE, NR. 4, ET. 2, CAM. 220",NEW INSOLVENCY SPRL,ADRESE_2000,1
894,ADRESE_2000,NEWAMPORT ASFALT SRL,CLUJ,Cluj Napoca,Balea Nicolae,office@planeamtagro.ro,,,,,"B-DUL MUNCII, NR. 36",NEWAMPORT ASFALT,ADRESE_2000,1
895,ADRESE_2000,NORA LY AGROSERV SRL,CLUJ,Viisoara,Marinca Gheorghe,office@planeamtagro.ro,,,,,NR. 1217B,NORA LY AGROSERV,ADRESE_2000,1
896,ADRESE_2000,NORD CONFOREST SA,CLUJ,Cluj Napoca,Emil Aschilean,,,,,,"STR. TRAIAN, NR. 77 A",NORD CONFOREST,ADRESE_2000,1
897,ADRESE_2000,NORSTAL SRL,CLUJ,Apahida,Vasile Cristian Tintelecan,,,,,,"STR. LIBERTATII, NR. 236-238",NORSTAL,ADRESE_2000,1
898,ADRESE_2000,NOVA POWER & GAS SRL,CLUJ,Cluj Napoca,Muresan Teofil- Ovidiu,,,,,,"CALEA TURZII, NR. 217",NOVA POWER GAS,ADRESE_2000,1
899,ADRESE_2000,NOVASERVIS FERRO GROUP SRL,CLUJ,Cluj Napoca,Sild Vladimir,,,,,,"STR. CAMPINA, NR 47",NOVASERVIS FERRO GROUP,ADRESE_2000,1
900,ADRESE_2000,NTT DATA,CLUJ,Cluj Napoca,Maria Metz,,,,,,"STR CONSTANTA, NR 19-21",NTT DATA,ADRESE_2000,1
901,ADRESE_2000,NUEVO CONSTRUCT SRL,CLUJ,Cluj Napoca,Sabau Petru Gabriel,,,,,,"STR. TRAIAN VUIA, NR. 204",NUEVO CONSTRUCT,ADRESE_2000,1
902,ADRESE_2000,NYER ROMANIA,CLUJ,Floresti,Kall Tobias Florian,,,,,,"STR. AVRAM IANCU, NR. 492-500",NYER ROMANIA,ADRESE_2000,1
903,ADRESE_2000,ONCOS SA,CLUJ,Floresti,Onaca Vasile,,,,,,"STRADA ABATORULUI, NR. 2",ONCOS,ADRESE_2000,1
904,ADRESE_2000,OSMA PLAST ROMANIA,CLUJ,Turda,Davide Bisognin,,,,,,STR PETRU RARES NR. 11,OSMA PLAST ROMANIA,ADRESE_2000,1
905,ADRESE_2000,OXYGEN,CLUJ,Cluj Napoca,Ruxandra Marin,,,,,,"STR. DIMITRIE CANTEMIR, NR. 1",OXYGEN,ADRESE_2000,1
906,ADRESE_2000,P4B IT SRL,CLUJ,Cluj Napoca,Krahn Arno Norbert,,,,,,STR. CIRESILOR NR. 55,P4B IT,ADRESE_2000,1
907,ADRESE_2000,PABLO SIGN,CLUJ,Cluj Napoca,Adrian Mircea Pop,,,,,,"STR. VALEA SEACA, NR. 1 A, HALA 5",PABLO SIGN,ADRESE_2000,1
908,ADRESE_2000,PAD INVEST SRL,CLUJ,Cluj Napoca,Alex Marcis,,,,,,"STR. PLOPILOR, NR. 57-62, AP. 1",PAD INVEST,ADRESE_2000,1
909,ADRESE_2000,PANEMAR MORARIT SI PANIFICATIE SRL,CLUJ,Cluj-Napoca,Nicolae Chiorean,,,,,,"STR. TARNAVELOR, NR 28",PANEMAR MORARIT SI PANIFICATIE,ADRESE_2000,1
910,ADRESE_2000,PEHART TEC GRUP SA,CLUJ,Dej,Stanculescu Adrian,,,,,,"STR. 1 MAI, NR. 113",PEHART TEC GRUP,ADRESE_2000,1
911,ADRESE_2000,PHOENIX OMEGA IPURL,CLUJ,Cluj Napoca,,,,,,,"STR. MINERILOR, NR.49",PHOENIX OMEGA IPURL,ADRESE_2000,1
912,ADRESE_2000,PILKINGTON AUTOMOTIVE ROMANIA,CLUJ,Cluj Napoca,Robert Burkhardt,,,,,,"STR. DOROBANTILOR, NR. 128",PILKINGTON AUTOMOTIVE ROMANIA,ADRESE_2000,1
913,ADRESE_2000,PITAS INVESTMENTS SRL,CLUJ,Cluj Napoca,Anamaria Dragos,,,,,,"STR. REPUBLICII, NR. 93",PITAS INVESTMENTS,ADRESE_2000,1
914,ADRESE_2000,PIZZAROTTI SA,CLUJ,Cluj Napoca,Colla Marco Giuseppe,,,,,,"STR. TRAIAN VUIA, NR. 91 A",PIZZAROTTI,ADRESE_2000,1
915,ADRESE_2000,PLANTEXTRAKT SRL,CLUJ,Radaia,Peev Igor Kiril,,,,,,FN,PLANTEXTRAKT,ADRESE_2000,1
916,ADRESE_2000,POLUS RESIDENCE SRL,CLUJ,Cluj Napoca,Boca Aurel,,,,,,"STR. GEN. EREMIA GRIGORESCU, NR. 106",POLUS RESIDENCE,ADRESE_2000,1
917,ADRESE_2000,POPA M CONSULTING,CLUJ,Cluj Napoca,Popa Mircea Aurelian,,,,,,"ALEEA GODEANU, NR.8, AP.25",POPA M CONSULTING,ADRESE_2000,1
918,ADRESE_2000,PORSCHE ENGINEERING ROMANIA,CLUJ,Cluj Napoca,Marius Mihailovici,,,,,,"STR. ALEX. VAIDA VOEVOD, NR. 16, ET. 8",PORSCHE ENGINEERING ROMANIA,ADRESE_2000,1
919,ADRESE_2000,POWER BELT SRL,CLUJ,Cluj Napoca,Turos Arpad,,,,,,"B-DUL MUNCII, NR. 277",POWER BELT,ADRESE_2000,1
920,ADRESE_2000,PREMIERE M,CLUJ,Cluj Napoca,Maria Man,,,,,,"STR. HOREA, NR. 6, AP. 15",PREMIERE M,ADRESE_2000,1
921,ADRESE_2000,PRO NUTRITION IMPEX SRL,CLUJ,Dej,Ghenea Vasile,,,,,,"ALEEA TOMIS, NR. 1",PRO NUTRITION IMPEX,ADRESE_2000,1
922,ADRESE_2000,PRO TOOLS EXPERT,CLUJ,Cluj-Napoca,Adrian Stanculescu,,,,,,STR. HENRI BARBUSSE NR 75B,PRO TOOLS EXPERT,ADRESE_2000,1
923,ADRESE_2000,PRODVINALCO SA,CLUJ,Cluj Napoca,Albon Vasile,,,,,,"CALEA BACIULUI, NR. 2-4",PRODVINALCO,ADRESE_2000,1
924,ADRESE_2000,PROMEDIS,CLUJ,Cluj Napoca,,,,,,,"STR. BUCURESTI, NR. 80-82",PROMEDIS,ADRESE_2000,1
925,ADRESE_2000,PROMELEK XXI SA,CLUJ,Apahida,Nagy Karoly,,,,,,"STR. LIBERTATII, NR. 21",PROMELEK XXI,ADRESE_2000,1
926,ADRESE_2000,PROMPT URG,CLUJ,Cluj Napoca,Carmen Diaconescu,,,,,,"STR. BAITA, NR. 9",PROMPT URG,ADRESE_2000,1
927,ADRESE_2000,PUIUL REGAL SRL,CLUJ,Gilau,Balas Gabriel,,,,,,"STR. PRINCIPALA, NR. 639",PUIUL REGAL,ADRESE_2000,1
928,ADRESE_2000,PUNCTUAL COMIMPEX SRL,CLUJ,Cluj-Napoca,Vasile Muresan,,,,,,"STR. MARGINASA, NR 52",PUNCTUAL COMIMPEX,ADRESE_2000,1
929,ADRESE_2000,PURMO GROUP ROMANIA,CLUJ,Juc Herghelie,Crisan Anca Maria,,,,,,NR. 69,PURMO GROUP ROMANIA,ADRESE_2000,1
930,ADRESE_2000,PYRONOVA IS ROMANIA SRL,CLUJ,Cluj Napoca,Mriso Peter,,,,,,"CALEA TURZII, NR. 192",PYRONOVA IS ROMANIA,ADRESE_2000,1
931,ADRESE_2000,QUANTAL PRIMA SRL,CLUJ,Campia Turzii,Margauan Eugen,,,,,,"STR. AUREL VLAICU, NR. 61",QUANTAL PRIMA,ADRESE_2000,1
932,ADRESE_2000,RADIOTHERAPY CENTER CLUJ,CLUJ,Floresti,Dr. Ciprian Casian,,,,,,"STR. RAZOARE, NR. 486 G",RADIOTHERAPY CENTER CLUJ,ADRESE_2000,1
933,ADRESE_2000,RDCONS INVEST SRL,CLUJ,Cluj Napoca,Susan Ion Daniel,,,,,,"STR. STEFAN AUGUSTIN DOINAS, NR. 1, AP. 5",RDCONS INVEST,ADRESE_2000,1
934,ADRESE_2000,REBELDOT SOLUTION SRL,CLUJ,Cluj Napoca,Ciuleanu Tudor Armand,,,,,,"STR. ALVERNA, NR. 23, ET. III",REBELDOT SOLUTION,ADRESE_2000,1
935,ADRESE_2000,RECOGNOS ROMANIA,CLUJ,Cluj Napoca,Ladislau Muller,,,,,,"STR. VICTOR BABES, NR 21",RECOGNOS ROMANIA,ADRESE_2000,1
936,ADRESE_2000,REIF INFRA SRL,CLUJ,Cluj Napoca,Bernath Levente Laszlo,,,,,,"STR. IUGOSLAVIEI, NR. 64, ET. 2, AP. 3",REIF INFRA,ADRESE_2000,1
937,ADRESE_2000,REMATINVEST SRL,CLUJ,Cluj Napoca,Ciupe Liviu,,,,,,"CALEA DEZMIRULUI, FN, SOMESENI",REMATINVEST,ADRESE_2000,1
938,ADRESE_2000,REMEDIUM FARM SRL,CLUJ,Cluj-Napoca,Viorica Gavrea,,,,,,"B-DUL 21 DECEMBRIE 1989, NR. 131, AP. 160",REMEDIUM FARM,ADRESE_2000,1
939,ADRESE_2000,REMS REAL ESTATE,CLUJ,Cluj Napoca,Cristina Gherman,,,,,,"STR EROILOR, NR 16, CORP E, ET 1",REMS REAL ESTATE,ADRESE_2000,1
940,ADRESE_2000,REPRO INVEST,CLUJ,Cluj Napoca,Valentin Visan,,,,,,"STR. ATTILA JOZSEF, NR. 35",REPRO INVEST,ADRESE_2000,1
941,ADRESE_2000,RITAK SRL,CLUJ,Mihai Viteazu,Adam Istvan,,,,,,"STR. IZVOR, NR. 558",RITAK,ADRESE_2000,1
942,ADRESE_2000,RMB INTER AUTO SRL,CLUJ,Cluj Napoca,Rus Ioan,,,,,,"CALEA TURZII, NR. 172",RMB INTER AUTO,ADRESE_2000,1
943,grecia,ROCAS DECOR SRL,CLUJ,Cluj Napoca,Banakas Konstantinos,ioannis@rocasdecor.ro,office@rocasdecor.ro,,,16998300,"STR. CAMPINA, NR. 62",ROCAS DECOR,grecia,1
944,ADRESE_2000,RODEAPPS SRL,CLUJ,Cluj Napoca,Herea Buzatu Bogdan,,,,,,"STR. CAMPUL PAINII NR. 3-5, CORATIM BUSINESS CENTER",RODEAPPS,ADRESE_2000,1
945,ADRESE_2000,ROLICOM IMPORT EXPORT SRL,CLUJ,Cluj-Napoca,Mircea Matei,,,,,,PIATA 1 MAI 4-5,ROLICOM IMPORT EXPORT,ADRESE_2000,1
946,ADRESE_2000,ROMSERG EXIM SRL,CLUJ,Floresti,Sos Ioan,,,,,,"STR. CETATII, NR. 9",ROMSERG EXIM,ADRESE_2000,1
947,ADRESE_2000,RONDOCARTON SRL,CLUJ,Sannicoara,Baldea Mihnea Silviu,,,,,,"STR. AVIATORILOR, NR. 2A",RONDOCARTON,ADRESE_2000,1
948,ADRESE_2000,ROSICO IMPEX SRL,CLUJ,Cluj-Napoca,Rosca Rodica,,,,,,"STR. VLADEASA, NR. 20",ROSICO IMPEX,ADRESE_2000,1
949,ADRESE_2000,ROTARY CLUB CLUJ-NAPOCA,CLUJ,Cluj Napoca,Traian Tudor Strimbu,,,,,,"STR. EMMANUEL DE MARTONNE, NR. 1",ROTARY CLUB CLUJ NAPOCA,ADRESE_2000,1
950,ADRESE_2000,ROTTAPRINT SRL,CLUJ,Apahida,Mihaela Chifor,,,,,,"STR. LIBERTATII, NR. 295",ROTTAPRINT,ADRESE_2000,1
951,ADRESE_2000,ROUTIER EUROPEAN TRANSPORT SRL,CLUJ,Gilau,Rares Retegan,,,,,,NR. 1334 (INTRARE AUTOSTRADA A3),ROUTIER EUROPEAN TRANSPORT,ADRESE_2000,1
952,ADRESE_2000,RTZ & PARTNERS S.P.R.L,CLUJ,Cluj Napoca,Razvan Traian Zavaleanu,,,,,,"ALEEA DETUNATA, NR. 4",RTZ PARTNERS S P R L,ADRESE_2000,1
953,ADRESE_2000,SAAN TRUCKING SRL,CLUJ,Cluj Napoca,Alferink Rutger Alexander,,,,,,"CALEA BACIULUI, NR. 47",SAAN TRUCKING,ADRESE_2000,1
954,ADRESE_2000,SAFEWAY INTERNATIONAL IMPEX,CLUJ,Cluj Napoca,Shakhshir Basel,,,,,,"STR. TRAIAN VUIA, NR. 182",SAFEWAY INTERNATIONAL IMPEX,ADRESE_2000,1
955,ADRESE_2000,SALICE COMPROD SRL,CLUJ,Cluj Napoca,Ioan Iancu,,,,,,"STR. TAIETURA TURCULUI, NR. 47, HALA H 3, PARC TETAROM I",SALICE COMPROD,ADRESE_2000,1
956,ADRESE_2000,SAMUS TEC SA,CLUJ,Dej,Ioan Tecar,,,,,,"STR, VAII, NR. 2",SAMUS TEC,ADRESE_2000,1
957,ADRESE_2000,SANEX SA,CLUJ,Cluj Napoca,Grindeanu Petrisor,,,,,,"STR. BEIUSULUI, NR. 1",SANEX,ADRESE_2000,1
958,ADRESE_2000,SANTOMAR ONCODIAGNOSTIC SRL,CLUJ,Cluj Napoca,Fady Chreih,,,,,,"STR. CAMPULUI, NR 42, AP. 32",SANTOMAR ONCODIAGNOSTIC,ADRESE_2000,1
959,ADRESE_2000,SARMATEC SRL,CLUJ,Apahida,Vuylsteke Joseph M. Francois,,,,,,"STR. CONSTRUCTORILOR, NR. 28-30",SARMATEC,ADRESE_2000,1
960,ADRESE_2000,SDC IMOBILIARE,CLUJ,Cluj Napoca,Stefan Berciu,,,,,,"STR. PROF. DR. GH. MARINESCU, NR. 36-38",SDC IMOBILIARE,ADRESE_2000,1
961,ADRESE_2000,SECPRAL PRO INSTALATII SRL,CLUJ,Cluj-Napoca,Elisabeta Erika Hristea,,,,,,"STR. VLAD TEPES, NR 2",SECPRAL PRO INSTALATII,ADRESE_2000,1
962,ADRESE_2000,SEKO SIETA SRL,CLUJ,Cluj Napoca,Stefano Folio,,,,,,"STR. 1 MAI, NR 4-5",SEKO SIETA,ADRESE_2000,1
963,ADRESE_2000,SELECT ADVERTISING,CLUJ,Cluj Napoca,Vlad Andrei Muresan,,,,,,"STR. CALEA TURZII, NR. 185",SELECT ADVERTISING,ADRESE_2000,1
964,ADRESE_2000,SERVELECT SRL,CLUJ,Cluj Napoca,Andrei Ceclan,,,,,,"STR. FABRICII DE ZAHAR, NR. 109",SERVELECT,ADRESE_2000,1
965,ADRESE_2000,SERVUS CLUJ (CLEVER MEDIA),CLUJ,Cluj Napoca,Sorin Emil Lapusan,,,,,,"STR. CETATII, NR. 39, DEMISOL, AP. 2",SERVUS CLUJ CLEVER MEDIA,ADRESE_2000,1
966,ADRESE_2000,SINTEROM SA,CLUJ,Cluj Napoca,Vasile Lazar,,,,,,"B-DUL MUNCII, NR. 12",SINTEROM,ADRESE_2000,1
967,ADRESE_2000,SKIPTRANS SRL,CLUJ,Cluj Napoca,Jost Roland Ernst,,,,,,"STR. TRAIAN VUIA, NR. 204",SKIPTRANS,ADRESE_2000,1
968,ADRESE_2000,SMALL FOOTPRINT SRL,CLUJ,Cluj Napoca,Nocetti Nestor Augusto,,,,,,"STR. REPUBLICII, NR. 24",SMALL FOOTPRINT,ADRESE_2000,1
969,ADRESE_2000,SOFTECH SRL,CLUJ,Cluj Napoca,Levente Szelyes,,,,,,STR. FRUNZISULUI NR. 29,SOFTECH,ADRESE_2000,1
970,ADRESE_2000,SOFTINGROM SRL,CLUJ,Cluj Napoca,Opan Ioan Sorin,,,,,,"STR. BUFTEA NR. 1, ET. I",SOFTINGROM,ADRESE_2000,1
971,ADRESE_2000,SOFTVISION SRL,CLUJ,Cluj Napoca,Delbrook Thomas,,,,,,"STR. REPUBLICII, NR. 57-59, AP. 3",SOFTVISION,ADRESE_2000,1
972,ADRESE_2000,SOLARIS REAL ESTATE,CLUJ,Cluj Napoca,Calin Visan,,,,,,"STR. HENRI BARBUSSE, NR. 19, ET. 3",SOLARIS REAL ESTATE,ADRESE_2000,1
973,ADRESE_2000,SOLVENDI SPRL,CLUJ,Cluj Napoca,Marius Grecu,,,,,,"STR. PITESTI, NR. 18, ET. II",SOLVENDI SPRL,ADRESE_2000,1
974,ADRESE_2000,SOMEG GHERLA SA,CLUJ,Gherla,,,,,,,"STR. FABRICII, NR. 19",SOMEG GHERLA,ADRESE_2000,1
975,ADRESE_2000,SOMESUL CALD PRODUCTIE SRL,CLUJ,Floresti,Crisan Gertrude Erika,,,,,,"STR. AVRAM IANCU, NR. 408 F, CORP C2",SOMESUL CALD PRODUCTIE,ADRESE_2000,1
976,ADRESE_2000,SOMLEA & ASOCIATII,CLUJ,Cluj Napoca,Radu Moisin,,,,,,"STR. MILTON LEHRER 22, ET, 1 SI 2",SOMLEA ASOCIATII,ADRESE_2000,1
977,ADRESE_2000,SOPHIA BUSINESS CAPITAL SRL,CLUJ,Cluj Napoca,Ioan Andrei Giurgiu,,,,,,"STR. CARDINAL IULIU HOSSU, NR. 41",SOPHIA BUSINESS CAPITAL,ADRESE_2000,1
978,ADRESE_2000,SORTILEMN SA,CLUJ,Gherla,Ludovic Ghisa,,,,,,"STR. CLUJULUI, NR. 7",SORTILEMN,ADRESE_2000,1
979,ADRESE_2000,STEELCASE SRL,CLUJ,Cluj Napoca,Olimpia Mihaela Oltean,,,,,,"B-DUL 21 DECEMBRIE 1989, NR. 104",STEELCASE,ADRESE_2000,1
980,ADRESE_2000,STORM LOGISTIC SRL,CLUJ,Gherla,Bob Iacob,,,,,,"STR. GRADINARILOR, NR. 30, SC. 2, AP. 19",STORM LOGISTIC,ADRESE_2000,1
981,ADRESE_2000,STUDIUM GREEN,CLUJ,Cluj Napoca,Dorin Bob,,,,,,"STR. TEODOR MIHALI, NR. 39-43",STUDIUM GREEN,ADRESE_2000,1
982,ADRESE_2000,SUCIU ANR SRL,CLUJ,Berchiesu,Suciu Dumitru,,,,,,NR. 119,SUCIU ANR,ADRESE_2000,1
983,ADRESE_2000,SUNIMPROF ROTTAPRINT SRL,CLUJ,Apahida,Arnella Nechita Rotta,,,,,,"STR. LIBERTATII, NR 295",SUNIMPROF ROTTAPRINT,ADRESE_2000,1
984,ADRESE_2000,SYKES ENTERPRISES EASTERN EUROPE,CLUJ,Cluj Napoca,John Chapman,,,,,,"STR. HENRI BARBUSSE, NR. 44-46, CORP B, ET. 5",SYKES ENTERPRISES EASTERN EUROPE,ADRESE_2000,1
985,ADRESE_2000,T S I. RO SRL,CLUJ,Cluj Napoca,Schwartz Thomas,,,,,,"STR. TRAIAN VUIA, NR. 204, HALA C",T S I RO,ADRESE_2000,1
986,ADRESE_2000,TAKE OF LABS SRL,CLUJ,Cluj Napoca,Tandrau Alex. Octavian,,,,,,STR. PINTEA VITEAZUL NR. 7,TAKE OF LABS,ADRESE_2000,1
987,ADRESE_2000,TARGET E NEARSHORING SRL,CLUJ,Cluj Napoca,Mot Adrian,,,,,,STR. TEBEI NR. 21,TARGET E NEARSHORING,ADRESE_2000,1
988,ADRESE_2000,TCI CONTRACTOR GENERAL,CLUJ,Cluj Napoca,Ene George Leontin,,,,,,"STR. ALEX. VAIDA VOIEVOD, NR. 2,",TCI CONTRACTOR GENERAL,ADRESE_2000,1
989,ADRESE_2000,TEC SOFTWARE SOLUTION,CLUJ,Cluj Napoca,Traian Emil Rus,,,,,,"STR. PLOPILOR NR. 68, PARTER, INTRAREA 4",TEC SOFTWARE SOLUTION,ADRESE_2000,1
990,ADRESE_2000,TECHNIC GLASS SRL,CLUJ,Cluj Napoca,Sarbu Radu Ovidiu,,,,,,"CALEA BACIULUI, NR. 2",TECHNIC GLASS,ADRESE_2000,1
991,ADRESE_2000,TEHNOAGRO SRL,CLUJ,Câmpia Turzii,Podar Stelian Dan,,,,,,"STR. GRIVITEI, NR. 15",TEHNOAGRO,ADRESE_2000,1
992,ADRESE_2000,TEHNOFAVORIT SA,CLUJ,Bontida,Andrei Zsolt Buzogany,,,,,,"STR. STEFAN EMILIAN, NR. 273",TEHNOFAVORIT,ADRESE_2000,1
993,ADRESE_2000,TELENAV SOFTWARE SRL,CLUJ,Cluj Napoca,Barabas Mihai,,,,,,"B-DUL 21 DECEMBRIE 1989, NR. 77, CLADIREA E, PARTER",TELENAV SOFTWARE,ADRESE_2000,1
994,ADRESE_2000,TELLUS INVEST SRL,CLUJ,Cluj Napoca,Anica Capusan,,,,,,"STR. BUNA ZIUA, NR. 37, BL. E1 B, SC. 1, AP. 3",TELLUS INVEST,ADRESE_2000,1
995,ADRESE_2000,TERAPIA SA,CLUJ,Cluj Napoca,Damian Dragos Eugen,,,,,,"STR. FABRICII, NR. 124",TERAPIA,ADRESE_2000,1
996,ADRESE_2000,TERAPIA SUN PHARMA,CLUJ,Cluj Napoca,Bogdan Lucian Craciunas,,,,,,"STR. FABRICII, NR. 124",TERAPIA SUN PHARMA,ADRESE_2000,1
997,ADRESE_2000,TERAX SRL,CLUJ,Cluj Napoca,Marusciac Mihai Florin,,,,,,"STR. MARIN SORESCU, NR. 3",TERAX,ADRESE_2000,1
998,ADRESE_2000,TERRA GRES SRL,CLUJ,Cluj Napoca,Bogdan Ionut Crisan,,,,,,"STR. OBSERVATORULUI, NR. 90",TERRA GRES,ADRESE_2000,1
999,ADRESE_2000,TERRA HABITAT SRL,CLUJ,Cluj Napoca,Petean Radu Ionut,,,,,,"STR. ALVERNA, NR. 79, AP. 41",TERRA HABITAT,ADRESE_2000,1
1000,ADRESE_2000,TERRA STRUCTURES,CLUJ,Cluj Napoca,Pop Lucian Marian,,,,,,"STR. INULUI, NR. 2-5, CORP II, AP. 2",TERRA STRUCTURES,ADRESE_2000,1
1001,ADRESE_2000,THOMSONS ONLINE BENEFITS SRL,CLUJ,Cluj Napoca,Ioana Anca Ielciu,,,,,,"B-DUL 21 DECEMBRIE 1989, NR. 77, BL. E-F, ET. 6",THOMSONS ONLINE BENEFITS,ADRESE_2000,1
1002,ADRESE_2000,TIGER SOMES IMPEX SA,CLUJ,Dej,Adrian Itu,,,,,,STR. BISTRITEI NR 63,TIGER SOMES IMPEX,ADRESE_2000,1
1003,ADRESE_2000,TIRRENA SCAVI SPA,CLUJ,Sannicoara,Dakoli Moren,,,,,,"STR. CLUJULUI, NR. 89",TIRRENA SCAVI SPA,ADRESE_2000,1
1004,ADRESE_2000,TOP MARKET COMIMPEX SRL,CLUJ,Cluj-Napoca,Liviu Retegan,,,,,,"STR. BUCURESTI, NR 51",TOP MARKET COMIMPEX,ADRESE_2000,1
1005,ADRESE_2000,TORA TRADING,CLUJ,Cluj Napoca,Preda Razvan,,,,,,"STR. NICOLAE IORGA, NR. 1",TORA TRADING,ADRESE_2000,1
1006,ADRESE_2000,TOTAL QUALITY CONS SRL,CLUJ,Cluj Napoca,Cotroaza Gheorghe,,,,,,"CALEA SOMESENI, NR. 6",TOTAL QUALITY CONS,ADRESE_2000,1
1007,ADRESE_2000,TRANS SESE SRL,CLUJ,Cluj Napoca,Leo Cocoara,,,,,,"STR. CONSTANTIN BRANCOVEANU, NR. 15, ap. 4",TRANS SESE,ADRESE_2000,1
1008,ADRESE_2000,TRANSART SRL,CLUJ,Cluj Napoca,Iurian Marius Florin,,,,,,"CALEA TURZII, NR. 241 C",TRANSART,ADRESE_2000,1
1009,ADRESE_2000,TRANSCARPATICA SA,CLUJ,Cluj Napoca,Cimpean Gavril,,,,,,"B-DUL MUNCII, NR. 16",TRANSCARPATICA,ADRESE_2000,1
1010,ADRESE_2000,TRANSFEROVIAR GRUP SA,CLUJ,Cluj-Napoca,Dumitru Barbacuti,,,,,,"STR. TUDOR VLADIMIRESCU, NR 2-4",TRANSFEROVIAR GRUP,ADRESE_2000,1
1011,ADRESE_2000,TRANSILVANIA CONSTRUCTII SRL,CLUJ,Cluj Napoca,Andrei Iancu Timofte,,,,,,"STR. TAIETURA TURCULUI, NR. 47, CORP A, BUSINESS NOVIS PLAZA",TRANSILVANIA CONSTRUCTII,ADRESE_2000,1
1012,ADRESE_2000,TRANSINVEST SRL,CLUJ,Cluj Napoca,Victor Tighinean,,,,,,"STR. TUDOR VLADIMIRESCU, FN",TRANSINVEST,ADRESE_2000,1
1013,ADRESE_2000,TRANSYLVANIAN WELLNESS PRODUCTS SRL,CLUJ,Gheorgheni,Vitus Csaba,,,,,,NR. 436 A,TRANSYLVANIAN WELLNESS PRODUCTS,ADRESE_2000,1
1014,ADRESE_2000,TRASMEC PRODUCTION RO SRL,CLUJ,Cluj Napoca,Farczadi Corina,,,,,,"STR. CORNELIU COPOSU, NR. 167",TRASMEC PRODUCTION RO,ADRESE_2000,1
1015,ADRESE_2000,TRAUST CONSTRUCTII SI INSTALATII,CLUJ,Gilau,Irina Pop,,,,,,"STR. BALASTIEREI, NR. 1 S, URBANO PARKS, MODUL 2",TRAUST CONSTRUCTII SI INSTALATII,ADRESE_2000,1
1016,ADRESE_2000,TREND FURNITURE SRL,CLUJ,Cluj Napoca,Baltaretu Viorel,,,,,,"STR. LUCEAFARULUI, NR. 11, AP. 19",TREND FURNITURE,ADRESE_2000,1
1017,ADRESE_2000,UBB,CLUJ,Cluj Napoca,Prof. Univ. Dr. Daniel David,,,,,,"STR MIHAIL KOGALNICEANU, NR 1",UBB,ADRESE_2000,1
1018,ADRESE_2000,ULMA PACKAGING SRL,CLUJ,Apahida,Gonzales Zubia Inaki,,,,,,"STR. CONSTRUCTORILOR, NR. 24",ULMA PACKAGING,ADRESE_2000,1
1019,ADRESE_2000,UNDOI ADVERTISING,CLUJ,Cluj Napoca,Marcel Doru Popescu,,,,,,"STR. MARAMURESULUI, NR. 134",UNDOI ADVERTISING,ADRESE_2000,1
1020,ADRESE_2000,UNIQA RAIFFEISEN SOFTWARE SERVICE,CLUJ,Cluj Napoca,Iuliana Stoica,,,,,,"STR. EMIL RACOVITA, NR. 23",UNIQA RAIFFEISEN SOFTWARE SERVICE,ADRESE_2000,1
1021,ADRESE_2000,UNIV. DE MEDICINA SI FARMACIE ”IULIU HATIEGANU”,CLUJ,Cluj Napoca,Anca Dana Buzoianu,,,,,,"STR. VICTOR BABES, NR. 8",UNIV DE MEDICINA SI FARMACIE IULIU HATIEGANU,ADRESE_2000,1
1022,ADRESE_2000,UNIV. DE STIINTE AGRICOLE SI MEDICINA VETERINARA,CLUJ,Cluj Napoca,Cornel Catoi,,,,,,"CALEA MANASTUR, NR. 3-5",UNIV DE STIINTE AGRICOLE SI MEDICINA VETERINARA,ADRESE_2000,1
1023,ADRESE_2000,UNIVERSITATEA BABES BOLYAI,CLUJ,Cluj Napoca,Daniel David,,,,,,"STR. MIHAIL KOGALNICEANU, NR. 1",UNIVERSITATEA BABES BOLYAI,ADRESE_2000,1
1024,ADRESE_2000,UNIVERSITATEA DE ARTA SI DESIGN,CLUJ,Cluj Napoca,Radu Moraru,,,,,,"PIATA UNIRII, NR. 31",UNIVERSITATEA DE ARTA SI DESIGN,ADRESE_2000,1
1025,ADRESE_2000,UP VISION SRL,CLUJ,Cluj Napoca,Ungureanu Sergiu,,,,,,"STR. NAPOCA, NR. 12, AP. 4",UP VISION,ADRESE_2000,1
1026,ADRESE_2000,URCARN SRL,CLUJ,Campia Turzii,Urcan Vasile,,,,,,"STR. REPUBLICII, Nr. 45",URCARN,ADRESE_2000,1
1027,ADRESE_2000,USAMV CLUJ,CLUJ,Cluj Napoca,Lucian Nas,,,,,,"CALEA MANASTUR, NR. 3-5",USAMV CLUJ,ADRESE_2000,1
1028,ADRESE_2000,UTILBEN SRL,CLUJ,Cluj Napoca,Oana Marian,,,,,,"B-DUL MUNCII, NR. 36",UTILBEN,ADRESE_2000,1
1029,ADRESE_2000,VDM INVEST,CLUJ,Cluj Napoca,Vincent Demeyere,,,,,,"STR. BALADEI, NR. 5",VDM INVEST,ADRESE_2000,1
1030,ADRESE_2000,VENUS IMPEX SRL,CLUJ,Cluj Napoca,Bere Mircea,,,,,,"PARC FEROVIARILOR, NR. 3",VENUS IMPEX,ADRESE_2000,1
1031,ADRESE_2000,VERBAU ROMANIA SRL,CLUJ,Cluj Napoca,Somogyi Alexandru,,,,,,"STR. MARAMURESULUI, NR. 46, AP. 5",VERBAU ROMANIA,ADRESE_2000,1
1032,ADRESE_2000,VERLA SRL,CLUJ,Cluj Napoca,Viorel Verzea,,,,,,"STR. CORNELIU COPOSU, NR. 41",VERLA,ADRESE_2000,1
1033,ADRESE_2000,VERUM INSOLVENCYSPRL,CLUJ,Cluj Napoca,Sanda Dodu,,,,,,"CALEA DOROBANTILOR, NR. 38, ET. 1, AP. 18",VERUM INSOLVENCYSPRL,ADRESE_2000,1
1034,ADRESE_2000,VIALIN INVEST,CLUJ,Floresti,Vasile Bulzan,,,,,,"STR. SUB CETATE, NR. 222, SC. 1, AP. 1",VIALIN INVEST,ADRESE_2000,1
1035,ADRESE_2000,VIBRACOUSTIC ROMANIA SRL,CLUJ,Dej,Greif Hans Jorg,,,,,,"STR. HENRI COANDA, NR. 3",VIBRACOUSTIC ROMANIA,ADRESE_2000,1
1036,ADRESE_2000,VITACOM ELECTRONICS SRL,CLUJ,Cluj Napoca,Vita Vasile Andrei,,,,,,"STR. BUNA ZIUA, FN",VITACOM ELECTRONICS,ADRESE_2000,1
1037,ADRESE_2000,VITI & SCOPE SRL,CLUJ,Cluj-Napoca,Mihaila Moldovan Vlad,,,,,,"STR. ANATOLE FRANCE, NR. 18",VITI SCOPE,ADRESE_2000,1
1038,ADRESE_2000,VITRINA ADVERTISING,CLUJ,Cluj Napoca,Mihaela Sorina Rus,,,,,,"STR. G. BARITIU, NR. 24, AP. 4",VITRINA ADVERTISING,ADRESE_2000,1
1039,ADRESE_2000,VLG RO SRL,CLUJ,Martinesti,Domocos Alexandru,,,,,,NR. 7 B,VLG RO,ADRESE_2000,1
1040,ADRESE_2000,VOLVO TRUCKS ROMANIA,CLUJ,Gilau,Dorin Capata,,,,,,STR. PRINCIPALA,VOLVO TRUCKS ROMANIA,ADRESE_2000,1
1041,ADRESE_2000,VOS LOGISTICS CARGO SA,CLUJ,Cluj Napoca,Marton Dozsa,,,,,,"STR. TAIETURA TURCULUI, NR. 47, CORP A, ET. 2, NOVIS PLAZA",VOS LOGISTICS CARGO,ADRESE_2000,1
1042,ADRESE_2000,WEBERBAU SRL,CLUJ,Cluj Napoca,Weber Tibor Rudolf,,,,,,"STR. DOSTOIEVSKI, NR. 28",WEBERBAU,ADRESE_2000,1
1043,ADRESE_2000,WINCON SRL,CLUJ,Cluj-Napoca,Bogdan Irsik,,,,,,STR. G-RAL ION DRAGALINA 93,WINCON,ADRESE_2000,1
1044,ADRESE_2000,WIND ENERGY SERVICE EAST EUROPE SRL,CLUJ,Cluj Napoca,Muresan Teofil- Ovidiu,,,,,,"CALEA TURZII, NR. 217",WIND ENERGY SERVICE EAST EUROPE,ADRESE_2000,1
1045,ADRESE_2000,WIP INDUSTRIES ROMANIA SRL,CLUJ,Apahida,Daniela-Alexandra Radu,,,,,,"STR. CONSTRUCTORILOR, NR. 22",WIP INDUSTRIES ROMANIA,ADRESE_2000,1
1046,ADRESE_2000,WOLFPACK DIGITAL SRL,CLUJ,Cluj Napoca,Lupu Florian Georgiana,,,,,,STR. RACOVITA NR. 37,WOLFPACK DIGITAL,ADRESE_2000,1
1047,ADRESE_2000,WOODEN TECHNIC PRODIMPEX,CLUJ,Cluj Napoca,Francisc Deak,,,,,,"B-DUL MUNCII, NR. 247 C",WOODEN TECHNIC PRODIMPEX,ADRESE_2000,1
1048,ADRESE_2000,WORWAG PHARMA ROMANIA,CLUJ,Cluj Napoca,Norina Alinta Gavan,,,,,,"STR. GARII, NR. 21, CORP D, INTRARE D1, ET, 2, LIBERTY TECHNOLOGY PARK",WORWAG PHARMA ROMANIA,ADRESE_2000,1
1049,ADRESE_2000,YARDI,CLUJ,Cluj Napoca,Morrell Gordon,,,,,,"B-DUL 21 DECEMBRIE 1989, NR. 77, BL.A-B, ET. 3, AP. 3",YARDI,ADRESE_2000,1
1050,ADRESE_2000,YONDER SRL,CLUJ,Cluj Napoca,Mihai Nadas,,,,,,"B-DUL 21 DECEMBRIE 1989, NR. 77, CLADIREA A, ET. 1",YONDER,ADRESE_2000,1
1051,ADRESE_2000,ZIPPER SERVICES SRL,CLUJ,Cluj Napoca,Molnar Gergely,,,,,,STR. FABRICII NR. 93-103,ZIPPER SERVICES,ADRESE_2000,1
1052,grecia,BLACK SEA SUPPLIERS SRL,CONSTANTA,Constanta,Skantzikas Ioannis,office@blackseasuppliers.ro,iulian.pavel@blackseasuppliers.ro,,,102780,"BDUL. AUREL VLAICU, NR. 191",BLACK SEA SUPPLIERS,30_ani;grecia,2
1053,grecia,FOTONIA SHINE RETENTION SRL,CONSTANTA,Constanta,Iofcea Adrian,,,,,35634510,"BDUL. AUREL VLAICU, NR. 191",FOTONIA SHINE RETENTION,grecia,1
1054,grecia,GLOBAL DEFENSE LOGISTICS SRL,CONSTANTA,Constanta,Daraban Gabriel,info@gdlgroup.eu,,,,18937800,"STR. BELSUGULUI, NR. 7",GLOBAL DEFENSE LOGISTICS,grecia,1
1055,grecia,MEDTAINER RO SRL,CONSTANTA,Constanta,Paunescu Radu Florin,ioana@medtainer.ro,office@medtainer.ro,,,583750,"BDUL. MAMAIA, NR. 175",MEDTAINER RO,grecia,1
1056,grecia,RETELE ELECTRICE DOBROGEA SA,CONSTANTA,Constanta,Grozavu Ion Gabriel,reclamatii.dobrogea@e-distributie.com,evelyne-georgiana.dobrescu@enel.com,,,1145530,"STR. NICOLAE IORGA, NR. 89A",RETELE ELECTRICE DOBROGEA,grecia,1
1057,grecia,FABRICA DE LAPTE BRASOV SA,COVASNA,Baraolt,Sarantis Stylianos,info.flb@hellenicdairies.com,tyrom@artelecom.net,,,170140,"STR. APEI, NR. 109",FABRICA DE LAPTE BRASOV,grecia,1
1058,grecia,KARVELAS LTD SRL,DAMBOVITA,Targoviste,Anthomelidis Spyridon,office@karvelas.ro,vanzari@karvelas.ro,,,35469660,"STR. MAIOR CORAVU ION, NR. 4",KARVELAS LTD,grecia,1
1059,grecia,PANEL LAND SRL,DAMBOVITA,Pucioasa,Tsormpatzidis Christos,office@panelland.eu,g.manager@panelland.eu,,,19019810,"STR. MORILOR, NR. 4",PANEL LAND,grecia,1
1060,ADRESE_2000,ADMINISTRATIA FLUVIALA A DUNARII DE JOS GALATI RA,GALATI,Galati,Marin Romeo,,,,,,STR. PORTULUI NR.32,ADMINISTRATIA FLUVIALA A DUNARII DE JOS GALATI RA,ADRESE_2000,1
1061,ADRESE_2000,ADO DISTRICONSULT SRL,GALATI,Galati,Ifteni Valentin Gigi,,,,,,"STR. ALUNISULUI NR.8, BL. SC.",ADO DISTRICONSULT,ADRESE_2000,1
1062,ADRESE_2000,AGROMYSMONI SRL,GALATI,Pechea,Negoita Ioana,,,,,,STR. GALATI NR.155,AGROMYSMONI,ADRESE_2000,1
1063,ADRESE_2000,ALEWIJNSE MARINE GALATI SA,GALATI,Galati,Gert Jan Bravenboer,,,,,,STR. MARINEI NR.8,ALEWIJNSE MARINE GALATI,ADRESE_2000,1
1064,ADRESE_2000,ALMERA INTERNATIONAL SRL,GALATI,Galati,Lungulescu Grigorie,,,,,,"STR. BRAILEI NR., BL.BR3 SC.",ALMERA INTERNATIONAL,ADRESE_2000,1
1065,ADRESE_2000,AMMA DANUBE TRADE SRL,GALATI,Galati,Balan Oleg,,,,,,"STR. CALUGARENI NR.19, BL.T4B SC.",AMMA DANUBE TRADE,ADRESE_2000,1
1066,ADRESE_2000,ANDRADA SRL,GALATI,Galati,Teaca Alexandra,,,,,,"BDUL. DUNAREA NR.3, BL.B3 SC.4",ANDRADA,ADRESE_2000,1
1067,ADRESE_2000,ANDREEAS 95 EXIM SRL,GALATI,Costi,Hortoglu Huseyin,,,,,,"STR. GLORIA NR.20, BL.HALA 62 SC.",ANDREEAS 95 EXIM,ADRESE_2000,1
1068,ADRESE_2000,APA CANAL SA,GALATI,Galati,Stan Gelu,,,,,,"STR. CONSTANTIN BRANCOVEANU NR.2, BL. SC.",APA CANAL,ADRESE_2000,1
1069,ADRESE_2000,ARABESQUE SRL,GALATI,Galati,Rapotan Cezar Virgil,,,,,,STR. TIMISULUI NR.1,ARABESQUE,ADRESE_2000,1
1070,ADRESE_2000,ARCADA COMPANY SA,GALATI,Galati,Huma Mihai,,,,,,STR. TECUCI NR.161,ARCADA COMPANY,ADRESE_2000,1
1071,ADRESE_2000,ARCIF AG SRL,GALATI,Galati,Petrea Dumitru Calin,,,,,,"STR. OTELARILOR NR.25, BL.D9E SC.",ARCIF AG,ADRESE_2000,1
1072,ADRESE_2000,AUTOGARA METROPOLI SRL,GALATI,Galati,Ertagan Petru Flavius,,,,,,"STR. TUNELULUI NR.2, BL. SC.",AUTOGARA METROPOLI,ADRESE_2000,1
1073,ADRESE_2000,BABY STAR COM IMPEX SRL,GALATI,Galati,Banu Florin,,,,,,"STR. GHEORGHE DOJA NR.2, BL.5A SC.6",BABY STAR COM IMPEX,ADRESE_2000,1
1074,ADRESE_2000,BAUROM CONSTRUCT SRL,GALATI,Galati,Ionescu Mariana,,,,,,STR. REGIMENTUL 11 SIRET NR.2 M,BAUROM CONSTRUCT,ADRESE_2000,1
1075,ADRESE_2000,BELOR ROMANIA SA,GALATI,Galati,Radu Florin,,,,,,STR. BASARABIEI NR.2,BELOR ROMANIA,ADRESE_2000,1
1076,ADRESE_2000,BENZENPEC IMPORT EXPORT SRL,GALATI,Galati,Radu Serban Nita,,,,,,"BDUL. GEORGE COSBUC NR.257, BL. SC.",BENZENPEC IMPORT EXPORT,ADRESE_2000,1
1077,ADRESE_2000,BRIALBET SRL,GALATI,Draganesti,Rusu Roxana Nicoleta,,,,,,"STR. PRINCIPALA NR.352, BL.C4 SC.",BRIALBET,ADRESE_2000,1
1078,ADRESE_2000,BULROM PETROLEUM SRL,GALATI,Galati,Baltacov Dan,,,,,,DRUM DE CENTURA NR.1,BULROM PETROLEUM,ADRESE_2000,1
1079,ADRESE_2000,CARUL CU BERE 95 SRL,GALATI,Galati,Geana Adrian,,,,,,"STR. DOMNEASCA, NR.7, BL.P5 SC.",CARUL CU BERE 95,ADRESE_2000,1
1080,ADRESE_2000,CENTRICO SELIR SRL,GALATI,Galati,Nistor Rozalia,,,,,,"STR. BASARABIEI, NR.55, BL.A16 SC.",CENTRICO SELIR,ADRESE_2000,1
1081,ADRESE_2000,CHESCA SPEDITION SRL,GALATI,Galati,Chesca Adrian Octavian,,,,,,"STR. CRIZANTEMELOR NR.51, BL. SC.",CHESCA SPEDITION,ADRESE_2000,1
1082,ADRESE_2000,CHORUS RESEARCH ENGINEERING DISTRIBUTION SRL,GALATI,Galati,Cisleanu Catalin,,,,,,"STR. ARAD NR.12, BL.PS14A SC.3",CHORUS RESEARCH ENGINEERING DISTRIBUTION,ADRESE_2000,1
1083,ADRESE_2000,CIPSOR CONSTRUCT SRL,GALATI,Galati,Sirbu Ciprian,,,,,,STR. UNIRII NR.69,CIPSOR CONSTRUCT,ADRESE_2000,1
1084,ADRESE_2000,CITADINA 98 SA,GALATI,Galati,Minzat Dinu Constantin,,,,,,"BDUL. SIDERURGISTILOR NR.7, BL.PS1B SC.4",CITADINA 98,ADRESE_2000,1
1085,ADRESE_2000,CITY GAS SRL,GALATI,Galati,Golomoz Cornel Bogdan,,,,,,NR.,CITY GAS,ADRESE_2000,1
1086,ADRESE_2000,CLM TRANS SRL,GALATI,Galati,Cioromila Liviu,,,,,,STR. FRUNZEI NR.3,CLM TRANS,ADRESE_2000,1
1087,ADRESE_2000,COMBAVIPOR SA,GALATI,Galati,Anghel Ionel,,,,,,"STR. STEFAN CEL MARE , NR.9",COMBAVIPOR,ADRESE_2000,1
1088,ADRESE_2000,COMP. DE NAVIGATIE FLUVIALA ROMANA NAVROM SA,GALATI,Galati,Tiganus Eduard Catalin,,,,,,STR. PORTULUI NR.34,COMP DE NAVIGATIE FLUVIALA ROMANA NAVROM,ADRESE_2000,1
1089,ADRESE_2000,CRIOMEC SA,GALATI,Galati,Serban Alexandru,,,,,,CALEA PRUTULUI NR.12,CRIOMEC,ADRESE_2000,1
1090,ADRESE_2000,DAVIDE CONSTRUCT SRL,GALATI,Matca,Florea George,,,,,,NR.2060,DAVIDE CONSTRUCT,ADRESE_2000,1
1091,ADRESE_2000,DEMCAR 2000 SRL,GALATI,Galati,Tonita Dumitru Delu,,,,,,STR. BRAILEI NR.235,DEMCAR 2000,ADRESE_2000,1
1092,ADRESE_2000,DICOR LAND SRL,GALATI,Serbestii Vechi,Diaconu Cosmin Razvan,,,,,,STR. DN25 NR.19,DICOR LAND,ADRESE_2000,1
1093,ADRESE_2000,DMT MARINE EQUIPMENT SA,GALATI,Costi,,,,,,,PREL. FOLTANULUI NR.13,DMT MARINE EQUIPMENT,ADRESE_2000,1
1094,ADRESE_2000,DOLADELA COMPANY SRL,GALATI,Galati,Vasile Dobrin Oana Elena,,,,,,"STR. BRAILEI, NR.255",DOLADELA COMPANY,ADRESE_2000,1
1095,ADRESE_2000,DYNAMIC SELLING GROUP SA,GALATI,Galati,Stoian Gabriel,,,,,,"STR. FRUNZEI NR.106, BL.3F SC.",DYNAMIC SELLING GROUP,ADRESE_2000,1
1096,ADRESE_2000,ECO METAL RECYCLING SRL,GALATI,Galati,Pruteanu Sorin,,,,,,STR. SMIRDAN NR.1,ECO METAL RECYCLING,ADRESE_2000,1
1097,ADRESE_2000,EUXIN SRL,GALATI,Galati,Toader Bogdan Cristian,,,,,,"STR. STRUNGARILOR NR.11, BL.F2 SC.1",EUXIN,ADRESE_2000,1
1098,ADRESE_2000,EW LOGISTICS EXPRESS SRL,GALATI,Galati,Devigne Jean Pierre Leon Robert,,,,,,"BDUL. GEORGE COSBUC NR.251B, BL.ITALIAN2 SC.",EW LOGISTICS EXPRESS,ADRESE_2000,1
1099,ADRESE_2000,FIERCTC SIBEL SRL,GALATI,Galati,Rapotan Mircea,,,,,,CALEA SMIRDAN NR.60,FIERCTC SIBEL,ADRESE_2000,1
1100,ADRESE_2000,FRANCU ROMANIA SRL,GALATI,Galati,Francu Catalin,,,,,,CALEA PRUTULUI NR.148,FRANCU ROMANIA,ADRESE_2000,1
1101,ADRESE_2000,GENDAV SRL,GALATI,Galati,Neagu David,,,,,,STR. EMIL RACOVITA NR.2 A,GENDAV,ADRESE_2000,1
1102,ADRESE_2000,GRANDE GLORIA PRODUCTION SA,GALATI,Costi,Yildirir Asilyilmaz,,,,,,"STR. GLORIA NR.1, BL.HALA 68 SC.",GRANDE GLORIA PRODUCTION,ADRESE_2000,1
1103,ADRESE_2000,ICEPRONAV ENGINEERING SRL,GALATI,Galati,Brazdis Sorin,,,,,,"STR. PORTULUI, NR.19A, BL. SC.",ICEPRONAV ENGINEERING,ADRESE_2000,1
1104,ADRESE_2000,IMEX MET COLECT DESEURI SRL,GALATI,Branistea,Vlad Aura Alina,,,,,,"STR. LOZOVA NR.1, BL.1 SC.2",IMEX MET COLECT DESEURI,ADRESE_2000,1
1105,ADRESE_2000,INLAND SHIPPING SRL,GALATI,Galati,Tudose Capelini Radian,,,,,,"STR. BRAILEI, NR.78, BL.BR4A SC.",INLAND SHIPPING,ADRESE_2000,1
1106,ADRESE_2000,IULICRIS RECYCLING SRL,GALATI,Branistea,Raileanu Costel,,,,,,STR. STEFAN CEL MARE NR.34,IULICRIS RECYCLING,ADRESE_2000,1
1107,ADRESE_2000,LABORATORIUM SRL,GALATI,Targu Bujor,Melinte Ionut,,,,,,"STR. GHEORGHE BUZOIANU NR.17, BL.PA2 SC.1",LABORATORIUM,ADRESE_2000,1
1108,ADRESE_2000,LEMACONS SRL,GALATI,Galati,Constantinescu Alin,,,,,,STR. CARDAS AGRICOLA NR.1-3,LEMACONS,ADRESE_2000,1
1109,ADRESE_2000,LIBERTY GALATI SA,GALATI,Galati,Aggarwal Ajay Kumar,,,,,,CALEA SMIRDAN NR.1,LIBERTY GALATI,ADRESE_2000,1
1110,ADRESE_2000,LIBERTY TUBULAR PRODUCTS GALATI SA,GALATI,Galati,Gupta Sanjeev,,,,,,CALEA SMIRDAN NR.1-T,LIBERTY TUBULAR PRODUCTS GALATI,ADRESE_2000,1
1111,ADRESE_2000,LIO METAL SRL,GALATI,Galati,Luca Ion,,,,,,STR. BRAILEI NR.308-A,LIO METAL,ADRESE_2000,1
1112,ADRESE_2000,LUNOK SRL,GALATI,Galati,Vasoi Florin Mugurel,,,,,,"BDUL. SIDERURGISTILOR NR.27, BL.C1 SC.3",LUNOK,ADRESE_2000,1
1113,ADRESE_2000,MAIRON GALATI SA,GALATI,Galati,Miron Dan,,,,,,DRUM DE CENTURA NR.59,MAIRON GALATI,ADRESE_2000,1
1114,ADRESE_2000,MAIRON TUBES SRL,GALATI,Galati,Domnitanu Margareta,,,,,,DRUM DE CENTURA NR.59,MAIRON TUBES,ADRESE_2000,1
1115,ADRESE_2000,MANAGRO GRAINS MCO SRL,GALATI,Galati,Molnar Calin Ovidiu,,,,,,"STR. ION CREANGA, NR.6, BL.EGRETA2 SC.2",MANAGRO GRAINS MCO,ADRESE_2000,1
1116,ADRESE_2000,MARCOSER SRL,GALATI,Matca,Petrache Adelina,,,,,,NR.1A1,MARCOSER,ADRESE_2000,1
1117,ADRESE_2000,MEDART LOGISTICS SRL,GALATI,Galati,Nedelcu Lidis Catalin,,,,,,"STR. FEROVIARILO, NR.5, BL.A3 SC.2",MEDART LOGISTICS,ADRESE_2000,1
1118,ADRESE_2000,METPROM STEEL TRADE SRL,GALATI,Galati,Shyshkov Igor,,,,,,"STR. BRAILEI NR.68, BL.BR3 SC.1",METPROM STEEL TRADE,ADRESE_2000,1
1119,grecia,MUEHLHAN SRL,GALATI,Galati,Nalmpantoudis Dimitrios,info@muehlhan.ro,,,,20708460,"STR. ALEXANDRU MORUZZI, NR. 132",MUEHLHAN,ADRESE_2000;grecia,2
1120,ADRESE_2000,MYOSOTIS SRL,GALATI,Galati,Chiriac Bogdan Aurelian,,,,,,DRUM DE CENTURA NR.236,MYOSOTIS,ADRESE_2000,1
1121,ADRESE_2000,NADICER SRL,GALATI,Galati,Ani Daniel,,,,,,"STR. ANUL REVOLUTIEI 1848 NR.73-B, BL.LIBERTATII SC.",NADICER,ADRESE_2000,1
1122,ADRESE_2000,NEVADA BUTNARU SRL,GALATI,Galati,Butnaru Neculai,,,,,,"STR. SOSEAUA SMARDAN,NR.6",NEVADA BUTNARU,ADRESE_2000,1
1123,ADRESE_2000,NEXT ENERGY PARTNERS SRL,GALATI,Galati,Curt Bogdan Alexandru,,,,,,"STR. BASARABIEI NR.18, BL. SC.",NEXT ENERGY PARTNERS,ADRESE_2000,1
1124,ADRESE_2000,NOMIS 2003 SRL,GALATI,Galati,Simion Catalin,,,,,,"STR. FURNALISTILOR NR.8, BL.J5 SC.5",NOMIS 2003,ADRESE_2000,1
1125,ADRESE_2000,NOY BUSINESS TRANZACTIONS SRL,GALATI,Vanatori,Alexandrescu Dan,,,,,,STR. FOLTANUL NR.1 C,NOY BUSINESS TRANZACTIONS,ADRESE_2000,1
1126,ADRESE_2000,PALOMINO NOVA COOP SRL,GALATI,Galati,Bujoreanu Mihaela,,,,,,STR. ARCASILOR NR.48-B,PALOMINO NOVA COOP,ADRESE_2000,1
1127,ADRESE_2000,PATISGAL SRL,GALATI,Galati,Serbiniuc Doina,,,,,,"ALEEA INDUSTRIILOR NR.9, BL.CORP C2 SC.",PATISGAL,ADRESE_2000,1
1128,ADRESE_2000,PENTAGON SRL,GALATI,Tecuci,Ionita Valentin,,,,,,"STR. GHEORGHE PETRASCU NR.29, BL.R1A SC.",PENTAGON,ADRESE_2000,1
1129,ADRESE_2000,PRUTUL AGRI TRADE SRL,GALATI,Galati,Popliaca Doina,,,,,,"STR. BRAILEI NR.31, BL. SC.",PRUTUL AGRI TRADE,ADRESE_2000,1
1130,ADRESE_2000,PRUTUL SA,GALATI,Galati,Andreev Marian,,,,,,STR. ANA IPATESCU NR.12,PRUTUL,ADRESE_2000,1
1131,ADRESE_2000,QUANTUM CONSTRUCT SRL,GALATI,Vanatori,Istudor Daniel,,,,,,"STR. FOLTANUL NR.131A, BL. SC.",QUANTUM CONSTRUCT,ADRESE_2000,1
1132,ADRESE_2000,RACRICOM SRL,GALATI,Galati,Rusu Dumitru Laurentiu,,,,,,CALEA PRUTULUI NR.17,RACRICOM,ADRESE_2000,1
1133,ADRESE_2000,REMICO COMPREST SRL,GALATI,Galati,Oancea Milea,,,,,,ALEEA INDUSTRIILOR NR.5,REMICO COMPREST,ADRESE_2000,1
1134,ADRESE_2000,REVIVAL SRL,GALATI,Tecuci,Vascan Nicoleta Gina,,,,,,STR. CUZA VODA NR.58,REVIVAL,ADRESE_2000,1
1135,ADRESE_2000,ROJEVAS 2000 SRL,GALATI,Targu Bujor,Radu Gina,,,,,,STR. MECANIZATORILOR NR.5 C,ROJEVAS 2000,ADRESE_2000,1
1136,ADRESE_2000,ROVIS LIDER SRL,GALATI,Galati,Gheorghe Gabriel Robert,,,,,,"STR. ROMANA NR.162, BL. SC.",ROVIS LIDER,ADRESE_2000,1
1137,ADRESE_2000,S.F.TEX SA,GALATI,Galati,Mocanu Nelu,,,,,,STR. TRAIAN NR.239,S F TEX,ADRESE_2000,1
1138,ADRESE_2000,SANTIERUL NAVAL DAMEN GALATI SA,GALATI,Galati,Zielhuis Lambert,,,,,,STR. AL. MORUZZI NR.132,SANTIERUL NAVAL DAMEN GALATI,ADRESE_2000,1
1139,ADRESE_2000,STAER INTERNATIONAL SA,GALATI,Galati,Stefan Nicolae,,,,,,"STR. SIDERURGISTILOR NR., BL.SD6B SC.",STAER INTERNATIONAL,ADRESE_2000,1
1140,ADRESE_2000,TANCRAD SRL,GALATI,Galati,Stancic Catalin Cristian,,,,,,STR. BRAILEI NR.169-J,TANCRAD,ADRESE_2000,1
1141,ADRESE_2000,TRANSURB SA,GALATI,Galati,Anghel Adrian Nicu,,,,,,BDUL. GEORGE COSBUC NR.259,TRANSURB,ADRESE_2000,1
1142,ADRESE_2000,UTCHIM STEEL SRL,GALATI,Galati,Macrineanu Gabriela,,,,,,DRUM DE CENTURA NR.59,UTCHIM STEEL,ADRESE_2000,1
1143,ADRESE_2000,VALRO TRADE SRL,GALATI,Liesti,Fratita Valentin,,,,,,STR. HORTENSIA PAPADAT BENGESCU NR.70,VALRO TRADE,ADRESE_2000,1
1144,ADRESE_2000,VIDAFAN SRL,GALATI,Tecuci,Florea Viorel,,,,,,"STR. CALUGARENI, NR.37B",VIDAFAN,ADRESE_2000,1
1145,grecia,SOUTH LAND INVEST SRL,GIURGIU,Gradinari,Kassianos Ioannis,,,,,15254230,"STR. GARII, NR. 273",SOUTH LAND INVEST,grecia,1
1146,ADRESE_2000,A & S MED WAREHOUSE SRL,IASI,Iasi,Oprea Mugurel Adrian,,,,,,"STR. MITROPOLIT VARLAAM , NR.56",A S MED WAREHOUSE,ADRESE_2000,1
1147,ADRESE_2000,ACCORDING GROUP SRL,IASI,Iasi,Gavrilas Bogdan,,,,,,SOS. NICOLINA NR.223C,ACCORDING GROUP,ADRESE_2000,1
1148,ADRESE_2000,ADN PREFABRICATE SRL,IASI,Iasi,Giurgiu Adrian,,,,,,"SOS. IASI-TOMESTI, NR.2, BL.C13 SC.",ADN PREFABRICATE,ADRESE_2000,1
1149,ADRESE_2000,AG STEEL BUILDING & CLADDING SRL,IASI,Bratuleni,Covalciuc Ovidiu Dumitru Ciprian,,,,,,STR. PRINCIPALA NR.37 B,AG STEEL BUILDING CLADDING,ADRESE_2000,1
1150,ADRESE_2000,AGRICOLA 96 SA,IASI,Tiganasi,,,,,,,,AGRICOLA 96,ADRESE_2000,1
1151,ADRESE_2000,AGRICROPS CHIM SRL,IASI,Valea Lupului,Enache Ciprian,,,,,,"STR. NUFARULUI NR.9, BL.SOLEIA 6 SC.",AGRICROPS CHIM,ADRESE_2000,1
1152,ADRESE_2000,AGROCOMPLEX LUNCA PASCANI SA,IASI,Pascani,Stanciu Bunescu Florin Gabriel,,,,,,STR. GARII NR.40,AGROCOMPLEX LUNCA PASCANI,ADRESE_2000,1
1153,ADRESE_2000,AGROPAN IMPEX SRL,IASI,Iasi,Holicov Stefan,,,,,,"CALEA CHISINAULUI NR.29, BL.CORP C4 SC.",AGROPAN IMPEX,ADRESE_2000,1
1154,ADRESE_2000,ALTEN DELIVERY CENTER EASTERN EUROPE SRL,IASI,Iasi,Marchet Didier Rene Henri,,,,,,"STR. MITROPOLIT VARLAAM NR.54, BL. SC.",ALTEN DELIVERY CENTER EASTERN EUROPE,ADRESE_2000,1
1155,ADRESE_2000,AMAZON DEVELOPMENT CENTER SRL,IASI,Iasi,Josan Cristian Ioan,,,,,,"STR. SF. ANDREI NR.39 A, BL.C ET. 2 AP.",AMAZON DEVELOPMENT CENTER,ADRESE_2000,1
1156,ADRESE_2000,ANTIBIOTICE SA,IASI,Iasi,Trifu Mihai,,,,,,STR. VALEA LUPULUI NR.1,ANTIBIOTICE,ADRESE_2000,1
1157,ADRESE_2000,APAVITAL SA,IASI,Iasi,Dorus Mihail,,,,,,STR. MIHAI COSTACHESCU NR.6,APAVITAL,ADRESE_2000,1
1158,ADRESE_2000,ARCADIA HOSPITAL SRL,IASI,Iasi,Fiterman Dan,,,,,,"STR. SARARIE, NR.38, BL. SC.",ARCADIA HOSPITAL,ADRESE_2000,1
1159,ADRESE_2000,ARCADIA POLICLINIC SRL,IASI,Iasi,Fiterman Dan,,,,,,"STR. SARARIE NR.38, BL. SC.",ARCADIA POLICLINIC,ADRESE_2000,1
1160,ADRESE_2000,ARCADIS EXCELLENCE CENTER ROMANIA SA,IASI,Iasi,Van Der Weerd Hendrik,,,,,,"STR. PALAT NR.1, BL.MOLDOVA BUSINESS CENTER SC.",ARCADIS EXCELLENCE CENTER ROMANIA,ADRESE_2000,1
1161,ADRESE_2000,ASAM SA,IASI,Iasi,Patras Mihai,,,,,,"STR. AUREL VLAICU, NR.77",ASAM,ADRESE_2000,1
1162,ADRESE_2000,ATI MOTORS HOLDING SRL,IASI,Uricani,Manolache Marius,,,,,,BL.C1 SC.,ATI MOTORS HOLDING,ADRESE_2000,1
1163,ADRESE_2000,ATTRIUS DEVELOPMENTS SRL,IASI,Iasi,Mahu Sebastian,,,,,,"STR. PALAS NR.7 A, BL.A1 SC.",ATTRIUS DEVELOPMENTS,ADRESE_2000,1
1164,ADRESE_2000,AUTO MARKET SRL,IASI,Iasi,Timpu Ramona Monica,,,,,,"CALEA CHISINAULUI NR.32, BL.CORP ADM. C4 SC.",AUTO MARKET,ADRESE_2000,1
1165,ADRESE_2000,AUTO PADOVA SRL,IASI,Letcani,Onofrei Gabriel,,,,,,"DN. 28 , NR.KM. 61, BL. SC.",AUTO PADOVA,ADRESE_2000,1
1166,ADRESE_2000,AVA STAR SRL,IASI,Pascani,Plesca Vasile,,,,,,STR. 1 MAI NR.72,AVA STAR,ADRESE_2000,1
1167,ADRESE_2000,AVATTI INDUSTRIES SRL,IASI,Iasi,Anania Anda Maria,,,,,,"CALEA CHISINAULUI NR.23, BL.CORP C2 SC.",AVATTI INDUSTRIES,ADRESE_2000,1
1168,ADRESE_2000,AVI TOP SA,IASI,Razboieni,Antoci Ioan,,,,,,NR.,AVI TOP,ADRESE_2000,1
1169,ADRESE_2000,AVIS TRANS SRL,IASI,Iasi,Craciun Alexandru,,,,,,"STR. SALCIILOR NR.8, BL. SC.TR.2",AVIS TRANS,ADRESE_2000,1
1170,ADRESE_2000,AXA FARM SRL,IASI,Iasi,Anton Sorin,,,,,,"SOS. PACURARI NR.141, BL.593 SC.A",AXA FARM,ADRESE_2000,1
1171,ADRESE_2000,BASWARE SRL,IASI,Iasi,Kurtz Jason Mark,,,,,,"STR. PALAS ,NR.7D-7E, BL.C2 SC.",BASWARE,ADRESE_2000,1
1172,ADRESE_2000,BCC AGREGATE BETOANE SRL,IASI,Bratuleni,Radulescu Constantin,,,,,,STR. PRINCIPALA NR.78,BCC AGREGATE BETOANE,ADRESE_2000,1
1173,ADRESE_2000,BIO FERMA AGRICOLA SRL,IASI,Iasi,Varzariu Oana,,,,,,"STR. CANTA NR.37, BL.507 SC.B",BIO FERMA AGRICOLA,ADRESE_2000,1
1174,ADRESE_2000,BMT AEROSPACE ROMANIA SRL,IASI,Iasi,Pricope Corneliu,,,,,,SOS. IASI-TOMESTI NR.33B,BMT AEROSPACE ROMANIA,ADRESE_2000,1
1175,ADRESE_2000,BRIKSTON CONSTRUCTION SOLUTIONS SA,IASI,Iasi,Leier Michael,,,,,,"CALEA CHISINAULUI ,NR.176",BRIKSTON CONSTRUCTION SOLUTIONS,ADRESE_2000,1
1176,ADRESE_2000,BRIO GROUP SRL,IASI,Iasi,Nicola Andrei Lucian,,,,,,STR. MIHAI VODA VITEAZUL NR.8 A,BRIO GROUP,ADRESE_2000,1
1177,ADRESE_2000,BRIO INVESTMENT CEREALE SRL,IASI,Belcesti,Barabas Razvan Iulian,,,,,,"BL.C1, C5, C6, C7 SC.",BRIO INVESTMENT CEREALE,ADRESE_2000,1
1178,ADRESE_2000,BSG INVEST OIL SRL,IASI,Chicerea,Barbalata Silviu Gabriel,,,,,,STR. IASOMIEI NR.2 A,BSG INVEST OIL,ADRESE_2000,1
1179,ADRESE_2000,BUILD CORP SRL,IASI,Iasi,Ivanescu George,,,,,,"SOS. IASI-TOMESTI NR.2, BL.C2 SC.",BUILD CORP,ADRESE_2000,1
1180,ADRESE_2000,CARETTA SRL,IASI,Iasi,Marcu Ciprian,,,,,,"SOS. IASI -TOMESTI NR., BL. SC.",CARETTA,ADRESE_2000,1
1181,ADRESE_2000,CASA AUTO IASI SRL,IASI,Iasi,,,,,,,"SOS. PACURARI NR.177, BL. SC.",CASA AUTO IASI,ADRESE_2000,1
1182,ADRESE_2000,CASA AUTO LETCANI SRL,IASI,Iasi,,,,,,,"SOS. PACURARI NR.177, BL.C1 SC.",CASA AUTO LETCANI,ADRESE_2000,1
1183,ADRESE_2000,CASA AUTO SRL,IASI,Iasi,,,,,,,SOS. PACURARI NR.177,CASA AUTO,ADRESE_2000,1
1184,ADRESE_2000,CASREP SRL,IASI,Bratuleni,Craus Paul Lucian,,,,,,"STR. BASARABIA, NR.1G",CASREP,ADRESE_2000,1
1185,ADRESE_2000,CATENA SRL,IASI,Iasi,Mihaita Lucian Ionut,,,,,,"BDUL. C. A. ROSETTI NR.1, BL.304 SC.",CATENA,ADRESE_2000,1
1186,ADRESE_2000,CATOANTUD SRL,IASI,Iasi,Haulica Gabriel,,,,,,"CALEA CHISINAULUI NR.2 A, BL.MICA, CORP C3 SC.",CATOANTUD,ADRESE_2000,1
1187,ADRESE_2000,CENTRIC IT SOLUTIONS ROMANIA SRL,IASI,Iasi,De Reus Bastiaan Jan,,,,,,"STR. PALAT,NR.3C, BL.E3 SC.",CENTRIC IT SOLUTIONS ROMANIA,ADRESE_2000,1
1188,ADRESE_2000,CHIRO LTD SRL,IASI,Iasi,Soric Mihaela,,,,,,"BDUL. CHIMIEI NR.101, BL. SC.",CHIRO LTD,ADRESE_2000,1
1189,ADRESE_2000,CITADIN SA,IASI,Iasi,Postolache Adrian Gigi,,,,,,"BDUL. TUDOR VLADIMIRESCU, NR.32C",CITADIN,ADRESE_2000,1
1190,ADRESE_2000,CLIMA THERM CENTER SRL,IASI,Iasi,Popovici Catalin George,,,,,,SOS. PACURARI NR.139,CLIMA THERM CENTER,ADRESE_2000,1
1191,ADRESE_2000,COBYUL SRL,IASI,Iasi,Ciaun Iulian,,,,,,FDC. PAUN NR.2,COBYUL,ADRESE_2000,1
1192,ADRESE_2000,COLECT METAL SRL,IASI,Iasi,Buzincu Petru,,,,,,SOS. BUCIUM NR.27,COLECT METAL,ADRESE_2000,1
1193,ADRESE_2000,COMPANIA DE TRANSPORT PUBLIC IASI SA,IASI,Iasi,Grigoriu Ioan,,,,,,"STR. SILVESTRU, NR.5, BL.C20 SC.",COMPANIA DE TRANSPORT PUBLIC IASI,ADRESE_2000,1
1194,ADRESE_2000,CONDUENT BUSINESS SERVICES ROMANIA SRL,IASI,Iasi,Vasiliu Florentina,,,,,,"STR. PALAS NR.7 B-7 C, BL.UBC. 3, CORP C1 SC.",CONDUENT BUSINESS SERVICES ROMANIA,ADRESE_2000,1
1195,ADRESE_2000,CONEST DACIA RESIDENCE SRL,IASI,Iasi,Pistea Roxana Maria,,,,,,BDUL. METALURGIEI NR.2,CONEST DACIA RESIDENCE,ADRESE_2000,1
1196,ADRESE_2000,CONEST SA,IASI,Iasi,Pistea Roxana Maria,,,,,,"BDUL. METALURGIEI, NR.2",CONEST,ADRESE_2000,1
1197,ADRESE_2000,CONEX DISTRIBUTION SA,IASI,Iasi,Martonca Cristian Anton,,,,,,"CALEA CHISINAULUI NR.32, BL.CORP C3 SC.",CONEX DISTRIBUTION,ADRESE_2000,1
1198,ADRESE_2000,CONSYS INTERNATIONAL SRL,IASI,Iasi,Coman Dan Bogdan,,,,,,"SOS. PACURARI NR.116 B, BL. SC.",CONSYS INTERNATIONAL,ADRESE_2000,1
1199,ADRESE_2000,COTNARI SA,IASI,Cotnari,Deleanu Remus Ionut,,,,,,,COTNARI,ADRESE_2000,1
1200,ADRESE_2000,COVIAL CVA SRL,IASI,Podu Iloaiei,Nechifor Vasile,,,,,,"STR. SCOBALTENI NR.2, BL.C1 SC.",COVIAL CVA,ADRESE_2000,1
1201,ADRESE_2000,CRAMELE COTNARI SA,IASI,Cotnari,Matei Ioan,,,,,,"NR., BL.CORP C28 SC.",CRAMELE COTNARI,ADRESE_2000,1
1202,ADRESE_2000,DAMAREX SRL,IASI,Iasi,Haulica Gabriel,,,,,,"CALEA CHISINAULUI NR.2A, BL.CORP C3 SC.",DAMAREX,ADRESE_2000,1
1203,ADRESE_2000,DAROCONSTRUCT SRL,IASI,Iasi,Fedoreac Nicoleta,,,,,,"STR. AUREL VLAICU, NR.76A, BL.C1 SC.",DAROCONSTRUCT,ADRESE_2000,1
1204,ADRESE_2000,DAS SRL,IASI,Iasi,Solomon Ioan Iulian,,,,,,STR. AUREL VLAICU NR.87,DAS,ADRESE_2000,1
1205,ADRESE_2000,DEMO IDIL CONSTRUCT SRL,IASI,Iasi,Baietrau Ion,,,,,,"CALEA CHISINAULUI, NR.23, BL.C7 SC.",DEMO IDIL CONSTRUCT,ADRESE_2000,1
1206,ADRESE_2000,DEMO STRADE GROUP AG SRL,IASI,Iasi,Serban Dan Manuel,,,,,,"CALEA CHISINAULUI NR.23, BL.C8 SC.",DEMO STRADE GROUP AG,ADRESE_2000,1
1207,ADRESE_2000,DEROM DENTAL INTERNATIONAL SRL,IASI,Iasi,Dohotariu Daniel Valeru,,,,,,STR. PROF. I. INCULET NR.3,DEROM DENTAL INTERNATIONAL,ADRESE_2000,1
1208,ADRESE_2000,DETENTE SOLUTIONS SRL,IASI,Balciu,Mereuta Iuliana Carla,,,,,,"STR. PACII NR.1, BL.C1 SC.",DETENTE SOLUTIONS,ADRESE_2000,1
1209,ADRESE_2000,DR. DOBREA CLINIC SRL,IASI,Iasi,Vetrila Vadim,,,,,,"STR. ARCU NR.18, BL.CORP C1 SC.",DR DOBREA CLINIC,ADRESE_2000,1
1210,ADRESE_2000,EKY SAM SRL,IASI,Targu Frumos,Samoila Radu Marian,,,,,,STR. JUSTITIEI NR.2-5,EKY SAM,ADRESE_2000,1
1211,ADRESE_2000,ELECTROPUTERE VFU PASCANI SA,IASI,Pascani,Ianus Gelu,,,,,,STR. GARII NR.18,ELECTROPUTERE VFU PASCANI,ADRESE_2000,1
1212,ADRESE_2000,ELEMATIS TECH SRL,IASI,Iasi,Onofrei Razvan Gabriel,,,,,,SOS. NICOLINA NR.143 M,ELEMATIS TECH,ADRESE_2000,1
1213,ADRESE_2000,ENVIRO CONSTRUCT SRL,IASI,Bratuleni,Chihaia Dan,,,,,,"STR. BASARABIA NR.4, BL.CORP A SC.",ENVIRO CONSTRUCT,ADRESE_2000,1
1214,ADRESE_2000,EUROTEX COMPANY SRL,IASI,Iasi,Sandru Maria,,,,,,"STR. LUCA ARBORE NR.2, BL. SC.",EUROTEX COMPANY,ADRESE_2000,1
1215,ADRESE_2000,EXPRESS CREDIT AMANET SRL,IASI,Iasi,Miut Laurentiu,,,,,,"STR. SILVESTRU NR.21, BL.L1 SC.",EXPRESS CREDIT AMANET,ADRESE_2000,1
1216,ADRESE_2000,FERMADOR SRL,IASI,Podu Iloaiei,Mihalache Anda Mihaiela,,,,,,"STR. NATIONALA NR.1, BL.CORP C2 SC.",FERMADOR,ADRESE_2000,1
1217,ADRESE_2000,FERTIL STAR SRL,IASI,Hlincea,Ursu Iulian,,,,,,STR. RASARITULUI NR.135,FERTIL STAR,ADRESE_2000,1
1218,ADRESE_2000,FIDES EXPRESS SRL,IASI,Popricani,Christescu Daniela Cristina,,,,,,"STR. INDUSTRIEI NR.2, BL.C1 SC.",FIDES EXPRESS,ADRESE_2000,1
1219,ADRESE_2000,FITERMAN DISTRIBUTION SRL,IASI,Iasi,Fiterman Patricia,,,,,,"SOS. PACURARI NR.127, BL. SC.",FITERMAN DISTRIBUTION,ADRESE_2000,1
1220,ADRESE_2000,FITERMAN PHARMA SRL,IASI,Iasi,Fiterman Solomon,,,,,,"STR. MOARA DE FOC NR.35, BL. SC.",FITERMAN PHARMA,ADRESE_2000,1
1221,ADRESE_2000,FOCALITY SRL,IASI,Iasi,Rusu Cezar Dumitru,,,,,,STR. SULFINEI NR.18,FOCALITY,ADRESE_2000,1
1222,ADRESE_2000,FONDAL INTERNATIONAL SRL,IASI,Letcani,Sabbatini Piero,,,,,,"STR. SERBAN CANTACUZINO NR.23, BL.CORP 1 SC.",FONDAL INTERNATIONAL,ADRESE_2000,1
1223,ADRESE_2000,GAROM FOOD SRL,IASI,Bratuleni,Terinte Gabriel,,,,,,"STR. PRINCIPALA NR.39, BL.HALA C6 SC.",GAROM FOOD,ADRESE_2000,1
1224,ADRESE_2000,GBN IMPORT AUTOMOBILE SRL,IASI,Iasi,Bracaci Andreas,,,,,,"SOS. PACURARI NR.157, BL. SC.",GBN IMPORT AUTOMOBILE,ADRESE_2000,1
1225,ADRESE_2000,GODADDY SERVICES SRL,IASI,Iasi,Dumitriu Diana Elena,,,,,,"BDUL. CAROL I NR.3, BL.BUSINESS CENTRE SC.",GODADDY SERVICES,ADRESE_2000,1
1226,ADRESE_2000,GRANARIA CERES SRL,IASI,Tabara,Gradinariu Cristian,,,,,,BL.C4 SC.,GRANARIA CERES,ADRESE_2000,1
1227,ADRESE_2000,GRENZEBACH ROMANIA SRL,IASI,Iasi,Nica Daniel Silviu,,,,,,SOS. IASI-TOMESTI NR.33 A,GRENZEBACH ROMANIA,ADRESE_2000,1
1228,ADRESE_2000,GRUP CONSTRUCTII EST SA,IASI,Iasi,Cojocariu Marius,,,,,,BDUL. SOCOLA NR.7,GRUP CONSTRUCTII EST,ADRESE_2000,1
1229,ADRESE_2000,HD TRANS TEXTIL SRL,IASI,Holboca,Hanu Laurentiu,,,,,,,HD TRANS TEXTIL,ADRESE_2000,1
1230,ADRESE_2000,HELP FLUX SRL,IASI,Iasi,Ionascu Bogdan Alexandru,,,,,,"STR. STRAPUNGERE SILVESTRU NR.16, BL.CL16 SC.",HELP FLUX,ADRESE_2000,1
1231,ADRESE_2000,HTR SPEDITION SRL,IASI,Iasi,Schiopu Olesea,,,,,,STR. DEALUL BUCIUM NR.26,HTR SPEDITION,ADRESE_2000,1
1232,ADRESE_2000,IASICON SA,IASI,Iasi,Stoian Ioan,,,,,,"BDUL. TUDOR VLADIMIRESCU, NR.45A, BL.B1 SC.",IASICON,ADRESE_2000,1
1233,ADRESE_2000,IG WATTEEUW ROMANIA SRL,IASI,Iasi,Teodoru Cristian,,,,,,"BDUL. CHIMIEI NR.6, BL.ZONA B SC.",IG WATTEEUW ROMANIA,ADRESE_2000,1
1234,ADRESE_2000,IMPORT CARS LEASING SRL,IASI,Iasi,Bracaci Gigel,,,,,,"SOS. PACURARI NR.157, BL. SC.",IMPORT CARS LEASING,ADRESE_2000,1
1235,ADRESE_2000,INDUSTRIALIZAREA CARNII KOSAROM SA,IASI,Pascani,Antoci Ioan,,,,,,STR. ABATOR NR.65,INDUSTRIALIZAREA CARNII KOSAROM,ADRESE_2000,1
1236,ADRESE_2000,INOVALABEL SRL,IASI,Bratuleni,Constantin Emanuel,,,,,,STR. TUDOR VLADIMIRESCU NR.1,INOVALABEL,ADRESE_2000,1
1237,ADRESE_2000,INTER UNO SRL,IASI,Iasi,Iancu Simon,,,,,,BDUL. TUDOR VLADIMIRESCU NR.71 A,INTER UNO,ADRESE_2000,1
1238,ADRESE_2000,IULIUS MANAGEMENT CENTER SRL,IASI,Iasi,Iatco Radu Constantin,,,,,,"STR. PALAS , NR.7A, BL.A1 SC.",IULIUS MANAGEMENT CENTER,ADRESE_2000,1
1239,ADRESE_2000,LARA FARM SRL,IASI,Iasi,Palade Laura Mihaela,,,,,,"PIATA VOIEVOZILOR NR., BL.A9 SC.",LARA FARM,ADRESE_2000,1
1240,ADRESE_2000,LINCOR TRANS SRL,IASI,Iasi,Stici Galina,,,,,,"STR. DECEBAL NR.4 B, BL.X9 SC.",LINCOR TRANS,ADRESE_2000,1
1241,ADRESE_2000,LORIMER SRL,IASI,Pascani,Pintilie Loredana Elena,,,,,,"STR. MIHAIL EMINESCU NR.4 A, BL. SC.",LORIMER,ADRESE_2000,1
1242,ADRESE_2000,MADO CORPORATION SRL,IASI,Bratuleni,Gunbeyi Ibrahim,,,,,,"STR. INDUSTRIILOR NR.32, BL.CORP SC.",MADO CORPORATION,ADRESE_2000,1
1243,ADRESE_2000,MAMBU TECH SRL,IASI,Iasi,Zbereanu Ioan Ciprian,,,,,,"STR. PALAT NR.1, BL.MOLDOVA CENTER SC.",MAMBU TECH,ADRESE_2000,1
1244,ADRESE_2000,MARCEL SRL,IASI,Rachiteni,Iacob Marcel,,,,,,NR.,MARCEL,ADRESE_2000,1
1245,ADRESE_2000,MB DISTRIBUTION MED SRL,IASI,Iasi,Rusu Mircea,,,,,,"STR. PACURARI NR.20, BL.4 SC.A",MB DISTRIBUTION MED,ADRESE_2000,1
1246,ADRESE_2000,MECON IASI SRL,IASI,Bratuleni,Bubulac Adrian Marius,,,,,,STR. CAMPULUI NR.10,MECON IASI,ADRESE_2000,1
1247,ADRESE_2000,MEDIA ROM GRUP SRL,IASI,Iasi,Melinte Ioan,,,,,,"BDUL. NICOLAE IORGA , NR.41A, BL. SC.",MEDIA ROM GRUP,ADRESE_2000,1
1248,ADRESE_2000,MENNEKES ELECTRIC SRL,IASI,Bratuleni,Hesse Christoph,,,,,,"STR. CONSTANTIN BRANCUSI, NR.7",MENNEKES ELECTRIC,ADRESE_2000,1
1249,ADRESE_2000,MIGDALIN SRL,IASI,Iasi,Amarandei Emilia,,,,,,BDUL. NICOLAE IORGA NR.2 A,MIGDALIN,ADRESE_2000,1
1250,ADRESE_2000,MIHAK & TIBAK SRL,IASI,Lunca Cetatuii,Acasandrei Mihai,,,,,,NR.,MIHAK TIBAK,ADRESE_2000,1
1251,ADRESE_2000,MISAVAN TRADING SRL,IASI,Bratuleni,Otea Ciprian Ionel,,,,,,"STR. NICOLAE TITULESCU, NR.7",MISAVAN TRADING,ADRESE_2000,1
1252,ADRESE_2000,MOLDOVA SEMINTE SRL,IASI,Bivolari,Douat Bruno Jean Christophe,,,,,,DJ. 282B NR.KM 0.700,MOLDOVA SEMINTE,ADRESE_2000,1
1253,ADRESE_2000,MOLDOVA TIGANASI SA,IASI,Tiganasi,Haraga Mihai,,,,,,,MOLDOVA TIGANASI,ADRESE_2000,1
1254,ADRESE_2000,MOTEXCO SRL,IASI,Iasi,Coman Ciprian,,,,,,"BDUL. CHIMIEI NR.6, BL.PAV. ADM. SC.",MOTEXCO,ADRESE_2000,1
1255,ADRESE_2000,NERA COMPUTERS SRL,IASI,Uricani,Chiriac Gabriela Valentina,,,,,,"STR. ION NECULCE NR.9, BL.C1 SC.",NERA COMPUTERS,ADRESE_2000,1
1256,ADRESE_2000,NOVA MIRO SRL,IASI,Targu Frumos,Miron Constantin,,,,,,SOS. BUZNEA NR.8 B,NOVA MIRO,ADRESE_2000,1
1257,ADRESE_2000,OMCO ROMANIA SRL,IASI,Iasi,Boghiu Gigi,,,,,,"CALEA CHISINAULUI, NR.43A",OMCO ROMANIA,ADRESE_2000,1
1258,ADRESE_2000,PALAS 1 SRL,IASI,Iasi,Iatco Radu Constantin,,,,,,"STR. PALAS , NR.7A, BL.A1 SC.",PALAS 1,ADRESE_2000,1
1259,ADRESE_2000,PANIFCOM SRL,IASI,Iasi,Gheorghica Doina Liliana,,,,,,"CALEA CHISINAULUI NR.29, BL.CORP C6 SC.",PANIFCOM,ADRESE_2000,1
1260,ADRESE_2000,PESTOS SRL,IASI,Iasi,Chiriac Petru,,,,,,"BDUL. ALEXANDRU CEL BUN NR.9, BL.D1 SC.D",PESTOS,ADRESE_2000,1
1261,ADRESE_2000,PHARMA SA,IASI,Iasi,Nicuta Constantin,,,,,,"SOS. BUCIUM, NR.73E",PHARMA,ADRESE_2000,1
1262,ADRESE_2000,PHINIA DELPHI ROMANIA SRL,IASI,Bratuleni,Lipinski John Russell,,,,,,"STR. BRATULENI , NR.1",PHINIA DELPHI ROMANIA,ADRESE_2000,1
1263,ADRESE_2000,POLIROM PACKAGING SRL,IASI,Iasi,Virvea Elena Corina,,,,,,STR. BUCIUM NR.34,POLIROM PACKAGING,ADRESE_2000,1
1264,ADRESE_2000,PRIMA CONSTRUCT SRL,IASI,Iasi,Enea Iustian Marius,,,,,,STR. TABACULUI NR.30,PRIMA CONSTRUCT,ADRESE_2000,1
1265,ADRESE_2000,PROINVEST GROUP SRL,IASI,Pascani,Sandu Vasile,,,,,,STR. GRADINITEI NR.1,PROINVEST GROUP,ADRESE_2000,1
1266,ADRESE_2000,QUARTZ MATRIX SRL,IASI,Iasi,Suchar Mihai Valentin,,,,,,BDUL. CAROL I NR.5 D,QUARTZ MATRIX,ADRESE_2000,1
1267,ADRESE_2000,QUATRO GRUP DISTRIBUTION SRL,IASI,Iasi,Padurariu Mihaita,,,,,,"SOS. PACURARI NR.35, BL.543A SC.",QUATRO GRUP DISTRIBUTION,ADRESE_2000,1
1268,ADRESE_2000,RAL CONSTRUCT MANAGEMENT SRL,IASI,Iasi,Etcu Stefan Silviu,,,,,,"SOS. BUCIUM NR.109, BL. SC.",RAL CONSTRUCT MANAGEMENT,ADRESE_2000,1
1269,ADRESE_2000,RC BETON BAU SRL,IASI,Iasi,Balan Radu,,,,,,"STR. SF. LAZAR NR.50, BL. SC.",RC BETON BAU,ADRESE_2000,1
1270,ADRESE_2000,RESONANCE DISTRIBUTION SRL,IASI,Iasi,Pocol Catalin Florin,,,,,,STR. RAMPEI NR.9 A,RESONANCE DISTRIBUTION,ADRESE_2000,1
1271,ADRESE_2000,RITMIC COM SRL,IASI,Iasi,Corneanu Costel,,,,,,"STR. PROF. TH. VASCAUTEANU NR.26, BL.3B SC.C",RITMIC COM,ADRESE_2000,1
1272,ADRESE_2000,ROMFOUR TUR SRL,IASI,Iasi,Stan Andy Dan,,,,,,"STR. STRAPUNGERE SILVESTRU NR.16, BL.T1B SC.TR. 5",ROMFOUR TUR,ADRESE_2000,1
1273,ADRESE_2000,ROMPAK SRL,IASI,Pascani,Constantin Lungu Despina Adriana,,,,,,STR. GRADINITEI NR.1C,ROMPAK,ADRESE_2000,1
1274,ADRESE_2000,ROSTOC DEAL SRL,IASI,Iasi,Andrei Ana Maria,,,,,,"SOS. PACURARI NR.116 B, BL. SC.",ROSTOC DEAL,ADRESE_2000,1
1275,ADRESE_2000,ROYAL AMEX SRL,IASI,Iasi,Scafaru Catalin,,,,,,STR. SF. PETRU MOVILA NR.47 A,ROYAL AMEX,ADRESE_2000,1
1276,ADRESE_2000,RUTILLI ADOLFO SRL,IASI,Iasi,Rutilli Guido,,,,,,"STR. REDIU TATAR NR.6, BL.482A SC.A",RUTILLI ADOLFO,ADRESE_2000,1
1277,ADRESE_2000,SALUBRIS SA,IASI,Iasi,Profire Mihai,,,,,,SOS. NATIONALA NR.43,SALUBRIS,ADRESE_2000,1
1278,ADRESE_2000,SANDRA TRADING SRL,IASI,Iasi,Gradinariu Sorel,,,,,,SOS. IASI-TG.FRUMOS KM 12 NR.,SANDRA TRADING,ADRESE_2000,1
1279,ADRESE_2000,SERVICES ROMANIA SRL,IASI,Iasi,Bondar Adrian Mihai,,,,,,"SOS. PACURARI NR.138, BL.IDEO SC.",SERVICES ROMANIA,ADRESE_2000,1
1280,ADRESE_2000,SERVICII PUBLICE IASI SA,IASI,Iasi,Hutanu Ion,,,,,,"SOS. TUDOR NECULAI NR.25, BL.ADM. SC.",SERVICII PUBLICE IASI,ADRESE_2000,1
1281,ADRESE_2000,SIGNANT HEALTH SRL,IASI,Iasi,Diaconu Vlad,,,,,,"STR. PALAT, NR.1, BL. SC.",SIGNANT HEALTH,ADRESE_2000,1
1282,ADRESE_2000,SIGNIVIS SRL,IASI,Tomesti,Acatrinei Sergiu Emanuel,,,,,,"STR. TRANDAFIRULUI NR.6, BL.7 SC.A",SIGNIVIS,ADRESE_2000,1
1283,ADRESE_2000,SIOROM SRL,IASI,Iasi,Vervaecke Bart Lieven,,,,,,"CALEA CHISINAULUI NR.43, BL.HALA 2 SC.",SIOROM,ADRESE_2000,1
1284,ADRESE_2000,SNACK TRADE SRL,IASI,Tomesti,Agatiev Andrei,,,,,,STR. STUPINELOR NR.3,SNACK TRADE,ADRESE_2000,1
1285,ADRESE_2000,SUNRISE MOTORS SRL,IASI,Letcani,Gradinariu Sanda Jenia,,,,,,SOS. IASI - TG. FRUMOS NR.KM. 12,SUNRISE MOTORS,ADRESE_2000,1
1286,ADRESE_2000,TEOVAL & CO. SRL,IASI,Targu Frumos,Cretu Diana,,,,,,"STR. STEFAN CEL MARE SI SFANT NR.12, BL.C6 SC.",TEOVAL CO,ADRESE_2000,1
1287,ADRESE_2000,TERMO SERVICE SA,IASI,Iasi,Tiron Vasile,,,,,,ALEEA GRADINARI NR.8,TERMO SERVICE,ADRESE_2000,1
1288,ADRESE_2000,TIGLA TONMIR SRL,IASI,Bratuleni,Tonegaru Andrei Razvan,,,,,,STR. BASARABIA NR.1 A,TIGLA TONMIR,ADRESE_2000,1
1289,ADRESE_2000,TOKYO MOTORS SRL,IASI,Iasi,Vasilescu Stefan Bogdan,,,,,,"BDUL. CHIMIEI NR.12, BL.PAV. ADM. SC.",TOKYO MOTORS,ADRESE_2000,1
1290,ADRESE_2000,TRANS OIL MOTORS SRL,IASI,Bohotin,Lungu Alis Teodora,,,,,,BL. SC.,TRANS OIL MOTORS,ADRESE_2000,1
1291,ADRESE_2000,TRANSGOR LOGISTIK SRL,IASI,Tomesti,Goriuc Mihai Arborel,,,,,,STR. STUPINELOR NR.41,TRANSGOR LOGISTIK,ADRESE_2000,1
1292,ADRESE_2000,URBIOLED SRL,IASI,Valea Lupului,Ciotir Ana Maria,,,,,,"STR. VICTORIEI, NR.69",URBIOLED,ADRESE_2000,1
1293,ADRESE_2000,USI365 DEVELOPMENT SRL,IASI,Iasi,Lefter Stefan Marian,,,,,,"CALEA CHISINAULUI NR.25, BL.C2 SC.",USI365 DEVELOPMENT,ADRESE_2000,1
1294,ADRESE_2000,VATICIP ADY SRL,IASI,Iasi,Prisecariu Vasile,,,,,,"SOS. BARNOVA NR.63, BL. SC.",VATICIP ADY,ADRESE_2000,1
1295,ADRESE_2000,VETRO SOLUTIONS SA,IASI,Iasi,Fodor Dumitru,,,,,,"CALEA CHISINAULUI NR.6, BL.C1 SC.",VETRO SOLUTIONS,ADRESE_2000,1
1296,ADRESE_2000,VIOSAND TRICOTEXT SRL,IASI,Pascani,Sandu Vasile,,,,,,STR. SPORTULUI NR.9,VIOSAND TRICOTEXT,ADRESE_2000,1
1297,ADRESE_2000,ZEELANDIA SRL,IASI,Valea Lupului,Bocaniciu Ovidiu Sorin,,,,,,"DN. 28 NR.4, BL.CORP C1 SC.",ZEELANDIA,ADRESE_2000,1
1298,ADRESE_2000,ZOORK SRL,IASI,Tomesti,Harhata Constantin Alin,,,,,,"STR. PROF. PETRU OLTEANU NR.147 1 N, BL.C1 SC.",ZOORK,ADRESE_2000,1
1299,grecia,ALINDA RO SRL,ILFOV,Bragadiru,Kyriakos Kouloumpis,alindaro@alinda.ro,,,,14475230,"SOS. CENTURII, NR. 5-7",ALINDA RO,grecia,1
1300,grecia,ANALKO ALUMINIUM INDUSTRY SRL,ILFOV,Jilava,Stamataki Dimitra,office@analkoaluminium.ro,secretariat.analko@yahoo.com,,,527130,"PREL. SOSELEI GIURGIULUI, NR. 33A",ANALKO ALUMINIUM INDUSTRY,grecia,1
1301,grecia,DRUCKFARBEN ROMANIA SRL,ILFOV,Magurele,Ursuleanu Alex Cristian,office.dfr@druckfarbengroup.com,inksdivision@druckfarben.ro,,,15349880,"STR. ATOMISTILOR, NR. 17-23",DRUCKFARBEN ROMANIA,grecia,1
1302,grecia,ELTON CORPORATION SA,ILFOV,Pantelimon,Papathanasiou Nestor,info.bucharest@elton-group.com,info.cluj@elton-group.com,,,2189180,"STR. CAMPULUI, NR. 5",ELTON CORPORATION,grecia,1
1303,grecia,FATROM ADITIVI FURAJERI SRL,ILFOV,Pantelimon,Ichim Dana Denis,office@fatrom.ro,ichim@fatrom.ro,,,13427980,"STR. CERNICA, NR. 75-25",FATROM ADITIVI FURAJERI,grecia,1
1304,grecia,FLEXIKOM INTERTRADE SRL,ILFOV,Popesti Leordeni,Nianias Ioannis,office@flexikom.ro,,,,31167850,"DRUM FERMEI, NR. 73E",FLEXIKOM INTERTRADE,grecia,1
1305,grecia,ISOMAT ROMANIA SRL,ILFOV,Pantelimon,Pop Tiberiu,info@isomat.ro,sales@isomat.ro,,,30208310,"STR. ISLAZULUI, NR. 1-5",ISOMAT ROMANIA,grecia,1
1306,grecia,KALLAS ROMANIA SRL,ILFOV,Clinceni,Ioannis Kallas,dbarbu@kallas.ro,,,,16122560,"SOS. DE CENTURA, NR. 1",KALLAS ROMANIA,grecia,1
1307,grecia,KARAMOLEGOS BAKERY ROMANIA SRL,ILFOV,Popesti Leordeni,Karamalegkos Emmanouil,f.dumitru@karamolegos-bkr.ro,office@karamolegos-bkr.ro,,,16898180,"SOS. OLTENITEI, NR. 292",KARAMOLEGOS BAKERY ROMANIA,grecia,1
1308,grecia,PICOFARM SRL,ILFOV,Popesti Leordeni,Brousovanas Dimitrios,,picovitromania@yahoo.com,,,9158430,"SOS. OLTENITEI, NR. 220",PICOFARM,grecia,1
1309,grecia,PROMIDEA SRL,ILFOV,Voluntari,Panera Christiana,info@promidea.eu,sales1@promidea.eu,,,19318920,"BDUL. PIPERA TUNARI, NR. 1B",PROMIDEA,grecia,1
1310,grecia,PYRAMIS ROMANIA SRL,ILFOV,Otopeni,Bogdan Radu Iugulescu,office@pyramis.ro,marketing@pyramis.ro,,,14262850,"STR. AVRAM IANCU, NR. 30",PYRAMIS ROMANIA,grecia,1
1311,grecia,ROHEL TRANS INTERNATIONAL SRL,ILFOV,Olteni,Vournazos Efstathios,office@rohel.ro,comenzi@rohel.ro,,,13427750,"SOS. DE CENTURA, NR. 4",ROHEL TRANS INTERNATIONAL,grecia,1
1312,grecia,ROMCOLOR 2000 SA,ILFOV,Copaceni,Tonescu Florin,info@romcolor.ro,marketing@romcolor.ro,,,18167400,"INTR. SALCAMULUI, NR. 1",ROMCOLOR 2000,grecia,1
1313,grecia,SIDMA ROMANIA SRL,ILFOV,Caldararu,Michail Samonas,sales@sidma-ro.vionet.gr,office@sidma-ro.vionet.gr,,,15926590,"STR. OXIGENULUI, NR. 2",SIDMA ROMANIA,grecia,1
1314,grecia,SKREKIS ELECTRIC S.K. SRL,ILFOV,Otopeni,Panagiotis Skrekis,info@skrekis.ro,contabilitate@skrekis.ro,,,15939910,"SOS. ODAII, NR. 44",SKREKIS ELECTRIC S K,grecia,1
1315,ADRESE_2000,DESTINATAR<50C,JUDET,Localitate_Destinatar,formula_de_adresare,,,,,,"adreSa_deSTinaTar<50c, adreSa_deSTinaTar<50c",DESTINATAR 50C,ADRESE_2000,1
1316,mures,2B GROUP SRL,MURES,Reghin,Bereczki Zsolt,hallo@naturlich.ro,,0754202320,0754202311,,,2B GROUP,mures,1
1317,mures,3EL SRL,MURES,Targu Mures,Kiss Endre,office@3el.ro,,0733945881,0721528586,,,3EL,mures,1
1318,suplimentar,A & A TRANSPORTURI SPECIALE SRL,MURES,Tarnaveni,,office@aatransporturi.com,,0723367767,0756265004,1771594,,A A TRANSPORTURI SPECIALE,suplimentar,1
1319,suplimentar,A & C TRADING SRL,MURES,Albesti,,office@actrading.ro,boca.carmen@actrading.ro,0723172354,0725573327,1672158,,A C TRADING,suplimentar,1
1320,suplimentar,A & Z TRANS SRL,MURES,Targu Mures,,axztrans@yahoo.com,,0744620506,0748426756,1602857,,A Z TRANS,suplimentar,1
1321,mures,AAGES SA,MURES,Sangeorgiu De Mures,Molnar Gabor Jozsef,service@aages.ro,contabilitate@aages.ro,0744602491,,,,AAGES,mures,1
1322,suplimentar,ABRAZIV TRADE SRL,MURES,Sanpaul,,office@abraziv.ro,,0746012212,0755079594,3943382,,ABRAZIV TRADE,suplimentar,1
1323,suplimentar,ABSOLUT GRANIT SRL,MURES,Targu Mures,,,,0723524737,,3368312,,ABSOLUT GRANIT,suplimentar,1
1324,suplimentar,ACANTHA FARM SRL,MURES,Gurghiu,,acanthafarm@yahoo.com,,0733949078,0783005752,332165,,ACANTHA FARM,suplimentar,1
1325,suplimentar,ACID MEDIA SRL,MURES,Targu Mures,,office@theacidmedia.net,,0741143388,,1449521,,ACID MEDIA,suplimentar,1
1326,suplimentar,ACM ATM SRL,MURES,Sancraiu De Mures,,acmatmtirean@gmail.com,,0752465733,,3808285,,ACM ATM,suplimentar,1
1327,suplimentar,ACOPERISUL POTRIVIT MURES SRL,MURES,Ernei,,office@acoperisulpotrivit.ro,,0743326798,0740877237,1960958,,ACOPERISUL POTRIVIT MURES,suplimentar,1
1328,mures,ACTAMEDICA SRL,MURES,Targu Mures,Nicolau Carmen Daniela,office@lotuslife.ro,nicolau_lotus@yahoo.com,0744540921,0721232232,,,ACTAMEDICA,mures,1
1329,suplimentar,ACTCONSTRUCT B SRL,MURES,Nazna,,office@actconstructb.ro,,0731202020,0756084561,1905392,,ACTCONSTRUCT B,suplimentar,1
1330,mures,ADAMS VISION SRL,MURES,Targu Mures,Benedek Zsolt,office2@adamsvision.ro,contact@adamsvision.ro,0740623206,0744129535,,,ADAMS VISION,mures,1
1331,mures,ADDICOO BFN SRL,MURES,Sangeorgiu De Mures,Ticuleanu Costinel,,,,,,,ADDICOO BFN,mures,1
1332,suplimentar,ADI & MIRCEA TRANS SRL,MURES,Ludus,,aflorea90@yahoo.com,,0745179552,0720069531,818213,,ADI MIRCEA TRANS,suplimentar,1
1333,suplimentar,ADI DEL BOCA SRL,MURES,Saulia,,iacobboca@yahoo.com,,0730030267,0742084199,1395312,,ADI DEL BOCA,suplimentar,1
1334,suplimentar,ADI DRAG TRANS SRL,MURES,Targu Mures,,adidragtrans@yahoo.com,,0745406744,,1818698,,ADI DRAG TRANS,suplimentar,1
1335,mures,ADIAL ELECTRONIC SRL,MURES,Targu Mures,Sarcani Andrei,service@adial.ro,receptie@adial.ro,0735859492,0770843100,,,ADIAL ELECTRONIC,mures,1
1336,mures,ADIANA COM SRL,MURES,Targu Mures,Crisan Vasile,office@adianacom.ro,,0744529506,0744505719,,,ADIANA COM,mures,1
1337,mures,ADIMAG COM IMPEX SRL,MURES,Targu Mures,Cioban Nicolae Dumitru,office@adimag.ro,jeni@adimag.ro,0744797965,0744622798,,,ADIMAG COM IMPEX,mures,1
1338,suplimentar,ADIMEX SRL,MURES,Targu Mures,,adimexsrl@yahoo.com,,0744709509,0744643523,59529,,ADIMEX,suplimentar,1
1339,suplimentar,ADIMON SRL,MURES,Ludus,,scadimonsrl@yahoo.com,,0722564372,0724915432,154688,,ADIMON,suplimentar,1
1340,mures,ADMINISTRATOR IMOBILE SI PIETE SRL,MURES,Targu Mures,Ujica Valer,contact@piete-tgmures.ro,,,,,,ADMINISTRATOR IMOBILE SI PIETE,mures,1
1341,mures,ADRA 2011 SRL,MURES,Targu Mures,Bosa Adrian Teodor,,,0740348629,,,,ADRA 2011,mures,1
1342,suplimentar,ADRU SOLUTION SRL,MURES,Targu Mures,,contact@adrusolution.ro,adru.solution@gmail.com,0751036130,0743318185,1556836,,ADRU SOLUTION,suplimentar,1
1343,suplimentar,AEROPORTUL TRANSILVANIA TARGU MURES RA,MURES,Vidrasau,,office@transylvaniaairport.ro,,,,425127,,AEROPORTUL TRANSILVANIA TARGU MURES RA,suplimentar,1
1344,mures,AESCULAP PROD SRL,MURES,Targu Mures,Darabus Anca Corina,anca.darabus@ropharma.ro,aesculap.prod@ropharma.ro,0721293575,0723801915,,,AESCULAP PROD,mures,1
1345,suplimentar,AGC URBIO SRL,MURES,Targu Mures,,agcurbio@gmail.com,,0757379070,,3394566,,AGC URBIO,suplimentar,1
1346,mures,AGF NUOVAGROUP SRL,MURES,Targu Mures,Pop Ariana Georgeta,,,,,,,AGF NUOVAGROUP,mures,1
1347,suplimentar,AGRO BOVINE TCD SRL,MURES,Sarmasel Gara,,,,,,3440927,,AGRO BOVINE TCD,suplimentar,1
1348,mures,AGRO CISMAS SRL,MURES,Pogaceaua,Cismas Gheorghe,,,,0741468929,,,AGRO CISMAS,mures,1
1349,suplimentar,AGRO COM ALBERT SRL,MURES,Parau Crucii,,agrocomalbert@yahoo.com,,0744223211,,1343539,,AGRO COM ALBERT,suplimentar,1
1350,suplimentar,AGRO ECO TCD SRL,MURES,Sarmasel,,,,,,3712338,,AGRO ECO TCD,suplimentar,1
1351,mures,AGRO INVEST OVIM SRL,MURES,Targu Mures,Groza Ioan,,,0746619413,,,,AGRO INVEST OVIM,mures,1
1352,mures,AGRO PROD COM DOSA SRL,MURES,Chibed,Dosa Arpad,agroproddosa@yahoo.com,,0730713731,0730713730,,,AGRO PROD COM DOSA,mures,1
1353,mures,AGRO ROM IMPEX SRL,MURES,Targu Mures,Botezat Aurelian,agro_rom_aurelian_botezat@yahoo.com,,0741035830,0762240092,,,AGRO ROM IMPEX,mures,1
1354,suplimentar,AGROFIL COM SRL,MURES,Tarnaveni,,,,0729726615,0764801120,1849379,,AGROFIL COM,suplimentar,1
1355,suplimentar,AGROGEEA PRODUCT SRL,MURES,Abus,,agrogeeaproduct@yahoo.com,,0740845831,,1947632,,AGROGEEA PRODUCT,suplimentar,1
1356,suplimentar,AGROGREEN CONCEPT SRL,MURES,Targu Mures,,agrogreenconcept@gmail.com,,,0740845831,3213071,,AGROGREEN CONCEPT,suplimentar,1
1357,mures,AGROLEG VARO SRL,MURES,Bogata,Varo Stefan,office@agrolegvaro.ro,comenzi@agrolegvaro.ro,0756126538,0745555585,,,AGROLEG VARO,mures,1
1358,suplimentar,AGROLUDUS COOPERATIVA AGRICOLA,MURES,Ludus,,,,,,3742271,,AGROLUDUS COOPERATIVA AGRICOLA,suplimentar,1
1359,suplimentar,AGROPREST PRODCOM SRL,MURES,Faragau,,productie@agroprestgroup.ro,tehnic@agroprestgroup.ro,0786493226,0736102555,1882041,,AGROPREST PRODCOM,suplimentar,1
1360,suplimentar,AGROPREST SRL,MURES,Dumbravioara,,agroprest.ms@gmail.com,,0736102550,0730636633,479535,,AGROPREST,suplimentar,1
1361,mures,AGROSEN TG MURES SRL,MURES,Targu Mures,Natea Adina Manuela,agrosen_online@yahoo.com,agrosen_comenzi@yahoo.com,0729127860,0732950376,,,AGROSEN TG MURES,mures,1
1362,mures,AGROSPRINT SRL,MURES,Breaza,Albert Iosif,comercial@agrosprint.ro,trade@agrosprint.hu,0758087556,0756080251,,,AGROSPRINT,mures,1
1363,suplimentar,AGROTRANSCOM EX SRL,MURES,Miercurea Nirajului,,agrotranscomex@gmail.com,,0745539337,,68269,,AGROTRANSCOM EX,suplimentar,1
1364,mures,AKSD ROMANIA SRL,MURES,Chirileu,Szocs Gabor Robert,aksd@aksd.ro,,0790990900,0735162511,,,AKSD ROMANIA,mures,1
1365,suplimentar,ALCAMA DAIRY SRL,MURES,Faragau,,alcamadairy@gmail.com,,0786120130,0731146531,3856541,,ALCAMA DAIRY,suplimentar,1
1366,suplimentar,ALCORA PROD SRL,MURES,Albesti,,,,0744621846,,161301,,ALCORA PROD,suplimentar,1
1367,suplimentar,ALDOMOL REDNAX SHOP SRL,MURES,Santana De Mures,,,,,0743660405,3675979,,ALDOMOL REDNAX SHOP,suplimentar,1
1368,suplimentar,ALEGURD EXPEDITION SRL,MURES,Ideciu De Jos,,alegurdexpedition16@yahoo.com,,0770880972,0770785085,3126583,,ALEGURD EXPEDITION,suplimentar,1
1369,mures,ALEXTRANS SRL,MURES,Ogra,Neacsa Laurentiu Valentin,laurentiu.neacsa@yahoo.com,,0787874474,,,,ALEXTRANS,mures,1
1370,mures,ALIAT AMS SRL,MURES,Corunca,Makkai Sandor,office@aliat-ams.ro,,,,,,ALIAT AMS,mures,1
1371,mures,ALIAT AUTO SRL,MURES,Targu Mures,Manzar Andy Marius,,office@aliat-auto.ro,0741239715,0755079917,,,ALIAT AUTO,mures,1
1372,mures,ALIAT MOTORS SRL,MURES,Targu Mures,Manzar Andy Marius,office@aliat-auto.ro,andy.manzar@aliat-auto.ro,0741239705,,,,ALIAT MOTORS,mures,1
1373,mures,ALIN TOP INOX SRL,MURES,Petelea,Tomacu Alin,atotransport2014@gmail.com,,0745506511,0749830625,,,ALIN TOP INOX,mures,1
1374,suplimentar,ALL TIN SRL,MURES,Valenii De Mures,,balastiera@alltin.ro,office@nimar.ro,0730713741,0730116612,1353065,,ALL TIN,suplimentar,1
1375,mures,ALL4AUTO SRL,MURES,Targu Mures,Zsoldos Szabolcs,,,0756055020,,,,ALL4AUTO,mures,1
1376,suplimentar,ALL4PLAST RECYCLE SRL,MURES,Miercurea Nirajului,,office@all4plast.ro,,0742552761,0743155001,1934178,,ALL4PLAST RECYCLE,suplimentar,1
1377,mures,ALLCOLORS SERV SRL,MURES,Vidrasau,Daroczi Janos,office@allcolors.ro,contabilitate@allcolors.ro,0746053007,0740058658,,,ALLCOLORS SERV,mures,1
1378,mures,ALLSTAR PROD SRL,MURES,Targu Mures,Muresan Florea Mircea,tehnic@allstar.ro,,0755133207,0753523058,,,ALLSTAR PROD,mures,1
1379,mures,ALMAMET SRL,MURES,Tarnaveni,Stephan Steinacker,,,0733690050,0744640015,,,ALMAMET,mures,1
1380,suplimentar,ALPHA PARTNER SECURITY SRL,MURES,Sancraiu De Mures,,contact@aps-ms.ro,,0731021379,0731021371,2017508,,ALPHA PARTNER SECURITY,suplimentar,1
1381,suplimentar,ALPROD SRL,MURES,Santana De Mures,,comenzi@alprod.ro,,0744438086,0773372804,27124,,ALPROD,suplimentar,1
1382,suplimentar,ALTE GROUP SRL,MURES,Livezeni,,altegroup2023@gmail.com,,0740997679,0743058634,4100948,,ALTE GROUP,suplimentar,1
1383,mures,ALUNIS SRL,MURES,Sovata,Pirosca Ioan Ovidiu,office@sovata-alunis.ro,,0741147667,,,,ALUNIS,mures,1
1384,suplimentar,ALVI TRANS SRL,MURES,Sovata,,,,0747890136,0744482878,1208162,,ALVI TRANS,suplimentar,1
1385,suplimentar,AMANITA FARM SRL,MURES,Targu Mures,,farmacia_amanita@yahoo.com,,,,35949,,AMANITA FARM,suplimentar,1
1386,suplimentar,AMARIS PHARM SRL,MURES,Sangeorgiu De Mures,,amaris_72@yahoo.com,,0743058710,,1668170,,AMARIS PHARM,suplimentar,1
1387,suplimentar,AMB WINE COMPANY SRL,MURES,Batos,,hello@liliac.com,,0732300081,,4265527,,AMB WINE COMPANY,suplimentar,1
1388,mures,AMBASADOR GROUP SECURITY SRL,MURES,Rusii Munti,Vlaic Vasile Florin,ambasadorgroup17@gmail.com,,0754375025,,,,AMBASADOR GROUP SECURITY,mures,1
1389,suplimentar,AMBISCO SRL,MURES,Reghin,,ambiscosrl@yahoo.com,,0759884251,0727090900,569021,,AMBISCO,suplimentar,1
1390,suplimentar,AMIS MOB SA,MURES,Reghin,,office@amismob.ro,,,,153908,,AMIS MOB,suplimentar,1
1391,mures,AN FEED SRL,MURES,Bozeni,Antalffy Zoltan,comenzi@anfeed.ro,anfeed@anfeed.ro,0735233483,0730001161,,,AN FEED,mures,1
1392,suplimentar,ANA COMTRANS SRL,MURES,Iernut,,anacomtrans@yahoo.com,,0733056684,0721380920,27196,,ANA COMTRANS,suplimentar,1
1393,mures,ANDREI TRANS SRL,MURES,Reghin,Deac Gavril,,,0753102517,,,,ANDREI TRANS,mures,1
1394,suplimentar,ANDSER MEDICA SRL,MURES,Targu Mures,,diamedms21@gmail.com,farmaciaqueen@yahoo.com,0742226277,0744523272,479351,,ANDSER MEDICA,suplimentar,1
1395,suplimentar,ANGIO CENTER SRL,MURES,Targu Mures,,secretariat@angiocenter.ro,,,,1733127,,ANGIO CENTER,suplimentar,1
1396,mures,ANVERGO SRL,MURES,Targu Mures,Pastor Ioan Sorin,office@anvergo.ro,,,,,,ANVERGO,mures,1
1397,suplimentar,ANVICO SA,MURES,Targu Mures,,office@anvico.ro,digital@anvico.ro,0722253355,,161174,,ANVICO,suplimentar,1
1398,suplimentar,APA TERMIC TRANSPORT SA,MURES,Albesti,,attsasighisoara@yahoo.com,,0744523459,,425334,,APA TERMIC TRANSPORT,suplimentar,1
1399,suplimentar,APIPRODEX SRL,MURES,Targu Mures,,office@apiprodex.eu,,,0744572867,154045,,APIPRODEX,suplimentar,1
1400,suplimentar,ARAN EXFOR SRL,MURES,Sovata,,arpi.abodi@yahoo.com,,0745652712,,3760210,,ARAN EXFOR,suplimentar,1
1401,suplimentar,ARCOFLOR CONSTRUCT SRL,MURES,Targu Mures,,office@arcoflor.ro,arcoflorconstruct@yahoo.ro,0756555368,0745106759,3074978,,ARCOFLOR CONSTRUCT,suplimentar,1
1402,suplimentar,ARDEALE COSMETICS SRL,MURES,Reghin,,,,,0755224334,3404634,,ARDEALE COSMETICS,suplimentar,1
1403,mures,ARDON 4SAFETY SRL,MURES,Ernei,Cuesdeanu Lucian Alin,ardon@ardon4safety.ro,,,,,,ARDON 4SAFETY,mures,1
1404,suplimentar,ARKARA MOONLIGHT SRL,MURES,Targu Mures,,info@pelso-lexy.ro,arkaracafe@gmail.com,0757341705,,3061192,,ARKARA MOONLIGHT,suplimentar,1
1405,suplimentar,ARMINCO BMC SRL,MURES,Livezeni,,office@armincobmc.ro,,0744774873,,1818746,,ARMINCO BMC,suplimentar,1
1406,suplimentar,ARMIUS SRL,MURES,Targu Mures,,moldovancrinisoara@yahoo.com,,0746550642,,1396444,,ARMIUS,suplimentar,1
1407,mures,ARMONT SRL,MURES,Targu Mures,Baciu Mircea Vasile,armont94@gmail.com,,0745512582,0746385124,,,ARMONT,mures,1
1408,suplimentar,ARMOS EXIM SRL,MURES,Targu Mures,,office@molyslip.ro,office@armos.ro,0733056492,0728559873,90556,,ARMOS EXIM,suplimentar,1
1409,mures,ARMOS SERVICES SRL,MURES,Targu Mures,Teut Septimiu Ciprian,office@armosprotect.ro,contabilitate@armos.ro,0733056469,0732713486,,,ARMOS SERVICES,mures,1
1410,mures,ARTEMOB INTERNATIONAL SRL,MURES,Sovata,,contact@artemobinternational.com,vobreja@artemobinternational.com,0731730098,0731730070,,,ARTEMOB INTERNATIONAL,mures,1
1411,suplimentar,AS TOURISM SRL,MURES,Sovata,,office@hotelpacsirta.ro,,0752199502,,478931,,AS TOURISM,suplimentar,1
1412,suplimentar,ASMARA PREMIUM BRANDS SRL,MURES,Sighisoara,,vintage.sighisoara@yahoo.com,,,0741076999,1968207,,ASMARA PREMIUM BRANDS,suplimentar,1
1413,mures,ASPHAROM SRL,MURES,Targu Mures,Peteranderl Delia Mioara,office@aspharom-asphadrum.ro,contabilitate@aspharom-asphadrum.ro,0788595878,0788595883,,,ASPHAROM,mures,1
1414,mures,ASTOR COM SRL,MURES,Targu Mures,Sala Petrica Mihai,,office@valpet.ro,0730087010,0730087001,,,ASTOR COM,mures,1
1415,suplimentar,ATD SERVICII TEHNICE SRL,MURES,Targu Mures,,office@atd.ro,,0724260216,,1771764,,ATD SERVICII TEHNICE,suplimentar,1
1416,mures,ATLAS SPORT SRL,MURES,Targu Mures,Toma Emanuel,office@atlassport.ro,contact@atlassport.ro,0755327431,0755085276,,,ATLAS SPORT,mures,1
1417,mures,AUNDE C & S AUTOMOTIVE SRL,MURES,Santana De Mures,Barbasura Ionel Florinel,,,,,,,AUNDE C S AUTOMOTIVE,mures,1
1418,suplimentar,AUREXIM SRL,MURES,Rusii Munti,,aurexim92@gmail.com,,0723564495,0726107211,68508,,AUREXIM,suplimentar,1
1419,mures,AUTOBIT SRL,MURES,Cristesti,Chis Florian,vanzari@autobit.ro,service@autobit.ro,0760600086,0760600085,,,AUTOBIT,mures,1
1420,mures,AUTOCOMPLET SRL,MURES,Targu Mures,Lazar Octavian Dorin,autocomplet@yahoo.com,autocomplet_conta@yahoo.com,0743009148,0743009146,,,AUTOCOMPLET,mures,1
1421,suplimentar,AUTODAR OIL SRL,MURES,Sarmasel Gara,,,,0744398106,,2040257,,AUTODAR OIL,suplimentar,1
1422,mures,AUTOHAUS WESTCAR SRL,MURES,Corunca,Sighiartau Emanuel Ovidiu,vanzari@westcar.ro,office@westcar.ro,0731909998,0728289128,,,AUTOHAUS WESTCAR,mures,1
1423,suplimentar,AVALON PROPERTY SRL,MURES,Ungheni,,,,,,3554508,,AVALON PROPERTY,suplimentar,1
1424,suplimentar,AVE MURES SRL,MURES,Ungheni,,office.avemures@gmail.com,,,,1868855,,AVE MURES,suplimentar,1
1425,suplimentar,AXIA MEDICAL SRL,MURES,Targu Mures,,laurentiu.dorcioman@axiamed.ro,office@axiamed.ro,0744621519,,1449755,,AXIA MEDICAL,suplimentar,1
1426,suplimentar,AZIMUT COM SRL,MURES,Acatari,,azimutoferta@gmail.com,azimut1992@gmail.com,0744500543,0744511937,161075,,AZIMUT COM,suplimentar,1
1427,mures,AZOMURES SA,MURES,Targu Mures,Zacharias Joshua Eli,office@azomures.com,marketing@azomures.com,0787702623,0731340883,,,AZOMURES,mures,1
1428,mures,AZOTRANS SRL,MURES,Targu Mures,Suciu Eugenia,azotrans@gmail.com,,0744387172,0755085246,,,AZOTRANS,mures,1
1429,mures,B2B SYNERGY SRL,MURES,Santana De Mures,Florea Alexandru Dacian,office@b2bsynergy.ro,contact@b2bsynergy.ro,0758135135,,,,B2B SYNERGY,mures,1
1430,suplimentar,BABE SRL,MURES,Sangeorgiu De Mures,,office@fivmures.ro,,,,1845961,,BABE,suplimentar,1
1431,suplimentar,BAGGERMAN BV SRL,MURES,Reghin,,info@baggerman.ro,office@baggerman.ro,0774410411,,3192052,,BAGGERMAN BV,suplimentar,1
1432,mures,BAILE SARATE SRL,MURES,Sangeorgiu De Mures,Benta Remus Aurel,office@clubapollo.ro,hotel@clubapollo.ro,0757031236,0752011914,,,BAILE SARATE,mures,1
1433,mures,BALINT TRANS SRL,MURES,Sancraiu De Mures,Balint Jozsef,balinttrans@yahoo.com,,0740064999,0745611999,,,BALINT TRANS,mures,1
1434,mures,BALNEOCLIMATERICA SRL,MURES,Sovata,Rusu Andrei,sovata.balneo@ro.ensanahotels.com,ebiro@ro.ensanahotels.com,0741231400,,,,BALNEOCLIMATERICA,mures,1
1435,mures,BALORMAN ROMANIA SRL,MURES,Reghin,Kandemir Aytac,contact@balorman.com,,0739850725,0745379620,,,BALORMAN ROMANIA,mures,1
1436,suplimentar,BARBETRANS SRL,MURES,Saulia,,barbetrans@yahoo.com,,0755503321,,817028,,BARBETRANS,suplimentar,1
1437,suplimentar,BARCSA SERVICE SRL,MURES,Panet,,office@barcsamarket.ro,barcsaservice@gmail.com,0745471992,0741130377,425599,,BARCSA SERVICE,suplimentar,1
1438,mures,BARTROM EXIM SRL,MURES,Tarnaveni,Bagherea Lucian Marius,office@bartrom.ro,salescj1@bartrom.ro,0757011600,0741550908,,,BARTROM EXIM,mures,1
1439,suplimentar,BAU DOM INVEST SRL,MURES,Apold,,construct_daniel@yahoo.com,,0768449931,0742481767,3192262,,BAU DOM INVEST,suplimentar,1
1440,suplimentar,BAUKNECHT COM SRL,MURES,Targu Mures,,,,0747015961,,196287,,BAUKNECHT COM,suplimentar,1
1441,mures,BAVARIA IMPEX SRL,MURES,Tarnaveni,Nemes Emil Iustian,bavarianey@yahoo.com,,0749064854,0746149494,,,BAVARIA IMPEX,mures,1
1442,mures,BBM OUTDOORS SRL,MURES,Sighisoara,Ilyes Mirela Geanina,,,,,,,BBM OUTDOORS,mures,1
1443,mures,BENUTI COMPANY SRL,MURES,Targu Mures,Boalca Paul Laurentiu,info@benuticompany.ro,benuticompany@yahoo.com,0753067013,0740480313,,,BENUTI COMPANY,mures,1
1444,suplimentar,BERATI DISCOUNT SRL,MURES,Fantanele,,bernad_ati@yahoo.com,,0741946175,,1946270,,BERATI DISCOUNT,suplimentar,1
1445,suplimentar,BERES PHARMA SRL,MURES,Santana De Mures,,office@beres.ro,info@beres.ro,0755142104,0747773708,1740926,,BERES PHARMA,suplimentar,1
1446,mures,BERES PHARMACEUTICALS PRIVATE LTD,MURES,Santana De Mures,Galfalvy Laszlo,,,,,,,BERES PHARMACEUTICALS PRIVATE LTD,mures,1
1447,suplimentar,BERLATI SRL,MURES,Fantanele,,,,0745300255,,154012,,BERLATI,suplimentar,1
1448,mures,BESTJOBS RECRUTARE SA,MURES,Targu Mures,Fusu Calin,dpo@bestjobs.eu,angajatori@bestjobs.eu,0742656922,,,,BESTJOBS RECRUTARE,mures,1
1449,mures,BHATZLACHA DREIDEL EUROPE SRL,MURES,Targu Mures,Hamvai Tibor,,,,,,,BHATZLACHA DREIDEL EUROPE,mures,1
1450,mures,BHS TRANS SRL,MURES,Ungheni,Herbszt Gabor,info@bhstrans.ro,,0799854585,,,,BHS TRANS,mures,1
1451,suplimentar,BIFLORA SRL,MURES,Miercurea Nirajului,,jozsef.szabo@biflora.ro,office@biflora.ro,,0766091141,1208157,,BIFLORA,suplimentar,1
1452,mures,BILY TRANS SRL,MURES,Livezeni,Tokes Petru,vanzari@bilytrans.ro,office@bilytrans.ro,0752077323,0744692871,,,BILY TRANS,mures,1
1453,mures,BIO AQUA GROUP SRL,MURES,Targu Mures,Veres Gabriel Gheorghe,office@bioaqua.ro,,0745110534,,,,BIO AQUA GROUP,mures,1
1454,mures,BIO EEL SRL,MURES,Targu Mures,Albert Attila,office@bioeel.ro,gdpr.bioeel@bioeel.ro,0749058316,,,,BIO EEL,mures,1
1455,mures,BIOEEL MANUFACTURING SRL,MURES,Targu Mures,Albert Attila,,office@bioeel.ro,0752033877,,,,BIOEEL MANUFACTURING,mures,1
1456,suplimentar,BIOPHARM INTERNATIONAL SRL,MURES,Targu Mures,,office@biopharminternational.ro,,0740071175,,510662,,BIOPHARM INTERNATIONAL,suplimentar,1
1457,mures,BIRENDRA SRL,MURES,Santana De Mures,Prunas Gelu,office@birendra.ro,office@birendra.org,0770827855,,,,BIRENDRA,mures,1
1458,mures,BLEMA TRANS SRL,MURES,Tarnaveni,Bleoca Marius Ciprian,info.blematrans@gmail.com,,0740515929,,,,BLEMA TRANS,mures,1
1459,mures,BLONDY ROMANIA SRL,MURES,Targu Mures,Kluzsan Janos Attila,shop@blondyromania.ro,office@blondyromania.ro,0755052774,0752192332,,,BLONDY ROMANIA,mures,1
1460,suplimentar,BLUE CON SRL,MURES,Miercurea Nirajului,,office@bluecon.ro,bluecon_ro@yahoo.com,0745594009,0751133226,1449580,,BLUE CON,suplimentar,1
1461,suplimentar,BLUE ISLAND PRODUCTIONS SRL,MURES,Targu Mures,,office@blueisland.ro,horea@blueisland.ro,0726201938,0742204252,1449541,,BLUE ISLAND PRODUCTIONS,suplimentar,1
1462,mures,BMA AUTOCENTER SRL,MURES,Boiu,Boros Geza,office@bmaautocenter.ro,geza.boros@bmaautocenter.ro,0750436663,0765157773,,,BMA AUTOCENTER,mures,1
1463,suplimentar,BOBIN PROD SRL,MURES,Ludus,,vasile.trifan60@yahoo.com,,0722390672,,161152,,BOBIN PROD,suplimentar,1
1464,suplimentar,BOGDANTUR SRL,MURES,Sovata,,badri.impex@gmail.com,,0724056983,0730120062,1480260,,BOGDANTUR,suplimentar,1
1465,mures,BONE RUL SPEED SRL,MURES,Ludus,Cocis Raul Teodor,office@bonerulspeed.com,,0726709893,0742806034,,,BONE RUL SPEED,mures,1
1466,mures,BORDAS INDUSTRIAL GROUP OF ALUMINIUM SA,MURES,Targu Mures,Bordas Vasile Lucian,office@bigal.ro,,,,,,BORDAS INDUSTRIAL GROUP OF ALUMINIUM,mures,1
1467,suplimentar,BPW FOREST MUNTENIA SRL,MURES,Albesti,,,,,,3348814,,BPW FOREST MUNTENIA,suplimentar,1
1468,suplimentar,BREWON WORCON SRL,MURES,Matrici,,,,,,4014428,,BREWON WORCON,suplimentar,1
1469,suplimentar,BRICO SRL,MURES,Targu Mures,,brico.ms@gmail.com,,0746249499,0744163027,154588,,BRICO,suplimentar,1
1470,suplimentar,BRK VAS FOREST SRL,MURES,Hodac,,brkvasforest@yahoo.com,,0751052802,0742527383,3125505,,BRK VAS FOREST,suplimentar,1
1471,suplimentar,BRM HOME SOLUTION SRL,MURES,Targu Mures,,,,0747232055,,3844240,,BRM HOME SOLUTION,suplimentar,1
1472,mures,BS PAZA SI PROTECTIE SRL,MURES,Targu Mures,Ballai Szidonia,contact@bsguarding.ro,bs@bsguarding.ro,0722998009,,,,BS PAZA SI PROTECTIE,mures,1
1473,mures,BUCHEN ICS ROMANIA SRL,MURES,Targu Mures,Cvaci Darius Alexandru Nicolae,office-romania@buchen.net,,0733940494,0799009214,,,BUCHEN ICS ROMANIA,mures,1
1474,mures,BUCIN MOB SRL,MURES,Reghin,Bucin Lucia,secretariat@bucinmob.ro,office@bucinmob.ro,0769253951,0761102800,,,BUCIN MOB,mures,1
1475,suplimentar,BUMEKA PLUS SRL,MURES,Targu Mures,,,,,,2105047,,BUMEKA PLUS,suplimentar,1
1476,suplimentar,BUNGALOW.NET MARKETING SERVICES SRL,MURES,Targu Mures,,,hr@bungalow.net,,,1677563,,BUNGALOW NET MARKETING SERVICES,suplimentar,1
1477,suplimentar,C & F PROFESIONAL FORAJE SRL,MURES,Parau Crucii,,office@forajemures.ro,florin.vaidean@yahoo.com,0751393204,,3107138,,C F PROFESIONAL FORAJE,suplimentar,1
1478,suplimentar,C & PI COMPROD SRL,MURES,Mihai Viteazu,,palasan.comprod@yahoo.com,,0723335219,0724215396,1335106,,C PI COMPROD,suplimentar,1
1479,suplimentar,C.ONOCAN SRL,MURES,Cristesti,,,,,,2041945,,C ONOCAN,suplimentar,1
1480,suplimentar,CA & MB GRUP SRL,MURES,Targu Mures,,gdpr@ro.mcd.com,,0751062347,0743058634,1919980,,CA MB GRUP,suplimentar,1
1481,mures,CABLETEAM SRL,MURES,Albesti,Schuster Karl Martin,office@cableteam.ro,karl.schuster@cableteam.ro,0726236247,,,,CABLETEAM,mures,1
1482,suplimentar,CADRUPO AUTOMOBILE SRL,MURES,Sangeorgiu De Mures,,office@cadrupo.ro,,,0723647595,2077898,,CADRUPO AUTOMOBILE,suplimentar,1
1483,suplimentar,CALINUT SRL,MURES,Targu Mures,,calinutz_pop2007@yahoo.com,,0740052784,,478896,,CALINUT,suplimentar,1
1484,suplimentar,CAMBRIO AUTO SRL,MURES,Reghin,,cambrioauto@gmail.com,moldovandumitru2013@gmail.com,0747498984,0731838182,1558581,,CAMBRIO AUTO,suplimentar,1
1485,suplimentar,CAMELWEB CREATIONS SRL,MURES,Targu Mures,,info@camelweb.com,,0733090869,,25879,,CAMELWEB CREATIONS,suplimentar,1
1486,suplimentar,CAMRA COM SRL,MURES,Sancraiu De Mures,,camracom@gmail.com,,0740586972,,425350,,CAMRA COM,suplimentar,1
1487,suplimentar,CARDINAL PREST SERV SRL,MURES,Ludus,,cardinalprest@gmail.com,,0720535475,0723690266,161740,,CARDINAL PREST SERV,suplimentar,1
1488,mures,CARDIO MED SRL,MURES,Targu Mures,Leonte Catalina Brindusa,contact@cardiomedtgm.ro,reghin@cardiomedtgm.ro,0771064736,,,,CARDIO MED,mures,1
1489,suplimentar,CARLA ENERGY SRL,MURES,Targu Mures,,monica81moldovan@gmail.com,,0746131239,0744752746,1393509,,CARLA ENERGY,suplimentar,1
1490,suplimentar,CARMACO AGRO SRL,MURES,Reghin,,cofetaria.aroma@yahoo.com,sccarmacosrl@yahoo.com,0751068924,0742238394,2045875,,CARMACO AGRO,suplimentar,1
1491,mures,CARNICOMP SRL,MURES,Sighisoara,Anghel Adriana,sc_carnicomp@yahoo.com,,0744271197,0722331385,,,CARNICOMP,mures,1
1492,suplimentar,CARO COMP SRL,MURES,Targu Mures,,office@carocomp.ro,tvera@carocomp.ro,0744572820,0744505220,59770,,CARO COMP,suplimentar,1
1493,suplimentar,CAROLTEX IMPEX SRL,MURES,Sighisoara,,office@motelsighisoara.com,,0744596303,0745653433,27176,,CAROLTEX IMPEX,suplimentar,1
1494,suplimentar,CASA PETRINA SRL,MURES,Corunca,,office@casapetrina.ro,casapetrina@gmail.com,0749277110,0749277002,1899991,,CASA PETRINA,suplimentar,1
1495,mures,CASE ASPHALT SRL,MURES,Corunca,Ozmen Sumru,ludovic@caseasphalt.com,,0726088100,,,,CASE ASPHALT,mures,1
1496,mures,CATALONIA INOX SRL,MURES,Targu Mures,Meessen Patrick,office@cataloniainox.ro,,0758257514,0758257501,,,CATALONIA INOX,mures,1
1497,mures,CATTUS SRL,MURES,Targu Mures,Budai Alexandru,office@erond.ro,,0724044076,0745384473,,,CATTUS,mures,1
1498,mures,CENTRUL DE FORAJE PENTRU INFRASTRUCTURA SA,MURES,Targu Mures,,office@trenchlessworks.ro,,,0726767449,,,CENTRUL DE FORAJE PENTRU INFRASTRUCTURA,mures,1
1499,suplimentar,CENTRUL GENERAL DE ARHIVARE SRL,MURES,Chinari,,office@cgarhivare.ro,depozit@cgarhivare.ro,0786230423,0728872080,1678521,,CENTRUL GENERAL DE ARHIVARE,suplimentar,1
1500,mures,CENTRUL MEDICAL TOPMED SRL,MURES,Targu Mures,Gomotirceanu Florin,,office@topmed.ro,,0728800699,,,CENTRUL MEDICAL TOPMED,mures,1
1501,suplimentar,CENTRUM MARKET SRL,MURES,Miercurea Nirajului,,,,0730001568,,4075259,,CENTRUM MARKET,suplimentar,1
1502,mures,CERAGRIM SRL,MURES,Ungheni,Pop Ioan,office@ceragrim.ro,ceragrimures@yahoo.com,0744796793,0744504493,,,CERAGRIM,mures,1
1503,suplimentar,CEREALAND SRL,MURES,Coroisanmartin,,aureliansos@yahoo.com,,0741266210,,1754458,,CEREALAND,suplimentar,1
1504,suplimentar,CEREALPROD SRL,MURES,Iernut,,liliana.simona.santa@gmail.com,,0742031999,,154002,,CEREALPROD,suplimentar,1
1505,mures,CEZOTI FRUCT SRL,MURES,Targu Mures,Labant Ioan,,,,,,,CEZOTI FRUCT,mures,1
1506,suplimentar,CFP CONSTRUCT SRL,MURES,Nazna,,office@cfpconstruct.ro,cfpconstruct@yahoo.com,0756646770,0749167413,478894,,CFP CONSTRUCT,suplimentar,1
1507,mures,CHARTER TRANS AIR AGENCY SRL,MURES,Targu Mures,Graur Aurel Ovidiu,office@transair.ro,mures@transair.ro,0744566404,0740146394,,,CHARTER TRANS AIR AGENCY,mures,1
1508,mures,CHESPA TRANSILVANIA SRL,MURES,Targu Mures,Szoverfi Siderias Csanad Zoltan,info.ro@chespa.eu,denisa.rus@chespa.eu,0752249339,0748118006,,,CHESPA TRANSILVANIA,mures,1
1509,mures,CIE MATRICON SA,MURES,Targu Mures,Ander Arenza Alvarez,sales@cieautomotive.com,ciematricon@cieautomotive.com,0730119699,0724427677,,,CIE MATRICON,mures,1
1510,mures,CIS GAZ SA,MURES,Santana De Mures,Calugar Horatiu Sebastian,,office@cisgaz.com,0729992205,0722600944,,,CIS GAZ,mures,1
1511,suplimentar,CIS GAZ SERVICII SRL,MURES,Santana De Mures,,office@cisengineering.ro,,,,1966247,,CIS GAZ SERVICII,suplimentar,1
1512,mures,CITADIN PREST SA,MURES,Targu Mures,Loghin Ramona,citadin_prest@yahoo.com,,0742482346,0740660563,,,CITADIN PREST,mures,1
1513,suplimentar,CITY AUTOMOBILE SRL,MURES,Corunca,,automobiletogan@yahoo.com,,0743403314,,161860,,CITY AUTOMOBILE,suplimentar,1
1514,suplimentar,CLAU SI ROMANA TRANS SRL,MURES,Band,,clauromana@yahoo.com,,0743904316,0743191628,1771670,,CLAU SI ROMANA TRANS,suplimentar,1
1515,mures,CLAUBIS PROD COM IMPEX SRL,MURES,Reghin,Marta Claudiu Simion,,,0744792616,,,,CLAUBIS PROD COM IMPEX,mures,1
1516,mures,CLEANIKA SRL,MURES,Targu Mures,Govier Floare,info@cleanika.com,,0756011981,0756011984,,,CLEANIKA,mures,1
1517,suplimentar,CLEANTECH2003 SRL,MURES,Targu Mures,,info@apexaclean.ro,contab@apexaclean.ro,0752243396,0744645423,1354384,,CLEANTECH2003,suplimentar,1
1518,mures,CLINI LAB SRL,MURES,Targu Mures,Jakab Stefan,office@clinilab.ro,oferte@clinilab.ro,0723275800,0729499012,,,CLINI LAB,mures,1
1519,suplimentar,CN UNICAT SRL,MURES,Sighisoara,,office@ceramicmozaic.ro,n.peter@ceramicmozaic.ro,0728141298,,2046622,,CN UNICAT,suplimentar,1
1520,suplimentar,COBINET SRL,MURES,Albesti,,,,,,3624548,,COBINET,suplimentar,1
1521,mures,COFIT CONSTRUCT SRL,MURES,Targu Mures,Coros Ioan,reservations@imperialinn.ro,spa@imperialinn.ro,0742400600,0752068272,,,COFIT CONSTRUCT,mures,1
1522,mures,COLOR EXPERT RO SRL,MURES,Nazna,Moldovanu Petru,petru.moldovanu@colorexpert.ro,ioan.cioloboc@colorexpert.ro,0731230747,0731230743,,,COLOR EXPERT RO,mures,1
1523,mures,COM ADRANDI SRL,MURES,Sighisoara,Burlacu Adrian,contact@hotelkorona.ro,clienti@adrandi.ro,0722100038,0722100031,,,COM ADRANDI,mures,1
1524,suplimentar,COM ELECTRO SRL,MURES,Sighisoara,,office@comelectro2000.ro,com_electro_srl@yahoo.com,0742122964,0746282326,119637,,COM ELECTRO,suplimentar,1
1525,mures,COMCEREAL SARMASEL COOPERATIVA AGRICOLA,MURES,Sarmasel Gara,Toth Darius Liviu,,,,,,,COMCEREAL SARMASEL COOPERATIVA AGRICOLA,mures,1
1526,suplimentar,COMINPEX C.B. SRL,MURES,Targu Mures,,cocis.stela@yahoo.com,,0744520089,,294224,,COMINPEX C B,suplimentar,1
1527,suplimentar,COMOBIMPEX SRL,MURES,Targu Mures,,info@home-miotto.ro,comobimpex@magazinelems.ro,0744534002,0744985382,59519,,COMOBIMPEX,suplimentar,1
1528,mures,COMOSERV SRL,MURES,Targu Mures,Borc Costin Grigore,resurseumane@comoserv.ro,office@comoserv.ro,0742109821,,,,COMOSERV,mures,1
1529,mures,COMPANIA AQUASERV SA,MURES,Targu Mures,Takacs Elek,office@aquaserv.ro,client@aquaserv.ro,,,,,COMPANIA AQUASERV,mures,1
1530,mures,COMPANIA DE DEMOLARI INDUSTRIALE SRL,MURES,Dambau,Miklos Csongor,poliglot.group@yahoo.com,,0744644180,,,,COMPANIA DE DEMOLARI INDUSTRIALE,mures,1
1531,suplimentar,COMPLEX BOEMA SRL,MURES,Corunca,,,,,,4009962,,COMPLEX BOEMA,suplimentar,1
1532,suplimentar,COMPLEX PADESUL SRL,MURES,Tarnaveni,,office@complexpadesul.ro,receptie@complexpadesul.ro,0722470490,0765490449,27174,,COMPLEX PADESUL,suplimentar,1
1533,suplimentar,COMTRANS HUTINA SRL,MURES,Targu Mures,,comtranshutina@yahoo.com,,0742391550,0743427041,1899854,,COMTRANS HUTINA,suplimentar,1
1534,mures,COMVIG IMPEX SRL,MURES,Reghin,Gliga Ioan,comvig@yahoo.com,,0749167815,0744475228,,,COMVIG IMPEX,mures,1
1535,suplimentar,COMVIV SRL,MURES,Targu Mures,,office@naturalsmile.ro,,0770363758,0745507253,59729,,COMVIV,suplimentar,1
1536,mures,CONART STRUCTURI SRL,MURES,Santana De Mures,Prunas Gelu,control.financiar@conartstructuri.ro,,0771311487,,,,CONART STRUCTURI,mures,1
1537,suplimentar,CONFORT IMPEX SRL,MURES,Targu Mures,,info@cioatafurniture.ro,,0744621552,,294100,,CONFORT IMPEX,suplimentar,1
1538,mures,CONIFLOR SRL,MURES,Gurghiu,Costea Nicolae Florin,office@coniflor.ro,coniflor2005@yahoo.com,0731312745,0744392996,,,CONIFLOR,mures,1
1539,mures,CONSICOM SRL,MURES,Reghin,Siko Janos,contabilitate@consicom.eu,siko.szabolcs@consicom.eu,0730618762,0730618754,,,CONSICOM,mures,1
1540,mures,CONSTRUCT MAPCOM SRL,MURES,Targu Mures,Plopeanu Doru Alin,office@mapcom.ro,,0726201406,,,,CONSTRUCT MAPCOM,mures,1
1541,suplimentar,CONSTRUCT STIL INOX SRL,MURES,Targu Mures,,csigrupms@gmail.com,,0740751456,0728974854,1356327,,CONSTRUCT STIL INOX,suplimentar,1
1542,mures,CONSTRUCTII FEROVIARE MURES SA,MURES,Targu Mures,Herman Andra Teodora,sccf_mures_sa@yahoo.com,,0744796408,,,,CONSTRUCTII FEROVIARE MURES,mures,1
1543,suplimentar,CONSUMCOOP GANESTI SCC,MURES,Tarnaveni,,consumcoop_ganesti@yahoo.com,,0722769062,,601987,,CONSUMCOOP GANESTI SCC,suplimentar,1
1544,mures,CONSUS ELECTRIC SRL,MURES,Targu Mures,Constantin Daniel,office@consuselectric.ro,,0785210682,0740247058,,,CONSUS ELECTRIC,mures,1
1545,mures,CONTRANSCOM CONSTRUCTII BENTA SRL,MURES,Nazna,Benta Remus,office@benta.ro,,0745624214,,,,CONTRANSCOM CONSTRUCTII BENTA,mures,1
1546,suplimentar,COOPERATIVA AGRICOLA ECO AGRAS,MURES,Panet,,,,,,3859146,,COOPERATIVA AGRICOLA ECO AGRAS,suplimentar,1
1547,mures,CORALIA COM SRL,MURES,Sighisoara,Perte Dan,coraliasighisoara@yahoo.com,coraliamures@gmail.com,0744565838,0742047501,,,CORALIA COM,mures,1
1548,suplimentar,COSTACOS EXCHANGE SRL,MURES,Sighisoara,,costacos.exchange@yahoo.com,,0744608735,0744548586,337257,,COSTACOS EXCHANGE,suplimentar,1
1549,mures,COTRACO ROM SRL,MURES,Sangeorgiu De Mures,Barbulescu Bogdan,angajari@cotraco.ro,office@cotraco.ro,0744791286,0744791284,,,COTRACO ROM,mures,1
1550,suplimentar,CREATIV CONSREG SRL,MURES,Reghin,,,,,0740198796,3352750,,CREATIV CONSREG,suplimentar,1
1551,suplimentar,CREATOYS TEAM SRL,MURES,Targu Mures,,office@creatoys.ro,,0730054487,0740888401,2079837,,CREATOYS TEAM,suplimentar,1
1552,suplimentar,CRISTITRANSERV SRL,MURES,Dumbravioara,,,,,,3482155,,CRISTITRANSERV,suplimentar,1
1553,mures,CROMATIC TIPO SRL,MURES,Targu Mures,Ormenisan Vasile,cromatictipo@cromatictipo.ro,,0722385264,0728604000,,,CROMATIC TIPO,mures,1
1554,mures,CRYSTAL GLOBE SRL,MURES,Tarnaveni,Besenyei Letitia,office@kalenda.ro,cluj@kalenda.ro,0741266220,0752248482,,,CRYSTAL GLOBE,mures,1
1555,suplimentar,CTC CONSTRUCT ARDEAL SRL,MURES,Dedrad,,,,0741946878,,1818409,,CTC CONSTRUCT ARDEAL,suplimentar,1
1556,mures,CULTILIS SRL,MURES,Tarnaveni,Von Meding Maximilian Andreas Dominik,,gyergyai@onesta.ro,0786902201,,,,CULTILIS,mures,1
1557,mures,D & D INSTAL SRL,MURES,Targu Mures,Degi Karoly,office@ddinstal.ro,administrativ@ddinstal.ro,0728278548,0745318917,,,D D INSTAL,mures,1
1558,suplimentar,DACTYLIS PROD SRL,MURES,Ludus,,conta.dactylis@yahoo.com,,0744591954,0745510891,27175,,DACTYLIS PROD,suplimentar,1
1559,mures,DAFCOCHIM AGRO SRL,MURES,Targu Mures,Cojoc Iuliu Liviu,ioana@dafcochim.ro,andrea@dafcochim.ro,0726797931,0730120204,,,DAFCOCHIM AGRO,mures,1
1560,mures,DAFCOCHIM DISTRIBUTION SRL,MURES,Targu Mures,Cojoc Iuliu Liviu,,office@dafcochim.ro,,,,,DAFCOCHIM DISTRIBUTION,mures,1
1561,suplimentar,DAGHEMANA COM SRL,MURES,Valea Larga,,autogara_campia_turzii@yahoo.com,andreihotel@gmail.com,0743056176,0726710122,425204,,DAGHEMANA COM,suplimentar,1
1562,suplimentar,DAMY ORTOMED SRL,MURES,Reghin,,policlinica.totalmed@gmail.com,,0744405448,0752965469,3632867,,DAMY ORTOMED,suplimentar,1
1563,suplimentar,DAN BOMBON SRL,MURES,Targu Mures,,,,0741054111,,59696,,DAN BOMBON,suplimentar,1
1564,suplimentar,DANBORCOM SRL,MURES,Jabenita,,borda_dan@yahoo.com,,0745028008,0745606737,479423,,DANBORCOM,suplimentar,1
1565,mures,DANUBIAN MEAT INDUSTRY SRL,MURES,Seuca,,,,,,,,DANUBIAN MEAT INDUSTRY,mures,1
1566,suplimentar,DANUTRITION SRL,MURES,Cerghizel,,mariusvet@gmail.com,office.danutrition@gmail.com,0729894525,,1818500,,DANUTRITION,suplimentar,1
1567,mures,DANYVAS AUTOTOTAL SRL,MURES,Targu Mures,Chereches Daniel Florin,,,,,,,DANYVAS AUTOTOTAL,mures,1
1568,suplimentar,DARALEX TRANS SRL,MURES,Targu Mures,,daralextrans@yahoo.com,office@daralex-trans.ro,0728960555,0729802021,1567598,,DARALEX TRANS,suplimentar,1
1569,mures,DARINA COM SRL,MURES,Targu Mures,Baciu Lenuta,office@darina.ro,client@darina.ro,0771260737,0758817087,,,DARINA COM,mures,1
1570,suplimentar,DAVDESIGN & MOBILA SRL,MURES,Tarnaveni,,mobilatarnaveni@yahoo.ro,,0759163502,0744875734,1996974,,DAVDESIGN MOBILA,suplimentar,1
1571,mures,DAW BENTA ROMANIA SRL,MURES,Sancraiu De Mures,Benta Remus Aurel,office@caparol.ro,magtirgumures@caparol.ro,0731230610,0731233056,,,DAW BENTA ROMANIA,mures,1
1572,suplimentar,DEALER ITALIA SRL,MURES,Vanatori,,service@dealeritalia.eu,office@dealeritalia.eu,0756052379,0756052377,1987385,,DEALER ITALIA,suplimentar,1
1573,suplimentar,DEDRALEX SOLAR ENERGY SRL,MURES,Dedrad,,office@dedralex.ro,,0751131314,,3350012,,DEDRALEX SOLAR ENERGY,suplimentar,1
1574,suplimentar,DEKOTEX SRL,MURES,Targu Mures,,office@dekotex.ro,,0744394144,,68188,,DEKOTEX,suplimentar,1
1575,suplimentar,DELASON SRL,MURES,Albesti,,rezervari@hotelcavaler.ro,,0743177302,0756194681,119961,,DELASON,suplimentar,1
1576,mures,DELGAZ GRID SA,MURES,Targu Mures,Rares Alexandru Ionescu,office@delgaz-grid.ro,recrutare@eon-romania.ro,0745676341,0745260043,,,DELGAZ GRID,mures,1
1577,suplimentar,DELTATHERM SRL,MURES,Reghin,,vanzari@deltatherm.ro,service@deltatherm.ro,0745509161,,90335,,DELTATHERM,suplimentar,1
1578,suplimentar,DEMICONS SRL,MURES,Reghin,,info@demicons.ro,contabilitate@furanflex.ro,0726181919,0731837361,266515,,DEMICONS,suplimentar,1
1579,suplimentar,DENCAR GAL SRL,MURES,Targu Mures,,,,0753699132,,2075115,,DENCAR GAL,suplimentar,1
1580,suplimentar,DENTALTOP SRL,MURES,Sancraiu De Mures,,oralmed2000@yahoo.com,office@dentaltop.ro,0746336825,0744432079,1449326,,DENTALTOP,suplimentar,1
1581,suplimentar,DEPALMUR SRL,MURES,Reghin,,depalmur@yahoo.com,,0741139831,,1752223,,DEPALMUR,suplimentar,1
1582,mures,DEPOMURES SA,MURES,Targu Mures,Lucaci Emil,office@depomures.ro,,0743154154,,,,DEPOMURES,mures,1
1583,suplimentar,DETERLIFE SRL,MURES,Reghin,,office@deterlife.ro,,0745946045,0745612201,1611008,,DETERLIFE,suplimentar,1
1584,mures,DIADRAG SRL,MURES,Iernut,Cernea Daniela,sc_diadrag_srl@yahoo.com,,0751574696,,,,DIADRAG,mures,1
1585,suplimentar,DIALIN AGA SRL,MURES,Breaza,,agamathome21@gmail.com,dialinaga@gmail.com,0743900368,0753641118,3042900,,DIALIN AGA,suplimentar,1
1586,mures,DIANA TRANS SRL,MURES,Chetani,Dee Lascau Iuliu,info@dianatrans.ro,vanzari@dianatrans.ro,0745102604,0736102603,,,DIANA TRANS,mures,1
1587,suplimentar,DIANA TRUCK & TRAVEL SRL,MURES,Targu Mures,,diana_truck@yahoo.com,,0744325703,0743481250,1795256,,DIANA TRUCK TRAVEL,suplimentar,1
1588,mures,DIEGO MS SRL,MURES,Targu Mures,Takacs Jozsef,diego_salamon@yahoo.com,,,,,,DIEGO MS,mures,1
1589,suplimentar,DLM DIVERS CONCEPT SRL,MURES,Iernut,,,office@dlm.com.ro,,0726030043,4282588,,DLM DIVERS CONCEPT,suplimentar,1
1590,mures,DOCKYARD ISLANDS SRL,MURES,Targu Mures,Fulop Gabor Miklos,webshop@dockyard.ro,,0749267373,0756088322,,,DOCKYARD ISLANDS,mures,1
1591,suplimentar,DODOGLASS PLAST SRL,MURES,Jabenita,,,,0743568515,,3445953,,DODOGLASS PLAST,suplimentar,1
1592,mures,DOMINANT ELECTRIC SRL,MURES,Targu Mures,Vanta Arpad,office@dominantelectric.ro,webshop@dominantelectric.ro,0755088700,0748119338,,,DOMINANT ELECTRIC,mures,1
1593,suplimentar,DONNA DORIANA SRL,MURES,Tarnaveni,,dluca68@yahoo.com,,0741992820,,153983,,DONNA DORIANA,suplimentar,1
1594,suplimentar,DORA LIA UNIVERSAL COM SRL,MURES,Targu Mures,,doralia_srl@yahoo.com,,0730330730,,35754,,DORA LIA UNIVERSAL COM,suplimentar,1
1595,suplimentar,DORA MEDICALS SRL,MURES,Targu Mures,,management@doramedicals.ro,,0733553972,0733553970,53193,,DORA MEDICALS,suplimentar,1
1596,suplimentar,DORA OPTICS SRL,MURES,Targu Mures,,comenzi@doraoptics.ro,,0735830678,0735786853,1611905,,DORA OPTICS,suplimentar,1
1597,suplimentar,DRAGOSILOS TRANS SRL,MURES,Chinari,,,,,0725896679,1992554,,DRAGOSILOS TRANS,suplimentar,1
1598,mures,DRUMSERV SA,MURES,Targu Mures,Spirescu Vladimir,office@drumserv.ro,,,,,,DRUMSERV,mures,1
1599,mures,DRUMURI SI PODURI MURES SRL,MURES,Targu Mures,Muresan Daniel,,,,,,,DRUMURI SI PODURI MURES,mures,1
1600,suplimentar,DSU MURES SRL,MURES,Sangeorgiu De Mures,,dsu.mures@nituri.ro,,0745333418,,1449718,,DSU MURES,suplimentar,1
1601,mures,DUDA TRANS SRL,MURES,Targu Mures,Borz Gheorghe Florin,office@dudatrans.ro,,0757022021,0732445577,,,DUDA TRANS,mures,1
1602,mures,DURKOPP ADLER SRL,MURES,Sangeorgiu De Mures,Feldiorean Dorin Ioan,office@duerkopp-adler.ro,vanzari@duerkopp-adler.ro,0727890900,,,,DURKOPP ADLER,mures,1
1603,mures,E.ON ASIST COMPLET SA,MURES,Targu Mures,Horea Harsan,office@eon-asistcomplet.ro,serviciiclienti@eon-asistcomplet.ro,0748173605,0753093755,,,E ON ASIST COMPLET,mures,1
1604,mures,E.ON ENERGIE ROMANIA SA,MURES,Targu Mures,Paraschiv Dorel Mihai,office.eero@eon-romania.ro,contact.clienti-eon@eon-romania.ro,0748016265,0759032733,,,E ON ENERGIE ROMANIA,mures,1
1605,mures,E.ON ROMANIA SA,MURES,Targu Mures,Kiss Attila,office@eon-romania.ro,protectiadatelor@eon-romania.ro,,,,,E ON ROMANIA,mures,1
1606,suplimentar,EAGLETRONIC SRL,MURES,Targu Mures,,,office@redatronic.ro,,,154316,,EAGLETRONIC,suplimentar,1
1607,mures,EAST AGRO INPUT SRL,MURES,Bogata,Hudrea Andreea Ioana,office@eastagro.ro,,0747179612,0733700703,,,EAST AGRO INPUT,mures,1
1608,suplimentar,EAST EUROPEAN TRADE SRL,MURES,Targu Mures,,service@eet.ro,office@eet.ro,0741196344,0752195819,161134,,EAST EUROPEAN TRADE,suplimentar,1
1609,suplimentar,ECOFRUCT SRL,MURES,Targu Mures,,office@ecofruct.eu,,0744572867,,506988,,ECOFRUCT,suplimentar,1
1610,mures,ECOHELP SRL,MURES,Targu Mures,Husti Calin George,ecohelp2009@yahoo.com,,0733671082,0733671083,,,ECOHELP,mures,1
1611,suplimentar,ECOINSTAL IT CONSULT SRL,MURES,Reghin,,office@tifui.ro,office@pompedecaldura.eu,0757030548,0745542246,478783,,ECOINSTAL IT CONSULT,suplimentar,1
1612,suplimentar,ECOOL LUB TRADING & SERVICE SRL,MURES,Targu Mures,,ecoollub@gmail.com,,0722270015,0722270907,1412420,,ECOOL LUB TRADING SERVICE,suplimentar,1
1613,suplimentar,ECOSERV SIG SRL,MURES,Sighisoara,,contact@ecoservsig.ro,ecoservsig@yahoo.ro,0728831950,0741794932,1818707,,ECOSERV SIG,suplimentar,1
1614,suplimentar,EDIMPEX SRL,MURES,Ganesti,,ofertareedimpex@gmail.com,office@edimpex.ro,0731388883,0724388883,27236,,EDIMPEX,suplimentar,1
1615,mures,EDU SOFT MARKETING SRL,MURES,Targu Mures,Napradean Ciprian Tudor,office@edituraedu.ro,rely@edituraedu.ro,0740095178,0728224611,,,EDU SOFT MARKETING,mures,1
1616,suplimentar,EGAN PROD SRL,MURES,Fantanele,,office@eganprod.ro,egan.prod@gmail.com,0744661147,,90567,,EGAN PROD,suplimentar,1
1617,mures,EIGHTEENGYM SRL,MURES,Targu Mures,Ronea Vlad Mircea,office@18gym.ro,,0774068795,0740667936,,,EIGHTEENGYM,mures,1
1618,suplimentar,ELAN DEPO KER SRL,MURES,Fantanele,,elandepoker@gmail.com,,0762258052,,3732137,,ELAN DEPO KER,suplimentar,1
1619,mures,ELAN FRUIT SRL,MURES,Sangeorgiu De Mures,Pop Levente,,,0740984652,,,,ELAN FRUIT,mures,1
1620,mures,ELDI BRUTARIA SRL,MURES,Agristeu,Kabai Elek,office@eldi.ro,contact@eldi.ro,0744218786,0740309619,,,ELDI BRUTARIA,mures,1
1621,suplimentar,ELDI SMART DISTRIBUTION SRL,MURES,Targu Mures,,,,,,3972846,,ELDI SMART DISTRIBUTION,suplimentar,1
1622,mures,ELECTRIC LIGHT EXPERT SRL,MURES,Sancraiu De Mures,Sandu Radu Alexandru,office@electricemures.ro,electric.light.expert@gmail.com,0723861970,,,,ELECTRIC LIGHT EXPERT,mures,1
1623,mures,ELECTRO ORIZONT SRL,MURES,Targu Mures,Coman Ioan,office@eo.ro,,,,,,ELECTRO ORIZONT,mures,1
1624,suplimentar,ELECTROTERM SRL,MURES,Sangeorgiu De Mures,,office@electroterm.ro,office@aages.ro,0754369999,,68484,,ELECTROTERM,suplimentar,1
1625,mures,ELEKTROMODUL ROMANIA SRL,MURES,Cristesti,Branc Ioan Florin,,,,,,,ELEKTROMODUL ROMANIA,mures,1
1626,suplimentar,ELEN WU SRL,MURES,Targu Mures,,ifncontabilitate@gmail.com,,0744240740,,1894917,,ELEN WU,suplimentar,1
1627,mures,ELIXON IMPEX SRL,MURES,Sovata,Balazs Adel,elixonimpex@yahoo.com,mklaunoemi@yahoo.com,0752052043,,,,ELIXON IMPEX,mures,1
1628,mures,ELMED MEDICAL SRL,MURES,Targu Mures,Rus Alexandru,service@elmed.ro,office@elmed.ro,0756018414,0752240523,,,ELMED MEDICAL,mures,1
1629,suplimentar,ELOR ROM SRL,MURES,Sovata,,info@ciupercamica.ro,,,,1207311,,ELOR ROM,suplimentar,1
1630,suplimentar,ELSZ COM SRL,MURES,Sangeorgiu De Mures,,,,0721243418,,981949,,ELSZ COM,suplimentar,1
1631,mures,EMY SPECIAL TRANSPORTS SRL,MURES,Targu Mures,Costinas Emil,,,,,,,EMY SPECIAL TRANSPORTS,mures,1
1632,suplimentar,EN RG ETIC SRL,MURES,Targu Mures,,office@rge.ro,,0744583375,,1699556,,EN RG ETIC,suplimentar,1
1633,mures,ENERGENTA POLYMERS SRL,MURES,Targu Mures,Schulte Bucker Gisbert,ovidiu.grozescu@energenta.ro,office@energenta.ro,0745698212,,,,ENERGENTA POLYMERS,mures,1
1634,suplimentar,ENERGO ELECTRIC SRL,MURES,Nazna,,office@energo-electric.ro,energoelectric@yahoo.com,0740455202,,1683709,,ENERGO ELECTRIC,suplimentar,1
1635,suplimentar,ENERGO TERM INVEST SRL,MURES,Targu Mures,,office@energoterminvest.ro,office@comterminvest.ro,,0722622487,266691,,ENERGO TERM INVEST,suplimentar,1
1636,suplimentar,ENERGY STAR SRL,MURES,Targu Mures,,office@energystar.ro,,0762298964,,1683738,,ENERGY STAR,suplimentar,1
1637,mures,ENERGY TECH ENTERA SRL,MURES,Targu Mures,Morariu Emil,acasa@entera.ro,roxana.marton@repom.ro,0759990309,,,,ENERGY TECH ENTERA,mures,1
1638,suplimentar,ENERGY TUBE SRL,MURES,Reghin,,,,,0729580789,4066005,,ENERGY TUBE,suplimentar,1
1639,mures,ENERTRI SRL,MURES,Vargata,Palffy Csaba,office@deliz.ro,,0740021156,,,,ENERTRI,mures,1
1640,mures,ENESA SOLAR TEHNOLOGY SRL,MURES,Bardesti,Fagaras Marius Razvan,contact@enesa.ro,,0741726295,0741203412,,,ENESA SOLAR TEHNOLOGY,mures,1
1641,suplimentar,EPS THERMOPOR SRL,MURES,Sancraiu De Mures,,office@thermopor.ro,,0724594475,,569334,,EPS THERMOPOR,suplimentar,1
1642,suplimentar,ERIVAN IMPEX SRL,MURES,Nades,,erivan_ro@hotmail.com,erivanimpex93@gmail.com,0760257349,0745831042,27213,,ERIVAN IMPEX,suplimentar,1
1643,suplimentar,ERMA PROD COM SRL,MURES,Miercurea Nirajului,,office@erma.ro,ermaprod@gmail.com,0740094070,0746213730,27132,,ERMA PROD COM,suplimentar,1
1644,mures,ERP TARGU MURES SRL,MURES,Targu Mures,Stamate Mariana,info@plazam.ro,,,,,,ERP TARGU MURES,mures,1
1645,suplimentar,EU SELECT CARS SRL,MURES,Corunca,,,,,,3248547,,EU SELECT CARS,suplimentar,1
1646,mures,EURO GAS SYSTEMS SRL,MURES,Chirileu,Wachter Lala,office@eurogassystems.com,roger.wachter@eurogassystems.com,0739679010,0725224138,,,EURO GAS SYSTEMS,mures,1
1647,mures,EURO GROUP SCHASSBURG SRL,MURES,Albesti,Szappanyos Petru,,office@agroman.ro,0749924383,,,,EURO GROUP SCHASSBURG,mures,1
1648,mures,EURO NARCIS SRL,MURES,Nazna,Pop Narcis Emanuel,office@euronarcis.ro,contact@euronarcis.ro,0745665993,0742662415,,,EURO NARCIS,mures,1
1649,suplimentar,EURO PATI SRL,MURES,Targu Mures,,euro.pati@yahoo.com,,0745891451,,1490203,,EURO PATI,suplimentar,1
1650,mures,EUROMINERVA SRL,MURES,Targu Mures,Balazs Csaba Istvan,eurominerva@gmail.com,,0755739748,0751694380,,,EUROMINERVA,mures,1
1651,mures,EUROPIGLETS BAND SRL,MURES,Band,Szabo Ioan,pig.band@yahoo.com,,,,,,EUROPIGLETS BAND,mures,1
1652,suplimentar,EUROPLAST BLOW INJECTION SRL,MURES,Grebenisu De Campie,,,,,,2057225,,EUROPLAST BLOW INJECTION,suplimentar,1
1653,suplimentar,EUROPTICA SRL,MURES,Targu Mures,,,,,,1572813,,EUROPTICA,suplimentar,1
1654,suplimentar,EUROSAFETY DISTRIBUTION SRL,MURES,Ludus,,contact@maxxsafe.ro,eurosafety@yahoo.com,0765901639,,1872492,,EUROSAFETY DISTRIBUTION,suplimentar,1
1655,suplimentar,EUROSYSTEM SRL,MURES,Ludus,,,eurosystem@eurosystem.ro,,0726739516,154055,,EUROSYSTEM,suplimentar,1
1656,mures,EVENTUS COM CONSTRUCT SRL,MURES,Targu Mures,Friciu Alexandru Florin,,,0729580789,0730580789,,,EVENTUS COM CONSTRUCT,mures,1
1657,mures,EVER GREEN CONSTRUCTII SRL,MURES,Targu Mures,Rigmanyi Jozsef,,office@ever-green.ro,0729617032,0720071024,,,EVER GREEN CONSTRUCTII,mures,1
1658,mures,EVORA CENTER SRL,MURES,Reghin,Casvean Claudiu Marius Grigore,office@evoracenter.ro,office@evorashop.ro,0747134983,0748305071,,,EVORA CENTER,mures,1
1659,suplimentar,EXCALIBUR SRL,MURES,Ernei,,restaurantexcalibur@gmail.com,,0769190068,0730190364,1571116,,EXCALIBUR,suplimentar,1
1660,mures,EXCELO MILK SRL,MURES,Reghin,Sasebes Claudiu Stelian,,,0740068387,,,,EXCELO MILK,mures,1
1661,suplimentar,EXCONAL SRL,MURES,Delenii,,mihutfranciska@yahoo.com,,0740066693,0744477205,1357062,,EXCONAL,suplimentar,1
1662,mures,EXPERT COMPANY GROUP SRL,MURES,Ungheni,Domocos Stefan Mircea,vanzari@expertcompany.ro,service@expertcompany.ro,0768184194,0746115991,,,EXPERT COMPANY GROUP,mures,1
1663,mures,EXPERT CONTRACTING SRL,MURES,Targu Mures,Popa Razvan Corneliu,office@urbanintelligence.ro,contact@urbanintelligence.ro,0747931831,,,,EXPERT CONTRACTING,mures,1
1664,mures,EXPERT IT SRL,MURES,Reghin,Farcas Mihai Dan,service@expertit.ro,contact@expertit.ro,0751397378,0725397378,,,EXPERT IT,mures,1
1665,suplimentar,F & G ECO SRL,MURES,Targu Mures,,fgeco2008@gmail.com,fgeco2008@yahoo.com,0744953567,0745533133,1646960,,F G ECO,suplimentar,1
1666,mures,FABRICA DE ZAHAR PREMIUM LUDUS SA,MURES,Ludus,Neagu Mihaela Elena,office@fzl.ro,,,,,,FABRICA DE ZAHAR PREMIUM LUDUS,mures,1
1667,suplimentar,FAN DISTRIBUTION SRL,MURES,Targu Mures,,daniel.tocitu@fancourier.ro,,0752223003,0728889010,3196166,,FAN DISTRIBUTION,suplimentar,1
1668,suplimentar,FANDEMO SRL,MURES,Sanpaul,,comenzi@fandemo.ro,nova-top@fandemo.ro,0737501835,,1772291,,FANDEMO,suplimentar,1
1669,mures,FAREL DSL SRL,MURES,Targu Mures,Popa Vasile Daniel,,,,0744389507,,,FAREL DSL,mures,1
1670,mures,FAREL IMPEX SRL,MURES,Roteni,Farkas Elek,office@farel.ro,,0745437234,0744955724,,,FAREL IMPEX,mures,1
1671,suplimentar,FARIBO PRODCOM SRL,MURES,Trei Sate,,office.faribo@yahoo.com,,0744982846,0756088239,35832,,FARIBO PRODCOM,suplimentar,1
1672,suplimentar,FARMA DAN PRES SRL,MURES,Targu Mures,,dan_daneasa@yahoo.com,,,0747421301,35872,,FARMA DAN PRES,suplimentar,1
1673,mures,FARMACEUTICA B & B SRL,MURES,Targu Mures,Benedek Terezia,farmaceuticabb@yahoo.com,,,,,,FARMACEUTICA B B,mures,1
1674,suplimentar,FARMACIA HORVATH SRL,MURES,Reghin,,farmacia.horvath@gmail.com,,,,68400,,FARMACIA HORVATH,suplimentar,1
1675,mures,FARMACIA OMNIA SRL,MURES,Sarmasu,Feier Florin Ciprian,omniams@yahoo.com,omniafarmacia@gmail.com,0741378594,0740148602,,,FARMACIA OMNIA,mures,1
1676,mures,FARMACIA PRIMULA SRL,MURES,Targu Mures,Raduly Iosif,farmaciaprimulams@yahoo.com,,0744365228,,,,FARMACIA PRIMULA,mures,1
1677,mures,FARMATOP SRL,MURES,Targu Mures,Gomotirceanu Dorin,farmatop@farmatop.net,,0770996460,,,,FARMATOP,mures,1
1678,suplimentar,FARO METAL SRL,MURES,Ghindari,,,,0749251576,,3562361,,FARO METAL,suplimentar,1
1679,suplimentar,FAST WAY AUTO SRL,MURES,Targu Mures,,,,0743281515,0752873941,2007287,,FAST WAY AUTO,suplimentar,1
1680,suplimentar,FASTENER LIMITED SRL,MURES,Sancraiu De Mures,,,,0744873837,0728873873,591605,,FASTENER LIMITED,suplimentar,1
1681,suplimentar,FENYES SRL,MURES,Eremitu,,fenyesmarket@gmail.com,szabolcstoth5@gmail.com,0744127031,0746472876,1310863,,FENYES,suplimentar,1
1682,suplimentar,FERMIERUL MURESEAN COOPERATIVA AGRICOLA,MURES,Bogata,,,,0755584680,,4060950,,FERMIERUL MURESEAN COOPERATIVA AGRICOLA,suplimentar,1
1683,mures,FERMIS SRL,MURES,Sighisoara,Ferezan Ioan Mircea,secretariat@fermis.ro,office@fermis.ro,0742028777,0744505747,,,FERMIS,mures,1
1684,mures,FFP 2010 SRL,MURES,Targu Mures,Pogacean Florin Flavius,hotel@fabesca.ro,scffp2010srl@gmail.com,0731027639,0727888828,,,FFP 2010,mures,1
1685,suplimentar,FILUX SRL,MURES,Reghin,,polipaul99@yahoo.com,,,,1377107,,FILUX,suplimentar,1
1686,suplimentar,FINTINA MARCULUI SRL,MURES,Danes,,info@dracul.ro,rezervari@dracul.ro,0744707799,0774695257,293603,,FINTINA MARCULUI,suplimentar,1
1687,suplimentar,FIORD SRL,MURES,Targu Mures,,office@fiord.ro,emil.boer@fiord.ro,0788303400,0788391442,8068,,FIORD,suplimentar,1
1688,mures,FITOPREST SRL,MURES,Reghin,Moldovan Ioan Dragos,contact@efitofarmacie.ro,fitoprest.ms@gmail.com,0786348326,0736102556,,,FITOPREST,mures,1
1689,mures,FLEXI PRO SRL,MURES,Sangeorgiu De Mures,Coroi Paul Romeo,scflexipro@gmail.com,,0754788375,0751655634,,,FLEXI PRO,mures,1
1690,mures,FLM CONSTRUCT MURES SRL,MURES,Targu Mures,Moldovan Mihail Flavius,,,0723331366,,,,FLM CONSTRUCT MURES,mures,1
1691,mures,FLORADIS COMPANY SRL,MURES,Targu Mures,Gruianu Luminita Elena,contact@floradismetal.ro,floradiscompany@yahoo.com,0788377987,0744107717,,,FLORADIS COMPANY,mures,1
1692,suplimentar,FLOWER SHOP SOLUTIONS SRL,MURES,Targu Mures,,office@flowersolutions.ro,,0728242614,,3106591,,FLOWER SHOP SOLUTIONS,suplimentar,1
1693,mures,FM ALLBRIGHT SRL,MURES,Ungheni,Szasz Ilona,e.suciu@effeemme.it,,,,,,FM ALLBRIGHT,mures,1
1694,suplimentar,FOMCO BUSINESS MANAGEMENT SRL,MURES,Cristesti,,marketing@fomcogroup.ro,,0752819403,,3399702,,FOMCO BUSINESS MANAGEMENT,suplimentar,1
1695,mures,FOMCO GPS SRL,MURES,Cristesti,,montaje.gps@fomco.ro,monex@fomcogps.ro,0774618106,0735526088,,,FOMCO GPS,mures,1
1696,mures,FOMCO IMOBILIARE SRL,MURES,Cristesti,Nyulas Bernat Laszlo,info@apartamentemures.ro,,0726136653,,,,FOMCO IMOBILIARE,mures,1
1697,mures,FOMCO SOLAR SOLUTIONS SRL,MURES,Cristesti,Nyulas Csaba,,,,,,,FOMCO SOLAR SOLUTIONS,mures,1
1698,mures,FOMCO SOLAR SYSTEMS SRL,MURES,Cristesti,Nyulas Csaba,marketing@fomcosolar.ro,info@fomcosolar.ro,0756168881,0724364432,,,FOMCO SOLAR SYSTEMS,mures,1
1699,mures,FOMCO TRADE SRL,MURES,Cristesti,,info@fomcoshop.ro,,0799499744,,,,FOMCO TRADE,mures,1
1700,mures,FOMCO TRUCK SERVICE SRL,MURES,Cristesti,Csizmadia Istvan Robert,marketing@fomcotruckservice.ro,,0756144203,,,,FOMCO TRUCK SERVICE,mures,1
1701,suplimentar,FOMCO WOOD SRL,MURES,Cristesti,,,,0722620143,,25885,,FOMCO WOOD,suplimentar,1
1702,suplimentar,FOOD EX IM GLOBAL SRL,MURES,Targu Mures,,contact@foodexim.ro,,0741234800,0735206266,3131680,,FOOD EX IM GLOBAL,suplimentar,1
1703,mures,FOR PHARMA SRL,MURES,Targu Mures,Sirbu Dan,office@forpharma.ro,,0725521369,0744306777,,,FOR PHARMA,mures,1
1704,suplimentar,FORCE SERV SRL,MURES,Sangeorgiu De Mures,,,,,,4224508,,FORCE SERV,suplimentar,1
1705,suplimentar,FORIS COMPANY IMPEX SRL,MURES,Targu Mures,,foris@foriscompany.ro,,0747049824,0722219024,27056,,FORIS COMPANY IMPEX,suplimentar,1
1706,mures,FORUM INDUSTRY SRL,MURES,Reghin,Burian Paul Nicolae,office@prolift.ro,paul@prolift.ro,0754216450,0748229613,,,FORUM INDUSTRY,mures,1
1707,mures,FRAMO ROMANIA SRL,MURES,Gurghiu,Morini Manuele,framoromania@gmail.com,,0728946551,,,,FRAMO ROMANIA,mures,1
1708,suplimentar,FTS MEUBLE SRL,MURES,Reghin,,,,,0747286170,1719466,,FTS MEUBLE,suplimentar,1
1709,mures,GAL OCTA INVEST SRL,MURES,Sighisoara,Gall Adrian Romulus Stefan,galocta@yahoo.com,,0722251283,0721912315,,,GAL OCTA INVEST,mures,1
1710,suplimentar,GALEX GENCOM SRL,MURES,Livezeni,,,,0744707936,,484790,,GALEX GENCOM,suplimentar,1
1711,mures,GANADOS SALAGEAN SRL,MURES,Sancraiu De Mures,Salagean Cristian Liviu,,,,,,,GANADOS SALAGEAN,mures,1
1712,suplimentar,GARDEN SERVICE ANTICOMESTIERE SRL,MURES,Sighisoara,,office@anticomestiere.ro,officeromania@anticomestiere.com,,,90521,,GARDEN SERVICE ANTICOMESTIERE,suplimentar,1
1713,suplimentar,GASTROMETAL SRL,MURES,Sangeorgiu De Mures,,sales@gastrometal.ro,office@gastrometal.ro,0728328884,0728328885,1855074,,GASTROMETAL,suplimentar,1
1714,suplimentar,GDIM RAPID SRL,MURES,Livezeni,,,,0745577257,,3260718,,GDIM RAPID,suplimentar,1
1715,suplimentar,GECODENT SRL,MURES,Reghin,,,,0743831891,0759092928,1261118,,GECODENT,suplimentar,1
1716,mures,GEDEON RICHTER ROMANIA SA,MURES,Targu Mures,Szenasi Attila,office@gedeon-richter.ro,marketing@gedeon-richter.ro,,,,,GEDEON RICHTER ROMANIA,mures,1
1717,mures,GEIGER TRANSILVANIA SRL,MURES,Cristesti,Csongvay Attila,office@geiger.ro,,0749156519,,,,GEIGER TRANSILVANIA,mures,1
1718,suplimentar,GENESIS SRL,MURES,Miercurea Nirajului,,genesismn1998@yahoo.com,,0730001560,0730001561,425919,,GENESIS,suplimentar,1
1719,suplimentar,GENIDAV MOB SRL,MURES,Reghin,,office@genidavmob.ro,,0748055903,,3130697,,GENIDAV MOB,suplimentar,1
1720,suplimentar,GEOLUC CONSTRUCT SRL,MURES,Zau De Campie,,geoluc.construct@yahoo.com,,0786452493,,2074899,,GEOLUC CONSTRUCT,suplimentar,1
1721,mures,GEPO GAS SRL,MURES,Targu Mures,Herepean Cornelia Tamara,gepogas@gmail.com,,0722204019,0728444445,,,GEPO GAS,mures,1
1722,suplimentar,GIGANTI OIL SRL,MURES,Sighisoara,,giganti.oil@yahoo.com,giganti.oil@gmail.com,0722518963,0722560351,1868857,,GIGANTI OIL,suplimentar,1
1723,suplimentar,GLIGA COMPANIES SA,MURES,Reghin,,office@gliga.ro,music@gliga.ro,0745106888,0745107785,1339,,GLIGA COMPANIES,suplimentar,1
1724,suplimentar,GLIGA INSTRUMENTE MUZICALE SA,MURES,Reghin,,,office@gliga.ro,0740106241,0745106895,35857,,GLIGA INSTRUMENTE MUZICALE,suplimentar,1
1725,mures,GLOBAL ART PRODUCTION SRL,MURES,Targu Mures,Serban Victor Petru,tehnic@artposters.ro,info@mindtheg.com,0751226225,0730124082,,,GLOBAL ART PRODUCTION,mures,1
1726,suplimentar,GLOBAL LICENCE SRL,MURES,Valenii De Mures,,,,,,1935715,,GLOBAL LICENCE,suplimentar,1
1727,mures,GLODENI ENERGY SRL,MURES,Glodeni,Lazar Laura Elena,glodenienergy@yahoo.ro,,,,,,GLODENI ENERGY,mures,1
1728,suplimentar,GRALEMN JUNIOR SRL,MURES,Reghin,,office@gralemn.ro,info@gralemn.ro,0757051681,0744592296,59600,,GRALEMN JUNIOR,suplimentar,1
1729,suplimentar,GRAND SA,MURES,Targu Mures,,rezervari@hotelgrand.ro,,0770696197,0740791930,59760,,GRAND,suplimentar,1
1730,suplimentar,GREBTRANS SRL,MURES,Sangeorgiu De Mures,,dispo@grebtrans.de,,0749154872,,120046,,GREBTRANS,suplimentar,1
1731,suplimentar,GREEN FLOW INSTAL SRL,MURES,Sanisor,,office@gfgroup.ro,,0740200659,,3399405,,GREEN FLOW INSTAL,suplimentar,1
1732,suplimentar,GREEN TRUFFLES SRL,MURES,Vanatori,,trufeas@gmail.com,,0743898640,,4221012,,GREEN TRUFFLES,suplimentar,1
1733,suplimentar,GREEN XPC SRL,MURES,Reghin,,salut@casavie.ro,,0744757874,,3303429,,GREEN XPC,suplimentar,1
1734,suplimentar,GRIMAVAS IMPEX SRL,MURES,Mestera,,grimavas_impex@yahoo.com,,0728324183,0728324181,479470,,GRIMAVAS IMPEX,suplimentar,1
1735,mures,GRUP SIMEX SRL,MURES,Nazna,Pop Narcis Emanuel,office@grupsimex.ro,euronarcis@euronarcis.ro,0745665994,,,,GRUP SIMEX,mures,1
1736,mures,GSD MOTION SRL,MURES,Gaiesti,Gherman Stelian Ioan,,,,,,,GSD MOTION,mures,1
1737,mures,GST SAFETY TEXTILES RO SRL,MURES,Albesti,Alexandru Oprescu,officero@gst-global.com,aeo@gst-global.com,0746198612,0746198609,,,GST SAFETY TEXTILES RO,mures,1
1738,suplimentar,H METAL SRL,MURES,Targu Mures,,,,0745328130,0749249007,479337,,H METAL,suplimentar,1
1739,suplimentar,HAPPY FAMILY LIFE SRL,MURES,Petelea,,,,,,3023193,,HAPPY FAMILY LIFE,suplimentar,1
1740,suplimentar,HAPPY SERV SRL,MURES,Ludus,,ovy_happyserv@yahoo.com,,0720529890,0744775662,196380,,HAPPY SERV,suplimentar,1
1741,mures,HARMON LABOUR SRL,MURES,Targu Mures,Bidian Adina Marcela,,,,,,,HARMON LABOUR,mures,1
1742,suplimentar,HARTMANN PRODCOM SRL,MURES,Targu Mures,,hartmanprodcom@yahoo.com,office@hartmann-group.ro,0742304868,0742868600,35739,,HARTMANN PRODCOM,suplimentar,1
1743,suplimentar,HASEL INVENT SRL,MURES,Targu Mures,,,office@hasel.ro,,0744503792,1312581,,HASEL INVENT,suplimentar,1
1744,suplimentar,HEBA VIA CONS SRL,MURES,Sovata,,,,0744520054,0744644005,818475,,HEBA VIA CONS,suplimentar,1
1745,mures,HELL ENERGY SRL,MURES,Ungheni,Barabas Erno,financiar@hellenergy.ro,office@hellenergy.ro,0725116251,0732530652,,,HELL ENERGY,mures,1
1746,mures,HELLIOS COM SRL,MURES,Livezeni,Price Teofil,hellioscom@yahoo.com,,0744556440,,,,HELLIOS COM,mures,1
1747,suplimentar,HERBARUM VERONICAE SRL,MURES,Sovata,,office@larix.ro,larixtea@gmail.com,0744615420,,3881,,HERBARUM VERONICAE,suplimentar,1
1748,mures,HERLITZ ROMANIA SRL,MURES,Targu Mures,Nicolau Horatiu George,shop@herlitzromania.ro,office@herlitzromania.ro,0723527109,0723527108,,,HERLITZ ROMANIA,mures,1
1749,suplimentar,HERMANNS COMPANY PRODIMPEX SRL,MURES,Tarnaveni,,hermanns_company@yahoo.com,,0745505909,0744773778,90609,,HERMANNS COMPANY PRODIMPEX,suplimentar,1
1750,suplimentar,HIDROSALT CONSULTING LTD SRL,MURES,Reghin,,,,,,3306783,,HIDROSALT CONSULTING LTD,suplimentar,1
1751,suplimentar,HIDROSALT HOLDING SRL,MURES,Reghin,,contact@hidrosalt.ro,hhidrosalt@yahoo.com,0740026391,0744580932,267027,,HIDROSALT HOLDING,suplimentar,1
1752,mures,HIRSCHMANN AUTOMOTIVE TM SRL,MURES,Chirileu,Cotora Simion Vasile Alin,ilea.paul@hirschmann-automotive.com,,,,,,HIRSCHMANN AUTOMOTIVE TM,mures,1
1753,mures,HM PRODUCT SRL,MURES,Targu Mures,Simonfi Laszlo,hmc@hmconstruct.ro,simonfi.laszlo@hmconstruct.ro,0740522444,0745823347,,,HM PRODUCT,mures,1
1754,mures,HOCHLAND ROMANIA SRL,MURES,Sighisoara,Hageleit Erik,office.ro@hochland.com,office@thepractice.ro,,,,,HOCHLAND ROMANIA,mures,1
1755,suplimentar,HOLLER PRESTCOM SRL,MURES,Ludus,,hollerikovacs@yahoo.com,,0744504697,,27351,,HOLLER PRESTCOM,suplimentar,1
1756,suplimentar,HOLZ CENTER SRL,MURES,Peris,,office@markholz.ro,sales@markholz.ro,0736999099,0736999103,1915931,,HOLZ CENTER,suplimentar,1
1757,mures,HORA SA,MURES,Reghin,Cengher Adriana Elena,secretariat@hora.ro,vanzari@hora.ro,0744791605,0744592335,,,HORA,mures,1
1758,suplimentar,HORADE DIESEL SRL,MURES,Targu Mures,,,horea.fechete@yahoo.com,,0745106825,3119502,,HORADE DIESEL,suplimentar,1
1759,suplimentar,HORN FOREST SRL,MURES,Bradetelu,,hornforest@yahoo.com,,0741057253,,154418,,HORN FOREST,suplimentar,1
1760,mures,HUNI & SZIDI SRL,MURES,Eremitu,Moga Hunor,huniszidisrl@yahoo.com,,0756437103,,,,HUNI SZIDI,mures,1
1761,suplimentar,IANA PROD SRL,MURES,Iernut,,ianaprodiernut@gmail.com,,0747115029,,1577163,,IANA PROD,suplimentar,1
1762,suplimentar,IBANESTI PADURE PROD SRL,MURES,Ibanesti Padure,,ibanesti.padure@yahoo.com,,0745189525,0744538119,195896,,IBANESTI PADURE PROD,suplimentar,1
1763,mures,IDEAL FOODPACK SRL,MURES,Reghin,Baruch Laszlo Aron,,,0730030081,0722286270,,,IDEAL FOODPACK,mures,1
1764,suplimentar,IDEVICE STORE & SERVICE SRL,MURES,Targu Mures,,idevice.store.service@gmail.com,,0771492825,0724651913,3673358,,IDEVICE STORE SERVICE,suplimentar,1
1765,suplimentar,IFN SABION SRL,MURES,Targu Mures,,administrativ@sabion.ro,ifncontabilitate@gmail.com,,,479278,,IFN SABION,suplimentar,1
1766,suplimentar,IMA CONCEPT SRL,MURES,Targu Mures,,customer@imaconcept.ro,alex.manea@imaconcept.ro,0733973397,0730608545,1650886,,IMA CONCEPT,suplimentar,1
1767,mures,IMGP STAHLBAU SRL,MURES,Santana De Mures,Sideras Gheorghe Ciprian,,,0741357080,,,,IMGP STAHLBAU,mures,1
1768,suplimentar,IMPREXIS BUILDING SRL,MURES,Targu Mures,,,,,,3462978,,IMPREXIS BUILDING,suplimentar,1
1769,suplimentar,INDFLOOR MURES SRL,MURES,Miercurea Nirajului,,office@indfloor.ro,stefan.magyari@indfloor.ro,0732336098,0730336094,1688603,,INDFLOOR MURES,suplimentar,1
1770,mures,INDLACTO MURES SRL,MURES,Targu Mures,Zanotti Alceo,office@indlacto.ro,comercial@indlacto.ro,0745119900,,,,INDLACTO MURES,mures,1
1771,suplimentar,INDOOR CONSTRUCT TRANSILVANIA SRL,MURES,Targu Mures,,contact@ladiavolorestaurants.ro,,0727758062,0727758063,2053756,,INDOOR CONSTRUCT TRANSILVANIA,suplimentar,1
1772,mures,INDRA IMPORT EXPORT SRL,MURES,Targu Mures,Corfar Stefan,office@indra.com.ro,comenzi@indra.com.ro,0752244602,0747904390,,,INDRA IMPORT EXPORT,mures,1
1773,suplimentar,INDUTEX ROMANIA SRL,MURES,Targu Mures,,info@indutexromania.com,,0741507010,,1381730,,INDUTEX ROMANIA,suplimentar,1
1774,mures,INFMED SRL,MURES,Targu Mures,Marian Dragos Ioan,farmaciapolifarma1@gmail.com,,0751184918,0740155653,,,INFMED,mures,1
1775,mures,INGRICOP SRL,MURES,Targu Mures,Baciu Rodica,sergiu.velcherean@materom.ro,dorka.kasler@materom.ro,0799763426,0742186466,,,INGRICOP,mures,1
1776,mures,INRECO REMIX SRL,MURES,Targu Mures,Fulop Balazs Csaba,inreco@inreco.ro,,0753025388,,,,INRECO REMIX,mures,1
1777,mures,INSTA GRUP SA,MURES,Targu Mures,Rad Ioan Marinel,office@insta-grup.ro,contabilitate@insta-grup.ro,0747133986,,,,INSTA GRUP,mures,1
1778,suplimentar,INSTAL EXPERT SRL,MURES,Targu Mures,,achizitii@inoxpress.ro,office@inoxpress.ro,0752170806,0744556344,478924,,INSTAL EXPERT,suplimentar,1
1779,mures,INSTALDI SRL,MURES,Targu Mures,Avram Sorin,contact@instaldi.ro,comercial@instaldi.ro,0744394461,,,,INSTALDI,mures,1
1780,suplimentar,INSTEL SRL,MURES,Ernei,,office@instel-group.ro,gego.instel@gmail.com,0744494010,0741655276,1207376,,INSTEL,suplimentar,1
1781,mures,INSTGAZ SRL,MURES,Bardesti,Simon Gheorghe Catalin,office@instgaz.ro,instgazcatalin@yahoo.ro,0743682548,0745993353,,,INSTGAZ,mures,1
1782,mures,INTARO INSURANCE SERVICES SA,MURES,Targu Mures,Stavrositu George Filip,office@intaro.ro,customer.care@intaro.ro,0743299995,0743338133,,,INTARO INSURANCE SERVICES,mures,1
1783,suplimentar,INTERCARN DISTRIBUTION SRL,MURES,Tarnaveni,,office@interdis.ro,ildiko@interdis.ro,,0745308165,1719047,,INTERCARN DISTRIBUTION,suplimentar,1
1784,suplimentar,INTERCERAM SRL,MURES,Sighisoara,,contact@interceram.ro,zalan.ambrus@interceram.ro,0755130230,0754027499,1619281,,INTERCERAM,suplimentar,1
1785,mures,INTERCOOP SRL,MURES,Ernei,Szabo Andrea Gabriela,office@intercoop.ro,,0728027138,0728027142,,,INTERCOOP,mures,1
1786,mures,INTERNATIONAL TRANSPORT AUTO SA,MURES,Targu Mures,Rusu Grigore,itamures@yahoo.com,,0744500971,0744500972,,,INTERNATIONAL TRANSPORT AUTO,mures,1
1787,suplimentar,INTERTRANS DAN SRL,MURES,Reghin,,intertrans_dan@yahoo.com,,0748195743,,53235,,INTERTRANS DAN,suplimentar,1
1788,mures,INTRA SERV SRL,MURES,Targu Mures,Bocicor Leontin Vasile,tehnic@intraserv.ro,office@intraserv.ro,0756164829,0756164822,,,INTRA SERV,mures,1
1789,suplimentar,INVEST ALEX SRL,MURES,Ludus,,,,0745134227,,154436,,INVEST ALEX,suplimentar,1
1790,mures,IONE & CRIS SRL,MURES,Reghin,Feier Zaharie Cristian,sc_ione_cris_srl@yahoo.com,,0743150271,,,,IONE CRIS,mures,1
1791,mures,IRUM SA,MURES,Reghin,Baciulescu Ioan,office@irum.ro,economic@irum.ro,0745174821,0744539041,,,IRUM,mures,1
1792,mures,ISTRATE SERVPROD SRL,MURES,Saulia,Istrate Dorel,istrate.agricultura@gmail.com,istrate.transport@gmail.com,0728058466,0799772412,,,ISTRATE SERVPROD,mures,1
1793,suplimentar,ISTY & LEVY SRL,MURES,Band,,istylevy@yahoo.ro,,0799933151,0756203084,1618159,,ISTY LEVY,suplimentar,1
1794,suplimentar,IVM IANAREX SRL,MURES,Batos,,sen.silviu@yahoo.com,,0741230345,,1955683,,IVM IANAREX,suplimentar,1
1795,suplimentar,IZOPROD M.S. SRL,MURES,Targu Mures,,izoprodms@gmail.com,izoprod_ms@yahoo.com,0742158383,,59626,,IZOPROD M S,suplimentar,1
1796,mures,JABS GLODENI SRL,MURES,Glodeni,Christensen Bo Overgaard,office@swanwindows.com,,0752316233,,,,JABS GLODENI,mures,1
1797,suplimentar,JOEM PAN SRL,MURES,Corunca,,contact@joempan.ro,office.joempan@gmail.com,0742253675,,3338915,,JOEM PAN,suplimentar,1
1798,mures,JUSTICE SECURITY SERVICES SRL,MURES,Targu Mures,Degerat Manuela,office@jsssecurity.ro,office.justisec@yahoo.com,0732000001,0722344060,,,JUSTICE SECURITY SERVICES,mures,1
1799,suplimentar,KACSO TRANS SRL,MURES,Cristesti,,,,0740052034,,1264504,,KACSO TRANS,suplimentar,1
1800,suplimentar,KAMI ROOF CONSTRUCT SRL,MURES,Tarnaveni,,contact@kamiroof.ro,,0733141012,0720040404,294011,,KAMI ROOF CONSTRUCT,suplimentar,1
1801,suplimentar,KAPUSI IMPEX SRL,MURES,Peris,,kapusiimpex@yahoo.com,,0744529861,,27238,,KAPUSI IMPEX,suplimentar,1
1802,mures,KASTAMONU ROMANIA SA,MURES,Reghin,Talha Aydin,info@kastamonu.ro,vanzari@kastamonu.ro,,,,,KASTAMONU ROMANIA,mures,1
1803,suplimentar,KATAN CONSULTING SRL,MURES,Targu Mures,,office@katan.ro,katanconsulting@yahoo.com,0733984623,,1498013,,KATAN CONSULTING,suplimentar,1
1804,suplimentar,KATIBI SYSTEM SRL,MURES,Sancraiu De Mures,,,,,0769006383,1343769,,KATIBI SYSTEM,suplimentar,1
1805,suplimentar,KEN DRY FOOD TRADING SRL,MURES,Targu Mures,,kendryfood@yahoo.ro,,,,2106639,,KEN DRY FOOD TRADING,suplimentar,1
1806,mures,KERN LIEBERS CARPATIA SCS,MURES,Sancraiu De Mures,Szekely Peter,,info@kern-liebers.com,0748227777,,,,KERN LIEBERS CARPATIA,mures,1
1807,mures,KERSIA ROMANIA SRL,MURES,Sighisoara,Le Clerc Tanguy Serge,cosmin.sandru@kersia-group.com,,0799726896,,,,KERSIA ROMANIA,mures,1
1808,suplimentar,KIAGOLD SRL,MURES,Targu Mures,,comenzi@kiagold.ro,kiagold.ro@gmail.com,0730073204,0730073201,53049,,KIAGOLD,suplimentar,1
1809,mures,KIM INDUSTRIES CONSULTING SRL,MURES,Livezeni,Cucuet Razvan Catalin,,,,,,,KIM INDUSTRIES CONSULTING,mures,1
1810,suplimentar,KING COMPRES SRL,MURES,Peris,,office@kingcompres.ro,,0744244744,,331455,,KING COMPRES,suplimentar,1
1811,suplimentar,KIS & FRIENDS TRANS SRL,MURES,Bozeni,,office@kisandfriends.ro,kisandfriends@gmail.com,0741223378,,2092392,,KIS FRIENDS TRANS,suplimentar,1
1812,suplimentar,KISSUNICUM PRODUCTIE SRL,MURES,Corunca,,,office@kissunicum.ro,,0771539175,3705256,,KISSUNICUM PRODUCTIE,suplimentar,1
1813,mures,KODAGRO SRL,MURES,Seuca,Marginean Valentin,office@kodagro.ro,kodagro@gmail.com,,,,,KODAGRO,mures,1
1814,suplimentar,KOVACS TRADE COMPANY SRL,MURES,Reghin,,sales@kovacstrade.ro,office@kovacstrade.ro,0744624947,0752769844,90388,,KOVACS TRADE COMPANY,suplimentar,1
1815,mures,KRAFT LOGISTIC SRL,MURES,Sighisoara,Dangulea Ironim Marinel,info@kraft-group.eu,vasile.smit@kraft-logistic.com,0724250144,,,,KRAFT LOGISTIC,mures,1
1816,suplimentar,KRAUSS KLINIK SRL,MURES,Targu Mures,,,,0740014890,,4061058,,KRAUSS KLINIK,suplimentar,1
1817,suplimentar,KRI SPEED SRL,MURES,Targu Mures,,krispeed@yahoo.com,,0756453796,0771359885,1498085,,KRI SPEED,suplimentar,1
1818,suplimentar,KRISKON SRL,MURES,Santana De Mures,,viorelhuruba@kriskon.ro,,0721100015,0742825282,1292601,,KRISKON,suplimentar,1
1819,suplimentar,KRONER CONSTRUCT SRL,MURES,Reghin,,kronerconstruct2007@gmail.com,,0748113605,0743551820,1498161,,KRONER CONSTRUCT,suplimentar,1
1820,mures,KRONOS LIFE CONSTRUCT SRL,MURES,Targu Mures,Ludusan Ioan,,,0740360986,0731041161,,,KRONOS LIFE CONSTRUCT,mures,1
1821,suplimentar,KUKURI SRL,MURES,Targu Mures,,gothlord@yahoo.com,,,,18442,,KUKURI,suplimentar,1
1822,suplimentar,LA NUOVA SARTORIA SRL,MURES,Sighisoara,,lanuovasartoriasighisoara@gmail.com,,0744420556,,1771964,,LA NUOVA SARTORIA,suplimentar,1
1823,mures,LACROIX AMBALAJE SRL,MURES,Sighisoara,Denis Albert Rene Lacroix,contact.ro@groupe-lacroix.com,,0756021444,0745542133,,,LACROIX AMBALAJE,mures,1
1824,mures,LANDMANIA SRL,MURES,Cristesti,Nemet Lehel Istvan,office@landmania.ro,,0748117638,0737501835,,,LANDMANIA,mures,1
1825,mures,LAS PROM SRL,MURES,Targu Mures,Dan Marinel,tehnic@lasprom.ro,office@lasprom.ro,0752191064,,,,LAS PROM,mures,1
1826,suplimentar,LATERAL LABS SRL,MURES,Targu Mures,,office@lateralgroup.com,,0740138335,,3199772,,LATERAL LABS,suplimentar,1
1827,suplimentar,LATERAL SRL,MURES,Targu Mures,,contact@lateral.ro,info@lateral.ro,0744212001,,1582342,,LATERAL,suplimentar,1
1828,mures,LECOIMPEX SRL,MURES,Targu Mures,Fodor Sandor Venczel,lanturi@leco.ro,curele@leco.ro,0744699965,0753315470,,,LECOIMPEX,mures,1
1829,suplimentar,LEHEL IMPEX SRL,MURES,Targu Mures,,office@lehelimpex.ro,,0744501615,0744151001,426228,,LEHEL IMPEX,suplimentar,1
1830,suplimentar,LELAND PIZZA SRL,MURES,Reghin,,pizzeria221@yahoo.com,mamamiareghin@gmail.com,0774659410,0742476993,3204762,,LELAND PIZZA,suplimentar,1
1831,suplimentar,LINE CONNECT CONSTRUCT SRL,MURES,Albesti,,office@lineconnect.ro,,0756889655,,1962817,,LINE CONNECT CONSTRUCT,suplimentar,1
1832,suplimentar,LION COMPANY SRL,MURES,Sanmartinu De Campie,,anghel_lioncompany@yahoo.com,,,0745014335,818514,,LION COMPANY,suplimentar,1
1833,suplimentar,LOCATIV SA,MURES,Targu Mures,,office@locativmures.ro,locativmures@yahoo.com,,,90401,,LOCATIV,suplimentar,1
1834,mures,LORIAND DUOPLAST SRL,MURES,Targu Mures,Kis Andras,vanzari@loriand.ro,office@loriand.ro,0744556216,0744556215,,,LORIAND DUOPLAST,mures,1
1835,suplimentar,LOROPAR FOODERS SRL,MURES,Breaza,,loropar@gmail.com,,0747777447,0745695220,1381493,,LOROPAR FOODERS,suplimentar,1
1836,suplimentar,LOTUS IMPEX SRL,MURES,Sighisoara,,rodica_vavrita@yahoo.com,lotus_sig@yahoo.com,0745575876,0730033961,68455,,LOTUS IMPEX,suplimentar,1
1837,suplimentar,LUCIANGY SRL,MURES,Reghin,,luciangy@yahoo.com,,0757252741,,771761,,LUCIANGY,suplimentar,1
1838,suplimentar,LUMEA BASMELOR INTERNATIONAL SRL,MURES,Ozd,,info@lumeabasmelor.ro,office@lumeabasmelor.ro,0754352065,0744208846,2059105,,LUMEA BASMELOR INTERNATIONAL,suplimentar,1
1839,mures,LUMINA PRODCOM SRL,MURES,Reghin,Cizmas Ilie,info@lumanarilumina.ro,luminaprodcom@yahoo.com,0744525766,0742466575,,,LUMINA PRODCOM,mures,1
1840,suplimentar,LUPU TRANS SRL,MURES,Reghin,,luputrans@yahoo.com,,0748151456,,1401242,,LUPU TRANS,suplimentar,1
1841,mures,LYNX SOLUTIONS SRL,MURES,Targu Mures,Tamas Ors,info@lynxsolutions.eu,,0727477311,,,,LYNX SOLUTIONS,mures,1
1842,suplimentar,M CONSULT SRL,MURES,Targu Mures,,,,0741324918,,1327901,,M CONSULT,suplimentar,1
1843,suplimentar,MACARALE MURES SRL,MURES,Targu Mures,,service@macarale-mures.ro,office@macarale-mures.ro,0745666117,0743030140,36023,,MACARALE MURES,suplimentar,1
1844,mures,MACO CONSTRUCT SRL,MURES,Targu Mures,Oprea Pavel Cristian,macoconstruct@yahoo.ro,,0748099322,0743111085,,,MACO CONSTRUCT,mures,1
1845,mures,MACO SOLAR SRL,MURES,Targu Mures,Rauta Bogdan Florin,,macoconstruct@yahoo.ro,,,,,MACO SOLAR,mures,1
1846,suplimentar,MACONF SRL,MURES,Ungheni,,maconf@mures.rdsmail.ro,,0746153867,,119877,,MACONF,suplimentar,1
1847,suplimentar,MAGNATECH SRL,MURES,Targu Mures,,office@flacoanepet.ro,scmagnatech@yahoo.com,0745230228,0744645671,1294502,,MAGNATECH,suplimentar,1
1848,suplimentar,MAGNETIC POWER SRL,MURES,Targu Mures,,officemagneticpower@gmail.com,,0721707707,,3593460,,MAGNETIC POWER,suplimentar,1
1849,suplimentar,MAIA SISTERS TRADE SRL,MURES,Targu Mures,,,,,,3882932,,MAIA SISTERS TRADE,suplimentar,1
1850,suplimentar,MAIER COMPLEX SRL,MURES,Acatari,,,,,,332128,,MAIER COMPLEX,suplimentar,1
1851,mures,MALU INDUSTRY SRL,MURES,Cristesti,Griesser Svetlana,malu.industry@yahoo.ro,,0749110701,,,,MALU INDUSTRY,mures,1
1852,suplimentar,MAMMA MOOD CATERING SRL,MURES,Targu Mures,,,,,0770567755,3258922,,MAMMA MOOD CATERING,suplimentar,1
1853,suplimentar,MAMMOTH TYRES SRL,MURES,Corunca,,office@mammothtyres.ro,vanzari@mammothtyres.ro,0736385900,0736102505,1751953,,MAMMOTH TYRES,suplimentar,1
1854,suplimentar,MANDASZ SRL,MURES,Sovata,,,,0745586273,,817093,,MANDASZ,suplimentar,1
1855,suplimentar,MANSART CORPORATE SRL,MURES,Targu Mures,,,,0728260216,,1295045,,MANSART CORPORATE,suplimentar,1
1856,suplimentar,MAPCOM LOGISTIK SRL,MURES,Targu Mures,,,roxana.marton@repom.ro,,,1910053,,MAPCOM LOGISTIK,suplimentar,1
1857,mures,MAR GROUP SRL,MURES,Targu Mures,Stoica Marian,office@margroup.ro,,0742090659,0752445891,,,MAR GROUP,mures,1
1858,mures,MARA IMPEX SRL,MURES,Deda,Buta Sorin,maraimpexsrl@yahoo.com,,0754023822,,,,MARA IMPEX,mures,1
1859,mures,MARCELINY CMR SRL,MURES,Targu Mures,Calbaza Elena Maria,marcelini_company@yahoo.com,,0751388731,0754370353,,,MARCELINY CMR,mures,1
1860,suplimentar,MAREX TRANS SRL,MURES,Ceuasu De Campie,,marextrans@yahoo.com,,0744781532,,1606244,,MAREX TRANS,suplimentar,1
1861,mures,MARI GO OCTA 2014 SRL,MURES,Vanatori,Gall Marioara Octavia,,,,,,,MARI GO OCTA 2014,mures,1
1862,suplimentar,MARIANTHERM SRL,MURES,Livezeni,,office@mariantherm.de,,,,266503,,MARIANTHERM,suplimentar,1
1863,mures,MARIS PROD CARM SRL,MURES,Targu Mures,Franc Marinel,office@marisprod.ro,,0745990771,0745609051,,,MARIS PROD CARM,mures,1
1864,suplimentar,MARK SRL,MURES,Targu Mures,,office@markromania.ro,c.fazekas@markromania.ro,0757090434,0748331665,1449605,,MARK,suplimentar,1
1865,suplimentar,MARKID TRANS SRL,MURES,Tarnaveni,,markidtrans@yahoo.com,,0728908482,0728876656,1712989,,MARKID TRANS,suplimentar,1
1866,mures,MAROVA PETFOOD SRL,MURES,Sangeru De Padure,Jakubczyk Robert Paul,contact@marovapetfood.ro,office@marova-petfood.com,0773803271,,,,MAROVA PETFOOD,mures,1
1867,mures,MARPLAST WEST SRL,MURES,Hodac,Man Marius Vasile,marplast201601@gmail.com,,0755769206,0731177972,,,MARPLAST WEST,mures,1
1868,suplimentar,MARPLUS SRL,MURES,Sancraiu De Mures,,contact@sportlife.ro,contact@peaksport.ro,0770538236,0720540349,817798,,MARPLUS,suplimentar,1
1869,mures,MARSOROM SRL,MURES,Ernei,Pakucs Arpad,office@marso.ro,vanzari.mures@marso.ro,0734004716,0724548953,,,MARSOROM,mures,1
1870,suplimentar,MARVI COM SERVICE SRL,MURES,Chetani,,marvicomservice@gmail.com,,0751945140,,68526,,MARVI COM SERVICE,suplimentar,1
1871,suplimentar,MATE CONSTRUCT SRL,MURES,Ganesti,,mateconstruct@gmail.com,,0740575340,,818595,,MATE CONSTRUCT,suplimentar,1
1872,mures,MATEROM AUTO EXPERT SRL,MURES,Cristesti,Baciu Rodica,licitatii.seap@materom.ro,office@materom.ro,0723297674,0749049469,,,MATEROM AUTO EXPERT,mures,1
1873,mures,MATEROM AUTOMOBILE SRL,MURES,Cristesti,Baciu Rodica,office.brasov@materom.ro,webshop@materom.ro,0746268288,,,,MATEROM AUTOMOBILE,mures,1
1874,mures,MATEROM AUTOMOTIVE SRL,MURES,Cristesti,Baciu Rodica,resurseumane@materom.ro,office@materom.ro,0745506260,0758104147,,,MATEROM AUTOMOTIVE,mures,1
1875,mures,MATEROM SRL,MURES,Cristesti,Baciu Ioan Matei,office@materom.ro,gdpr@materom.ro,0756051934,0752208218,,,MATEROM,mures,1
1876,mures,MAURER IMOBILIARE MURES SRL,MURES,Targu Mures,Bercaru Florin,secretariat.targumures@maurerimobiliare.ro,,0724341931,,,,MAURER IMOBILIARE MURES,mures,1
1877,mures,MAURER IMOBILIARE SIGHISOARA SRL,MURES,Sighisoara,Bercaru Florin,,,,,,,MAURER IMOBILIARE SIGHISOARA,mures,1
1878,mures,MAVIPROD SRL,MURES,Reghin,Oltean Mircea Eugen,office@maviprod.ro,office@mavipower.ro,0770996513,0744776100,,,MAVIPROD,mures,1
1879,mures,MC TRANS SRL,MURES,Targu Mures,Straia Mircea Cristian,comenzi@cisterna.ro,magazin@oilmag.ro,0741164426,,,,MC TRANS,mures,1
1880,mures,MDL SRL,MURES,Targu Mures,Nagy Ildiko,office@mdl.ro,,0751253990,0751089209,,,MDL,mures,1
1881,suplimentar,MED TECH DISTRIBUTIONS SRL,MURES,Targu Mures,,office@mt-distributions.ro,,0744389727,,3180862,,MED TECH DISTRIBUTIONS,suplimentar,1
1882,suplimentar,MEDCHIM EXPERT SRL,MURES,Targu Mures,,office@promagshop.ro,medchim.expert@gmail.com,0735666669,0725118539,3075920,,MEDCHIM EXPERT,suplimentar,1
1883,suplimentar,MEDEX VITAL SERV SRL,MURES,Sangeorgiu De Mures,,,,,,3298833,,MEDEX VITAL SERV,suplimentar,1
1884,suplimentar,MEDIA MARKETING SRL,MURES,Targu Mures,,office@3mc.ro,,0744776840,,18424,,MEDIA MARKETING,suplimentar,1
1885,suplimentar,MEDIAB SRL,MURES,Targu Mures,,info@centrulmedicalmediab.ro,scmediabsrl@yahoo.com,0770467899,,1503496,,MEDIAB,suplimentar,1
1886,suplimentar,MEDIFARM SRL,MURES,Reghin,,comenzi@medifarmonline.ro,medifarm.reghin@gmail.com,0744367864,,68198,,MEDIFARM,suplimentar,1
1887,suplimentar,MEDMURES SRL,MURES,Santana De Mures,,medmures@gmail.com,,,0741184274,1382558,,MEDMURES,suplimentar,1
1888,mures,MEESENBURG ROMANIA SRL,MURES,Targu Mures,Banciu Nicolae,office@meesenburg.ro,info@meesenburg.ro,0752244451,0722581355,,,MEESENBURG ROMANIA,mures,1
1889,suplimentar,MEGADATA SRL,MURES,Targu Mures,,info@megadata.ro,,0746260946,,426143,,MEGADATA,suplimentar,1
1890,suplimentar,MEGAMONTAJ SRL,MURES,Cristesti,,megamontaj@megamontaj.ro,,0741185713,0728023235,1267454,,MEGAMONTAJ,suplimentar,1
1891,mures,MENTAVILL SRL,MURES,Targu Mures,Mentes Zsolt,tim@mentavill.ro,tgm@mentavill.ro,0752445591,0752445584,,,MENTAVILL,mures,1
1892,suplimentar,METAREG COM SRL,MURES,Reghin,,metareg94@yahoo.com,,0745629670,0744572834,27287,,METAREG COM,suplimentar,1
1893,suplimentar,MGC INSTAL CONSTRUCT SRL,MURES,Tarnaveni,,marian_gheorghe40@yahoo.com,,0740837220,,1449610,,MGC INSTAL CONSTRUCT,suplimentar,1
1894,suplimentar,MIAGRO SRL,MURES,Batos,,,,0747656064,0747653623,1360931,,MIAGRO,suplimentar,1
1895,suplimentar,MIF SA,MURES,Sangeorgiu De Mures,,office@mif.ro,,0742159740,0740222267,59581,,MIF,suplimentar,1
1896,suplimentar,MILK HUB SRL,MURES,Ludus,,,,,,3838576,,MILK HUB,suplimentar,1
1897,suplimentar,MILK HUB TRADING SRL,MURES,Ludus,,,,,,3958600,,MILK HUB TRADING,suplimentar,1
1898,suplimentar,MILKPACT SRL,MURES,Livezeni,,office@milkpact.ro,,0746253499,,195840,,MILKPACT,suplimentar,1
1899,mures,MIRDATOD PROD SRL,MURES,Ibanesti,Todoran David Ovidiu,office@mirdatod.ro,contact@mirdatod.ro,0732409502,0733629076,,,MIRDATOD PROD,mures,1
1900,suplimentar,MIREL COM SRL,MURES,Reghin,,ficulda@yahoo.com,,0740310229,0766534258,196462,,MIREL COM,suplimentar,1
1901,suplimentar,MIZOL COM SRL,MURES,Sangeorgiu De Padure,,misikeresztes@yahoo.com,,0721243789,,1694232,,MIZOL COM,suplimentar,1
1902,suplimentar,MNR TRANS SRL,MURES,Targu Mures,,mnr.trans@yahoo.com,,0744777662,0744359578,1294383,,MNR TRANS,suplimentar,1
1903,suplimentar,MOBCOMAND SRL,MURES,Saes,,mobcomand40@yahoo.com,mobcomand.office@gmail.com,0728043829,0747617975,1268379,,MOBCOMAND,suplimentar,1
1904,suplimentar,MOBEX SA,MURES,Targu Mures,,office@mobex.ro,,0751097945,,59503,,MOBEX,suplimentar,1
1905,suplimentar,MOBIGRY COM SRL,MURES,Targu Mures,,mobigry@yahoo.com,,0741171582,0745543555,18410,,MOBIGRY COM,suplimentar,1
1906,mures,MOBILADALIN SRL,MURES,Reghin,Cotoi Dan Cristian,reclamatii@mobiladalin.ro,dalin@mobiladalin.ro,0725510233,0799499250,,,MOBILADALIN,mures,1
1907,suplimentar,MOBILE PARTS SRL,MURES,Targu Mures,,comenzi@piese-telefoane.ro,scmobilepartssrl@gmail.com,,,2105627,,MOBILE PARTS,suplimentar,1
1908,suplimentar,MOKRI COM SRL,MURES,Albesti,,vanzari@mokri.ro,office@mokri.ro,0744605816,,196184,,MOKRI COM,suplimentar,1
1909,suplimentar,MOLDVIOCOM SRL,MURES,Reghin,,moldviocom@gmail.com,,0749517575,0745515182,161715,,MOLDVIOCOM,suplimentar,1
1910,suplimentar,MONDIAL IMPEX SRL,MURES,Santana De Mures,,office@seminte-andra.ro,mondial_impex@yahoo.com,0730511112,0743516146,27254,,MONDIAL IMPEX,suplimentar,1
1911,mures,MONDO CARS 4YOU SRL,MURES,Corunca,Fola Sebastian Emil,hyundai@mondocars.ro,,0770996524,0748888378,,,MONDO CARS 4YOU,mures,1
1912,suplimentar,MONING SRL,MURES,Tarnaveni,,moningtarnaveni@gmail.com,,0758803892,,1795283,,MONING,suplimentar,1
1913,mures,MONOSUISSE RO SRL,MURES,Sighisoara,Tamas Magdalena Maria,magda.tamas@monosuisse.com,,0748143769,,,,MONOSUISSE RO,mures,1
1914,mures,MONTREPCOM SRL,MURES,Recea,,office@montrepcom.ro,ctc@montrepcom.ro,0730808104,0730808103,,,MONTREPCOM,mures,1
1915,mures,MOTO E MOTION SRL,MURES,Santana De Mures,Pavel Emilian Petru,sales@motoemotion.ro,,0740058601,0756113111,,,MOTO E MOTION,mures,1
1916,suplimentar,MOUNTAIN VIEW ENGINEERING SRL,MURES,Targu Mures,,,,,,3877311,,MOUNTAIN VIEW ENGINEERING,suplimentar,1
1917,suplimentar,MRG FATADE SRL,MURES,Acatari,,office@mrgfatade.ro,,,,1744900,,MRG FATADE,suplimentar,1
1918,mures,MS SPECIAL PROJECTS & TRANSPORTS SRL,MURES,Cristesti,Palcu Vasile Alexandru,info@msprojects.ro,,0744378655,0722732478,,,MS SPECIAL PROJECTS TRANSPORTS,mures,1
1919,suplimentar,MULTIBET TRANSILVANIA SRL,MURES,Cristesti,,,multibettransilvania@gmail.com,0724076394,0751557052,1969485,,MULTIBET TRANSILVANIA,suplimentar,1
1920,mures,MULTINVEST AG ANTREPRENORIAT GENERAL SRL,MURES,Targu Mures,Gogolak Hrubecz Zsolt,office.ag@multinvest.ro,office@multinvest.ro,0748107113,,,,MULTINVEST AG ANTREPRENORIAT GENERAL,mures,1
1921,mures,MULTINVEST SRL,MURES,Targu Mures,Gogolak Hrubecz Zsolt,gogolak.zsolt@multinvest.ro,office@multinvest.ro,0754068729,0740028307,,,MULTINVEST,mures,1
1922,mures,MULTIPLAN ELECTRONICS SRL,MURES,Targu Mures,Koloszvari Tibor,service@multiplan.ro,sales@pchouse.ro,0799865686,0732950797,,,MULTIPLAN ELECTRONICS,mures,1
1923,suplimentar,MULTIPRACTIC SRL,MURES,Targu Mures,,office@multipractic.ro,cursuri@multipractic.ro,0755016501,0721113366,1382883,,MULTIPRACTIC,suplimentar,1
1924,suplimentar,MURES HEALTHCARE GROUP SRL,MURES,Targu Mures,,office@galenus.ro,registratura@galenus.ro,0752092052,0757010111,3300997,,MURES HEALTHCARE GROUP,suplimentar,1
1925,suplimentar,MURES HIDRAULICI SRL,MURES,Livezeni,,office@mureshidraulici.com,info@mureshidraulici.com,,,818118,,MURES HIDRAULICI,suplimentar,1
1926,suplimentar,MURES LOGISTIC TRANSPORTE SRL,MURES,Ungheni,,office@murestransporte.com,,0742493635,0735206208,1725596,,MURES LOGISTIC TRANSPORTE,suplimentar,1
1927,mures,MURES SRL,MURES,Targu Mures,Pop Adrian Dumitru,,,,,,,MURES,mures,1
1928,suplimentar,MURESEXPEDITII TRANS SRL,MURES,Targu Mures,,,,0720528999,0745282065,1853519,,MURESEXPEDITII TRANS,suplimentar,1
1929,mures,MURI BENZ OIL SRL,MURES,Cristesti,Murestan Florea Mircea,,,0741239716,,,,MURI BENZ OIL,mures,1
1930,mures,MURICOM SRL,MURES,Targu Mures,Muresan Marius Lucian,muricom@yahoo.com,,,0749228278,,,MURICOM,mures,1
1931,suplimentar,N & B SRL,MURES,Targu Mures,,vanzari@solutiimedicalenebunatice.ro,nbmedicalsolutions@gmail.com,0771496645,,1413391,,N B,suplimentar,1
1932,mures,NAKITA PROD COMIMPEX SRL,MURES,Targu Mures,Cuesdeanu Lucian Serban,nakita@nakita.ro,claudia@nakita.ro,0728556788,,,,NAKITA PROD COMIMPEX,mures,1
1933,suplimentar,NAPA IMPEX SRL,MURES,Sangeorgiu De Mures,,office@napa.ro,nagy.ferenc@napa.ro,0728901902,0722330858,68536,,NAPA IMPEX,suplimentar,1
1934,suplimentar,NARIDA HORECA SRL,MURES,Targu Mures,,,,,,4033138,,NARIDA HORECA,suplimentar,1
1935,mures,NARIDA SRL,MURES,Ungheni,Cristea Ioan,,office@darina.ro,0757570766,0744479868,,,NARIDA,mures,1
1936,suplimentar,NEGRO CONSTRUCT SRL,MURES,Targu Mures,,comenzi@nhomedesign.ro,negro.construct@gmail.com,0752242997,0752242998,1383957,,NEGRO CONSTRUCT,suplimentar,1
1937,suplimentar,NELMARC SRL,MURES,Cristesti,,office@nelmarc.ro,,0745097754,0741221858,819560,,NELMARC,suplimentar,1
1938,mures,NEO GROUP INDUSTRY SRL,MURES,Reghin,Petrule Ciprian,info@metallix.ro,,0740598442,,,,NEO GROUP INDUSTRY,mures,1
1939,mures,NEON & SIGN SRL,MURES,Reghin,Aulitzky Johannes Emmanuel,office@neon-sign.ro,,0756103921,,,,NEON SIGN,mures,1
1940,suplimentar,NET CONF SRL,MURES,Targu Mures,,office@netconf.ro,,0757070067,0749181242,1269648,,NET CONF,suplimentar,1
1941,mures,NET DISTRIBUTION SRL,MURES,Targu Mures,Ozcan Ayhan,netdistribution_bv@yahoo.com,facturaremures@net-distribution.ro,0740832927,0724344999,,,NET DISTRIBUTION,mures,1
1942,mures,NETT FRONT SRL,MURES,Vidrasau,Bartha Andras,office@nettfront.ro,jobs@nettfront.ro,0746220260,0747164641,,,NETT FRONT,mures,1
1943,mures,NEXON DYNAMIC CORPORATION SRL,MURES,Matrici,Janosi Levente,office@nexon.ro,info@nexon.ro,0748852531,0745045673,,,NEXON DYNAMIC CORPORATION,mures,1
1944,mures,NEXTLAN SRL,MURES,Targu Mures,Radut Victor Adrian,office@nextlan.ro,support@nextlan.ro,0744788337,,,,NEXTLAN,mures,1
1945,suplimentar,NICODENISS TRANS SRL,MURES,Albesti,,office@nicodeniss.ro,,0722330083,0740220374,196038,,NICODENISS TRANS,suplimentar,1
1946,suplimentar,NICOLAY ROMANIA SRL,MURES,Targu Mures,,info@nicolay.de,dan.lutsch@nicolay.de,0745938130,,1623818,,NICOLAY ROMANIA,suplimentar,1
1947,suplimentar,NIMAR SRL,MURES,Reghin,,office@nimar.ro,annamaria@nimar.ro,,0730713741,195977,,NIMAR,suplimentar,1
1948,suplimentar,NIRAJ PRODCOM SRL,MURES,Targu Mures,,office@nirajprodcom.ro,nirajprodcom17@yahoo.ro,0732530502,0784280811,616113,,NIRAJ PRODCOM,suplimentar,1
1949,suplimentar,NIRVANA EXCOM SRL,MURES,Targu Mures,,nirvanaexcom@yahoo.com,,0773981325,,1821,,NIRVANA EXCOM,suplimentar,1
1950,suplimentar,NIVELCO TEHNICA MASURARII SRL,MURES,Sangeorgiu De Mures,,romania@nivelco.com,,0747110008,0720542408,1316531,,NIVELCO TEHNICA MASURARII,suplimentar,1
1951,suplimentar,NOE PSIHOCENTER SRL,MURES,Targu Mures,,info@noepsiho.ro,,,,1927103,,NOE PSIHOCENTER,suplimentar,1
1952,suplimentar,NOKE SRL,MURES,Cristesti,,,,,,4204334,,NOKE,suplimentar,1
1953,mures,NORAND SRL,MURES,Livezeni,Timar Andras Dezso,office@editurakreativ.ro,comenzi@tablouridecor.ro,0744394333,,,,NORAND,mures,1
1954,mures,NORDENLOR PROD COM IMPEX SRL,MURES,Sangeorgiu De Mures,Kis Denes Levente,office@nordenlor.ro,reghin1@nordenlor.ro,0726233930,0732141761,,,NORDENLOR PROD COM IMPEX,mures,1
1955,mures,NOVA VITA HOSPITAL SA,MURES,Targu Mures,Torok Barna,receptie@nova-vita.ro,office@nova-vita.ro,0735701713,0735701711,,,NOVA VITA HOSPITAL,mures,1
1956,suplimentar,NOVAMECANICA SRL,MURES,Sighisoara,,office.novamecanica@gmail.com,einkaufnova@gmail.com,0731357757,,90414,,NOVAMECANICA,suplimentar,1
1957,mures,NOVARTIS PHARMACEUTICALS SRL,MURES,Targu Mures,Hossameldin Hussein Bashir Sileem,office.ro@sandoz.com,office-1.romania@sandoz.com,,,,,NOVARTIS PHARMACEUTICALS,mures,1
1958,suplimentar,NOVOFARM SRL,MURES,Targu Mures,,novofarmtgm@yahoo.com,,0730584684,0730584685,68420,,NOVOFARM,suplimentar,1
1959,suplimentar,NUNILUS SRL,MURES,Sancraiu De Mures,,,,0745887216,0740076166,1547973,,NUNILUS,suplimentar,1
1960,suplimentar,OAPOWERTRAIN SYSTEM SRL,MURES,Reghin,,office@oapt.ro,,,,3566677,,OAPOWERTRAIN SYSTEM,suplimentar,1
1961,mures,OBLIO COM SRL,MURES,Sighisoara,Moldovan Ovidiu Aurel,office@oblio-sighisoara.ro,,0756077760,,,,OBLIO COM,mures,1
1962,suplimentar,OGNALECRIS SRL,MURES,Miercurea Nirajului,,ogneangabriel@gmail.com,,0742076178,,3357760,,OGNALECRIS,suplimentar,1
1963,suplimentar,OLEANDER GARDEN SRL,MURES,Curteni,,oleander18@yahoo.com,,0740043381,0742958631,1296604,,OLEANDER GARDEN,suplimentar,1
1964,mures,OLTEAN PRODLEMN SRL,MURES,Jabenita,Oltean Tiberiu,contact@olteanprodlemn.ro,olteanflorina21@yahoo.com,0744556137,0731336970,,,OLTEAN PRODLEMN,mures,1
1965,mures,OLTING SRL,MURES,Targu Mures,Pop Levente,office@olting.ro,,0751411037,0748102030,,,OLTING,mures,1
1966,suplimentar,OLTSPERA SRL,MURES,Santana De Mures,,office@oltspera.ro,,0744766457,0728019672,154278,,OLTSPERA,suplimentar,1
1967,mures,OMNI CABLE SRL,MURES,Ernei,Nagy Levente,office@omnicable.ro,rudolf.nagy@omnicable.ro,0756057081,0754099173,,,OMNI CABLE,mures,1
1968,suplimentar,OMNIEXPRESS SRL,MURES,Livezeni,,omniexpressmures@gmail.com,,0753452633,0742796040,1795345,,OMNIEXPRESS,suplimentar,1
1969,mures,OMNIHEALTH SRL,MURES,Sarmasu,Bordas Liviu,,,,0740148602,,,OMNIHEALTH,mures,1
1970,mures,OMRO IFN SA,MURES,Targu Mures,Ciobotaru Bogdan,suport@filbo.ro,recrutare@omro.ro,0731190081,0787729300,,,OMRO IFN,mures,1
1971,mures,OPREA AVI COM SRL,MURES,Sanpaul,,office@puiuldecraiesti.ro,radu.popeanu@puiuldecraiesti.ro,0756021754,0755024234,,,OPREA AVI COM,mures,1
1972,mures,OPTICA OPTOFARM SRL,MURES,Targu Mures,Jeremias Laszlo,,jeremias@optica-optofarm.ro,,,,,OPTICA OPTOFARM,mures,1
1973,mures,ORDEA PRODCOM SRL,MURES,Targu Mures,Oroian Eugen,service@ordea.ro,office@ordea.ro,0762254939,0752248415,,,ORDEA PRODCOM,mures,1
1974,mures,ORLANDEA SRL,MURES,Tarnaveni,Orlandea Ioan Daniel,scorlandeasrl@gmail.com,,0745129937,,,,ORLANDEA,mures,1
1975,suplimentar,ORMATIN MUR MATERIALE RECUPERABILE SRL,MURES,Cristesti,,ormatin@yahoo.com,,0733671329,0733671328,294218,,ORMATIN MUR MATERIALE RECUPERABILE,suplimentar,1
1976,mures,ORTOPROFIL PROD ROMANIA SRL,MURES,Targu Mures,,tveress@ortoprofil.ro,ortobucuresti@ortoprofil.ro,0728288335,0721100013,,,ORTOPROFIL PROD ROMANIA,mures,1
1977,mures,OTKA SRL,MURES,Valea,Szasz Sandor,office@lanka.ro,lanka@gastrofest.ro,0735563684,0735781907,,,OTKA,mures,1
1978,mures,OVERSIZE TRANSPORT SRL,MURES,Targu Mures,Costinas Emil,,,,,,,OVERSIZE TRANSPORT,mures,1
1979,mures,OVM OIL SRL,MURES,Iod,Oltean Liviu Niculae,rastolitaovm@yahoo.com,,0744670552,0728887200,,,OVM OIL,mures,1
1980,suplimentar,OXTRADE CONTRACT SRL,MURES,Corunca,,,,,,3453171,,OXTRADE CONTRACT,suplimentar,1
1981,mures,PACOVIS ROMANIA SRL,MURES,Targu Mures,Leszai Karin Edith,,office@pacovis.ro,0740088100,0742130082,,,PACOVIS ROMANIA,mures,1
1982,mures,PAI AGROCOMPLEX SRL,MURES,Tarnaveni,Popa Adrian Manuel,pai.agrocomplex@gmail.com,,0748894514,,,,PAI AGROCOMPLEX,mures,1
1983,mures,PALAS COM SRL,MURES,Targu Mures,Matei Ilie,office@palascom.ro,contabilitate@palascom.ro,0742147144,0746244710,,,PALAS COM,mures,1
1984,mures,PALLBOX AMBALAJE SRL,MURES,Targu Mures,Moroianu Cosmin Catalin,,,,,,,PALLBOX AMBALAJE,mures,1
1985,suplimentar,PANI PLAST SRL,MURES,Reghin,,veronicabotos@yahoo.com,,0742099595,0740702130,68543,,PANI PLAST,suplimentar,1
1986,mures,PARAT TECHNOLOGY ROMANIA SRL,MURES,Albesti,Siklodi Denes,info-ro@parat.eu,info-ro@parat-technology.com,0743226963,,,,PARAT TECHNOLOGY ROMANIA,mures,1
1987,mures,PARCON FREIWALD SRL,MURES,Targu Mures,Freiwald Franz Georg,mures@parconfreiwald.ro,cluj@parconfreiwald.ro,0733008798,0730708431,,,PARCON FREIWALD,mures,1
1988,suplimentar,PARTS BY TESSA SRL,MURES,Targu Mures,,,,,,3895607,,PARTS BY TESSA,suplimentar,1
1989,suplimentar,PASIFLORA FARM SRL,MURES,Ceuasu De Campie,,farmaciapasiflora@yahoo.ro,,0740031813,,425382,,PASIFLORA FARM,suplimentar,1
1990,suplimentar,PATICO DELICATESE SRL,MURES,Reghin,,,,,,1319396,,PATICO DELICATESE,suplimentar,1
1991,suplimentar,PEDROGROUP AGRO SRL,MURES,Targu Mures,,office@tractoare-ro.ro,contact@pedrogroup.ro,0755631931,0744643530,1682940,,PEDROGROUP AGRO,suplimentar,1
1992,suplimentar,PEG PEREGO SRL,MURES,Sancraiu De Mures,,daniela.dalalau@pegperego.it,,,,1385400,,PEG PEREGO,suplimentar,1
1993,mures,PERFORMANCE SRL,MURES,Corunca,Mihaly Ioan,vanzari@electrostar-mures.ro,office@electrostar-mures.ro,0734123877,,,,PERFORMANCE,mures,1
1994,suplimentar,PERIN SRL,MURES,Sighisoara,,info@salanuntisighisoara.ro,contact@hotelimperialsighisoara.ro,0770487428,0744609148,18383,,PERIN,suplimentar,1
1995,mures,PET RECYCLING TEAM TARGU MURES SA,MURES,Targu Mures,Moloiu Mihail,,,,,,,PET RECYCLING TEAM TARGU MURES,mures,1
1996,suplimentar,PETCO SRL,MURES,Sovata,,petcosovata@gmail.com,,0747115343,0741172082,119970,,PETCO,suplimentar,1
1997,mures,PETRY RETAIL SRL,MURES,Targu Mures,Petry Zalan Endre,,,0734730371,0770499769,,,PETRY RETAIL,mures,1
1998,suplimentar,PICK UP SRL,MURES,Budiu Mic,,vanzari@pick-up.ro,sales@pick-up.ro,0756087089,0752417417,1207572,,PICK UP,suplimentar,1
1999,mures,PIG BAND SRL,MURES,Band,Szabo Ioan,pig_band@freemail.hu,pig.band@yahoo.com,0733683261,,,,PIG BAND,mures,1
2000,mures,PIINEA DE CASA SRL,MURES,Sangeorgiu De Mures,Kovacs Bela,hr@kovacs.ro,office@kovacs.ro,0733052101,0746022883,,,PIINEA DE CASA,mures,1
2001,suplimentar,PIKO COM SRL,MURES,Sovata,,,,0743902760,0745059913,153840,,PIKO COM,suplimentar,1
2002,suplimentar,PKD GRUP SRL,MURES,Sangeorgiu De Mures,,secretariat@pkdgrup.ro,office@pkdgrup.ro,0744512728,0744511663,507065,,PKD GRUP,suplimentar,1
2003,mures,PLASMASERV SRL,MURES,Targu Mures,Varzar Tiberiu Vladimir,service@plasmaserv.ro,marketing@plasmaserv.ro,0757100252,0757100250,,,PLASMASERV,mures,1
2004,suplimentar,PLASMATERM SA,MURES,Targu Mures,,secretariat@plasmaterm.ro,office@plasmaterm.ro,0730708011,0729156553,209,,PLASMATERM,suplimentar,1
2005,suplimentar,PLASTIC ENGINEERING SRL,MURES,Targu Mures,,office@plasticeng.ro,,0746049561,,1397815,,PLASTIC ENGINEERING,suplimentar,1
2006,mures,PLAYSYS SRL,MURES,Targu Mures,More Tibor,contact@contiplay.ro,playsys2005@gmail.com,,,,,PLAYSYS,mures,1
2007,mures,PLEURO IND SRL,MURES,Targu Mures,Forgaci Iosif,office@pleuro.ro,,0730330600,,,,PLEURO IND,mures,1
2008,mures,POLARIS COM SRL,MURES,Sovata,Polotca Ioan,polaris@szovata.ro,,0753025361,0744591950,,,POLARIS COM,mures,1
2009,suplimentar,POLI IZO CONSTRUCT SRL,MURES,Ludus,,poli_izo@yahoo.com,office.poliizo@gmail.com,0727897000,0731353896,1297374,,POLI IZO CONSTRUCT,suplimentar,1
2010,mures,PONDEROSA COMPANY SRL,MURES,Targu Mures,Matei Ilie,ponderosacompany@yahoo.com,,0745062855,,,,PONDEROSA COMPANY,mures,1
2011,suplimentar,POPAS SIMPATHY SRL,MURES,Sanisor,,popassimpathy@yahoo.com,,0751309200,,1414663,,POPAS SIMPATHY,suplimentar,1
2012,suplimentar,POWER SUPPLY SYSTEMS UPS SRL,MURES,Targu Mures,,office@upss.ro,comenzi@upss.ro,0729883715,0727851781,8078,,POWER SUPPLY SYSTEMS UPS,suplimentar,1
2013,mures,PREMACO SA,MURES,Ungheni,Tibrea Viorel Alexandru,office@premaco.ro,office@hotelconcrete.ro,0730711933,0730711921,,,PREMACO,mures,1
2014,suplimentar,PRESTCONSTAR SRL,MURES,Campenita,,contact@prestconstar.ro,prestconstar@yahoo.com,0742664124,,1508726,,PRESTCONSTAR,suplimentar,1
2015,mures,PRIMACOM SRL,MURES,Targu Mures,Petry Zsolt Janos,marketing@petry.ro,info@petry.ro,0722315018,0735206265,,,PRIMACOM,mures,1
2016,mures,PRIMER ELECTRO SRL,MURES,Targu Mures,Kocsis Lajos,office@centrudesticla.ro,marketing@centrudesticla.ro,0747507071,0744556477,,,PRIMER ELECTRO,mures,1
2017,mures,PRIMEX MURES SRL,MURES,Targu Mures,Tampanariu Nicolae,office@primex.ro,primexms@orizont.net,0744299500,,,,PRIMEX MURES,mures,1
2018,suplimentar,PRINTEX BTE PRODUCTION SRL,MURES,Sighisoara,,sales@printex-bte.ro,,0770556259,,3095828,,PRINTEX BTE PRODUCTION,suplimentar,1
2019,suplimentar,PRIVO IN SRL,MURES,Targu Mures,,rezervari@hotelprivo.ro,office@hotelprivo.ro,0736336633,,1302041,,PRIVO IN,suplimentar,1
2020,suplimentar,PRO CARDIA SRL,MURES,Targu Mures,,vanzari@procardia.ro,management@procardia.ro,0752197123,0746262610,331666,,PRO CARDIA,suplimentar,1
2021,suplimentar,PRO ELECTRO CASA SRL,MURES,Corunca,,electrocasa@gmail.com,officeelectrocasa@gmail.com,0744216132,0724049296,817261,,PRO ELECTRO CASA,suplimentar,1
2022,suplimentar,PRO EX 2005 SRL,MURES,Targu Mures,,proex_2005@yahoo.com,,,0728099190,1363061,,PRO EX 2005,suplimentar,1
2023,suplimentar,PRO MEAT 3000 SRL,MURES,Targu Mures,,office@pacovis.ro,desfacere@pacovis.ro,0742238399,0742238398,818193,,PRO MEAT 3000,suplimentar,1
2024,mures,PROBICONS SRL,MURES,Reghin,Biro Ianos,contact@probicons.ro,,0744890609,,,,PROBICONS,mures,1
2025,suplimentar,PROCOPET GROUP SRL,MURES,Sangeorgiu De Mures,,info@rovo.ro,info@govideo.ro,0742513553,,1356853,,PROCOPET GROUP,suplimentar,1
2026,suplimentar,PROD COM ELECTRIC SRL,MURES,Sangeorgiu De Mures,,,,0745550234,,1698107,,PROD COM ELECTRIC,suplimentar,1
2027,suplimentar,PRODCARMI SRL,MURES,Targu Mures,,prodcarmi@yahoo.com,,0742200600,0720536300,331330,,PRODCARMI,suplimentar,1
2028,mures,PROENERG SRL,MURES,Targu Mures,Nagy Tamas,office@electrolight.ro,comenzi@electrolight.ro,0722662050,0722385138,,,PROENERG,mures,1
2029,suplimentar,PROFESIONAL ROM GUARD SECURITY SRL,MURES,Targu Mures,,,,,,3635449,,PROFESIONAL ROM GUARD SECURITY,suplimentar,1
2030,mures,PROFESSIONAL RECYCLE SRL,MURES,Targu Mures,Husti Calin George,office@professionalrecycle.ro,,0724361038,0733671082,,,PROFESSIONAL RECYCLE,mures,1
2031,mures,PROFESSIONAL RECYCLE TECHNOLOGY SRL,MURES,Targu Mures,Husti Calin George,,,,,,,PROFESSIONAL RECYCLE TECHNOLOGY,mures,1
2032,mures,PROFIL IMPORT EXPORT SRL,MURES,Reghin,Fulop Gheorghe,office@scprofil.ro,scprofilsrl@yahoo.com,0741140880,0740494695,,,PROFIL IMPORT EXPORT,mures,1
2033,suplimentar,PROFITEC SRL,MURES,Targu Mures,,office@concept-9.ro,mircea@profitec.ro,0741719999,0744771991,36043,,PROFITEC,suplimentar,1
2034,mures,PROFLEX AUTOMOTIVE SRL,MURES,Reghin,Buzoianu Vlad Mihai,automotive@proflex.ro,office@proflex.ro,,0754756555,,,PROFLEX AUTOMOTIVE,mures,1
2035,suplimentar,PROFLEX BV SRL,MURES,Solovastru,,george.dusa@proflex.ro,,0771576228,0755235302,1576637,,PROFLEX BV,suplimentar,1
2036,mures,PROFLEX SRL,MURES,Reghin,Popescu Oana Maria,financiar@proflex.ro,office@proflex.ro,0729755808,0752074303,,,PROFLEX,mures,1
2037,mures,PROFLEX SUD SRL,MURES,Reghin,Nicolau Stefan,office@protech.ro,craiova@proflex.ro,0755088911,0755088912,,,PROFLEX SUD,mures,1
2038,suplimentar,PROLINIARUT SRL,MURES,Reghin,,office@proliniarut.ro,proliniarut@yahoo.com,0752151831,0742059979,1868412,,PROLINIARUT,suplimentar,1
2039,suplimentar,PROMARK TRADE SRL,MURES,Bogata,,promark.trade@yahoo.com,,0770787597,0731312429,1207896,,PROMARK TRADE,suplimentar,1
2040,mures,PROMEDIVET SRL,MURES,Sovata,Fazakas Mihaly,office@promedivet.ro,,0748052633,0745660433,,,PROMEDIVET,mures,1
2041,suplimentar,PROMOBDECOR SRL,MURES,Nazna,,,,0728852162,0722633121,91,,PROMOBDECOR,suplimentar,1
2042,mures,PRONTO UNIVERSAL SRL,MURES,Targu Mures,Azbe Csaba Stelian Paul,pronto.salarizare@romchim.ro,office@romchim.ro,0744692226,,,,PRONTO UNIVERSAL,mures,1
2043,suplimentar,PROTELCON SRL,MURES,Reghin,,,,0729152728,0726010128,196313,,PROTELCON,suplimentar,1
2044,mures,PROTENA SRL,MURES,Sanpaul,Laczko Denes Zsolt,office@ubmfeed.ro,,0745389668,0749083388,,,PROTENA,mures,1
2045,mures,PURAMA SRL,MURES,Targu Mures,Moga Paul Cristian,paul.moga@purama.ro,,0722400075,,,,PURAMA,mures,1
2046,suplimentar,QFLUID SRL,MURES,Targu Mures,,qfluid@qfluid.ro,,,,4096213,,QFLUID,suplimentar,1
2047,mures,QUALIPLANT SRL,MURES,Nazna,Pohrib Noemi Gianina,office@qualiplant.ro,ionut@qualiplant.ro,0758980157,0755153289,,,QUALIPLANT,mures,1
2048,mures,QUINTUS SRL,MURES,Sovata,Kali Zoltan,sales@hotelcrystal.ro,reception@hotelcrystal.ro,,,,,QUINTUS,mures,1
2049,suplimentar,RADAN SERV SRL,MURES,Hodac,,radanserv2010@gmail.com,,0741182127,0749016925,161599,,RADAN SERV,suplimentar,1
2050,suplimentar,RAGCL SA,MURES,Reghin,,office@ragcl.ro,achizitii@ragcl.ro,0723584746,,293583,,RAGCL,suplimentar,1
2051,suplimentar,RAMADEL COM SRL,MURES,Cucerdea,,ramadelcom@yahoo.com,,0766450936,0741643778,484533,,RAMADEL COM,suplimentar,1
2052,suplimentar,RAMINA SRL,MURES,Reghin,,office@ramina.ro,contact@ramina.ro,0746108567,0746108568,479460,,RAMINA,suplimentar,1
2053,suplimentar,RAUL AGROCOM SRL,MURES,Voiniceni,,raulagrocom@yahoo.ro,,0758036851,0748967672,1363680,,RAUL AGROCOM,suplimentar,1
2054,mures,RCB DEVELOPMENT OFFICE SA,MURES,Targu Mures,Benta Remus Aurel,,v.cetina@rcboffice.ro,0731230725,,,,RCB DEVELOPMENT OFFICE,mures,1
2055,suplimentar,REAL POKER SRL,MURES,Targu Mures,,,office@bluesky.ro,0744910486,0728873450,1699199,,REAL POKER,suplimentar,1
2056,suplimentar,RECRIMCO CONSULTING SRL,MURES,Tarnaveni,,info@recrimco.com,,,0755966658,3647907,,RECRIMCO CONSULTING,suplimentar,1
2057,mures,RECYCLING PROD SRL,MURES,Bardesti,Nistor Vasile Mihai,deseuri@recyclingprod.ro,recyclingprod@yahoo.com,0723368304,0744334122,,,RECYCLING PROD,mures,1
2058,suplimentar,REDATRONIC SERV SRL,MURES,Targu Mures,,office@redatronic.ro,adriana.marginean@redatronic.ro,0729484848,0742358544,27188,,REDATRONIC SERV,suplimentar,1
2059,mures,REEA SRL,MURES,Targu Mures,Masca Dan Sorin,office@instalnews.ro,redactia@revistatus.ro,0746120668,0745992463,,,REEA,mures,1
2060,suplimentar,REHABCARE SRL,MURES,Livezeni,,,,,,3272524,,REHABCARE,suplimentar,1
2061,mures,REICHON SRL,MURES,Targu Mures,Dobo Ellemer,office@reichon.ro,rch_construction@yahoo.com,0744394158,0728347090,,,REICHON,mures,1
2062,mures,REIEF METAL COLECT SRL,MURES,Targu Mures,Feier Sebastian Ioan,reiefmetal@gmail.com,,0744774599,,,,REIEF METAL COLECT,mures,1
2063,mures,REIEF NEFERO SRL,MURES,Targu Mures,Feier Sebastian Ioan,nelutufeier@yahoo.com,gudasz@rdslink.ro,,0744774599,,,REIEF NEFERO,mures,1
2064,mures,REMEI ROMANIA SRL,MURES,Targu Mures,Pavlov Nicolae,office@remei.ro,,0726398788,,,,REMEI ROMANIA,mures,1
2065,mures,REMEX SA,MURES,Reghin,Joarza Calin,secretariat@remex.ro,office@remex.ro,0741182121,,,,REMEX,mures,1
2066,mures,RENANIA TRADE SRL,MURES,Targu Mures,Szasz Orlando Mihai,office@renania.ro,comanda@renania.ro,0731795833,0725995854,,,RENANIA TRADE,mures,1
2067,mures,RETA COM SRL,MURES,Targu Mures,Szasz Mihaly,office@retacom.ro,,0744156372,0728224901,,,RETA COM,mures,1
2068,mures,REXO GOLD SRL,MURES,Targu Mures,Rusz Janos Gyorgy,office@rexogold.ro,ldkbandi@yahoo.com,0745251111,,,,REXO GOLD,mures,1
2069,suplimentar,RIAD TRADE SRL,MURES,Ludus,,feliutza2002@yahoo.com,,0744477642,,90603,,RIAD TRADE,suplimentar,1
2070,mures,RICHIGER SRL,MURES,Apold,Von Meding Maximilian Andreas Dominik,,,,0747637454,,,RICHIGER,mures,1
2071,suplimentar,RIVER HOTEL & SPA SRL,MURES,Ludus,,rezervari@hotelriver.ro,,0745108010,,3805916,,RIVER HOTEL SPA,suplimentar,1
2072,mures,RO DACIA COM SRL,MURES,Ludus,Moldovan Alexandrina,office@rodacia.ro,alexandrina@rodacia.ro,0720010091,,,,RO DACIA COM,mures,1
2073,suplimentar,RO ECOLOGIC RECYCLING SRL,MURES,Vidrasau,,info@roecologic.ro,mediu@roecologic.ro,0758116616,0748114555,1818522,,RO ECOLOGIC RECYCLING,suplimentar,1
2074,mures,ROB CONSTRUCT SRL,MURES,Valea Larga,Oltean Ioan,air.oltean@yahoo.com,,0728892704,0723709013,,,ROB CONSTRUCT,mures,1
2075,suplimentar,ROBERT SERV SRL,MURES,Campenita,,office@robertserv.ro,,0740136304,,818142,,ROBERT SERV,suplimentar,1
2076,mures,ROBOTIC MANAGEMENT SRL,MURES,Targu Mures,Varga Robert Rolland,,,,,,,ROBOTIC MANAGEMENT,mures,1
2077,suplimentar,RODISER EXPRES SRL,MURES,Targu Mures,,rodisersrl@gmail.com,,0722441474,,1894397,,RODISER EXPRES,suplimentar,1
2078,suplimentar,ROLL PRODCOMIMPEX SRL,MURES,Targu Mures,,office@piesedaciaonline.ro,janostg@yahoo.com,0730625495,0770972783,68329,,ROLL PRODCOMIMPEX,suplimentar,1
2079,mures,ROMARIS SRL,MURES,Targu Mures,Nitu Ioan Marcel,,office@romaris.ro,0733933702,0744327177,,,ROMARIS,mures,1
2080,mures,ROMCHIM SRL,MURES,Targu Mures,Moldovan Cornel,office@romchim.ro,productie@romchim.ro,0735804116,,,,ROMCHIM,mures,1
2081,mures,ROMETAL DIANIS SRL,MURES,Ludus,Nemes Sorin,rometaldianis@gmail.com,,0731010060,0731010052,,,ROMETAL DIANIS,mures,1
2082,suplimentar,ROMFLAG SRL,MURES,Recea,,office@romflag.ro,,0755120228,,1593952,,ROMFLAG,suplimentar,1
2083,suplimentar,ROMINSTA SRL,MURES,Cristesti,,office@rominsta.ro,sales@rominsta.ro,0747240338,0727212170,35750,,ROMINSTA,suplimentar,1
2084,suplimentar,ROMMETAL ENGINEERING SRL,MURES,Livezeni,,,,0756253365,0749099459,3058127,,ROMMETAL ENGINEERING,suplimentar,1
2085,mures,ROMSAFE TRADE SRL,MURES,Nazna,Strete Calin Sebastian,,,,,,,ROMSAFE TRADE,mures,1
2086,mures,ROMSTAL MURES SRL,MURES,Targu Mures,Hodor Zoltan,office@romstalmures.ro,comercial@romstalmures.ro,0727737515,0723353280,,,ROMSTAL MURES,mures,1
2087,mures,ROMUR SA,MURES,Targu Mures,,office@romur.ro,,0747366029,,,,ROMUR,mures,1
2088,suplimentar,ROTECOM GLASS SRL,MURES,Targu Mures,,,comenzi@rotecom.ro,0744342069,,153769,,ROTECOM GLASS,suplimentar,1
2089,suplimentar,ROVITA FLORA SRL,MURES,Sangeorgiu De Mures,,info@rovitaflora.ro,rovitaflora@gmail.com,0774069971,,3114187,,ROVITA FLORA,suplimentar,1
2090,suplimentar,ROXCOM SRL,MURES,Tarnaveni,,,,,,1301136,,ROXCOM,suplimentar,1
2091,suplimentar,ROYAL AUTOMOBILE MURES SRL,MURES,Sancraiu De Mures,,royalautomobilemures@yahoo.com,,0740637324,0741057777,3660495,,ROYAL AUTOMOBILE MURES,suplimentar,1
2092,suplimentar,ROYAL DRU AGRO SRL,MURES,Cristesti,,office@dru.ro,info@dru.ro,0771772978,0739851866,3718986,,ROYAL DRU AGRO,suplimentar,1
2093,mures,ROYAL DRU PARTS SRL,MURES,Targu Mures,Luca Orsolya Beata,,info@dru.ro,0758117334,0771772978,,,ROYAL DRU PARTS,mures,1
2094,mures,ROYAL GERMAN FISH & SEAFOOD SRL,MURES,Tarnaveni,Jikeli Erich Johann,info@royalfish.ro,,,,,,ROYAL GERMAN FISH SEAFOOD,mures,1
2095,suplimentar,RS DIAGNOSTICS SRL,MURES,Targu Mures,,rsdiagnostics2020@gmail.com,,0757029110,0745613101,3054456,,RS DIAGNOSTICS,suplimentar,1
2096,mures,RUCK VENTILATOARE SRL,MURES,Tarnaveni,Gerhard Erwin Ruck,info@ruck.eu,service@ruck.eu,0752178426,0743068134,,,RUCK VENTILATOARE,mures,1
2097,mures,RUSANCOM PROD SRL,MURES,Nazna,Sipos Mioara,secretariat@rusancom.ro,office@rusancom.ro,0769006369,0769006383,,,RUSANCOM PROD,mures,1
2098,suplimentar,SABASCRELST SRL,MURES,Cornesti,,,,0721673414,,3682449,,SABASCRELST,suplimentar,1
2099,suplimentar,SABISOR SRL,MURES,Reghin,,office@sabisor.ro,sabin.gliga@sabisor.ro,,0745897062,1208133,,SABISOR,suplimentar,1
2100,suplimentar,SAF COM SRL,MURES,Zau De Campie,,scsafcomsrl@yahoo.com,,0747225669,0742090870,425726,,SAF COM,suplimentar,1
2101,suplimentar,SAIP AUTOMATION INTERNATIONAL SRL,MURES,Sancraiu De Mures,,office@saip.ro,ovidiu.alexoae@saip.ro,0733510866,0736102655,3253517,,SAIP AUTOMATION INTERNATIONAL,suplimentar,1
2102,suplimentar,SALMO IMPEX SRL,MURES,Campu Cetatii,,halaszcsarda95@gmail.com,salmoimpex@gmail.com,0744396660,0724236465,331398,,SALMO IMPEX,suplimentar,1
2103,mures,SAMARCU SRL,MURES,Ludus,Ciobotaru Anca,,,,,,,SAMARCU,mures,1
2104,suplimentar,SAN DORA MED SRL,MURES,Targu Mures,,office@doraoptics.ro,,,,3295085,,SAN DORA MED,suplimentar,1
2105,suplimentar,SANICOM SRL,MURES,Ludus,,f.sanicomtarnaveni@sanicom.ro,f.sanicom7noiembrie@sanicom.ro,0771664394,0771521801,331350,,SANICOM,suplimentar,1
2106,mures,SANLACTA SRL,MURES,Santana De Mures,Berindeie Maria,office@sanlacta.ro,,,,,,SANLACTA,mures,1
2107,suplimentar,SAPORE DI BOSCO SRL,MURES,Corunca,,,,,,1916269,,SAPORE DI BOSCO,suplimentar,1
2108,suplimentar,SARON SRL,MURES,Ludus,,saron.trf@yahoo.com,,0752553713,0742124468,1513808,,SARON,suplimentar,1
2109,suplimentar,SCHUSTER ECOSAL SRL,MURES,Sighisoara,,ecosal.sighisoara@gmail.com,,,,90325,,SCHUSTER ECOSAL,suplimentar,1
2110,suplimentar,SD GAS & POWER SRL,MURES,Tarnaveni,,,office@sdg.ro,0749143499,0745088983,4218189,,SD GAS POWER,suplimentar,1
2111,mures,SECURED SR SRL,MURES,Targu Mures,Degerat Manuela,office@legionguard.ro,receptie@secured-sr.ro,0733684250,0725827891,,,SECURED SR,mures,1
2112,suplimentar,SECURITECH ROM PROD SRL,MURES,Targu Mures,,office@securitechromprod.ro,csaba.darvas@securitechromprod.ro,0729142792,0729156553,3326026,,SECURITECH ROM PROD,suplimentar,1
2113,mures,SEFAR SRL,MURES,Sighisoara,Isenrich Raphael Markus Arnold,carmen.boca@sefar.com,,,,,,SEFAR,mures,1
2114,suplimentar,SEISIM SERV SRL,MURES,Acatari,,office@restaurantlyra.ro,restaurant_lyra@yahoo.com,0751585105,0749027726,1409392,,SEISIM SERV,suplimentar,1
2115,mures,SEIV INSTAL SRL,MURES,Targu Mures,Ungureanu Constantin,contact@seivinstal.ro,contact@aermures.ro,0722385116,0722385107,,,SEIV INSTAL,mures,1
2116,suplimentar,SEKA LTD COMPANY SRL,MURES,Reghin,,office@constructii-seka.ro,constructii.seka@gmail.com,0730580789,0729580789,1299693,,SEKA LTD COMPANY,suplimentar,1
2117,mures,SELECT CAZINO SRL,MURES,Targu Mures,Caraba Marius Constantin,karaba_maria@yahoo.com,,0740247577,,,,SELECT CAZINO,mures,1
2118,suplimentar,SEMTEST BVN SA,MURES,Sangeorgiu De Mures,,office@semtest-bvn.ro,contact@semtest-bvn.ro,0746173333,0731316210,59617,,SEMTEST BVN,suplimentar,1
2119,suplimentar,SENIN PRODEXP SRL,MURES,Targu Mures,,office@senin.ro,ormi@senin.ro,0744503011,0745529589,2278,,SENIN PRODEXP,suplimentar,1
2120,mures,SEPIMOB MURES SRL,MURES,Bogata,Sepsi Laszlo,,,,,,,SEPIMOB MURES,mures,1
2121,mures,SERELE DALIN SRL,MURES,Breaza,Cotoi Calin,office@sereledalin.ro,,0727529693,0740910662,,,SERELE DALIN,mures,1
2122,suplimentar,SERVICE ECHIPAMENTE INDUSTRIALE SRL,MURES,Tarnaveni,,,,,0752453529,3681763,,SERVICE ECHIPAMENTE INDUSTRIALE,suplimentar,1
2123,mures,SERVICE PP GUARD SRL,MURES,Targu Mures,Luca Ioan,servicepp_guard@yahoo.com,,0725201177,0748017823,,,SERVICE PP GUARD,mures,1
2124,mures,SERVICII TEHNICE COMUNALE SA,MURES,Sovata,Gheorghita Nicolae,stc@digicomm.ro,stcsancrai@yahoo.com,0786263699,0758052261,,,SERVICII TEHNICE COMUNALE,mures,1
2125,suplimentar,SIAS CLOTHING IND SRL,MURES,Targu Mures,,sias.ind@gmail.com,,0724053705,,18399,,SIAS CLOTHING IND,suplimentar,1
2126,mures,SIBA PACKAGING SRL,MURES,Reghin,Siko Janos,sales@sibapack.ro,,0787449184,0787532938,,,SIBA PACKAGING,mures,1
2127,suplimentar,SILCOM TREI SATE SRL,MURES,Trei Sate,,,,0769253922,0742013008,331487,,SILCOM TREI SATE,suplimentar,1
2128,suplimentar,SIMIMPEX SRL,MURES,Reghin,,contact@pansab.ro,,0751782463,0744345529,68537,,SIMIMPEX,suplimentar,1
2129,mures,SIRGOMBOS SECURITY SRL,MURES,Livezeni,Csillag Stefan Tiberiu,contact@gombos-security.ro,office@gombos-security.ro,0737227227,0737227174,,,SIRGOMBOS SECURITY,mures,1
2130,suplimentar,SIROD SRL,MURES,Targu Mures,,office@sirod.ro,,0728175871,0728175870,90310,,SIROD,suplimentar,1
2131,mures,SLF MEDIA SRL,MURES,Sancraiu De Mures,Cont Catalin Bogdan,contact@armura.ro,contact@fightshop.ro,0731014128,0727379077,,,SLF MEDIA,mures,1
2132,suplimentar,SMART DELIVERY SERVICES SRL,MURES,Targu Mures,,,,,,4027960,,SMART DELIVERY SERVICES,suplimentar,1
2133,mures,SMART SOFT SERV SRL,MURES,Reghin,Sulari Teodora Maria,office@smartsoft.ro,,0744530692,,,,SMART SOFT SERV,mures,1
2134,mures,SMARTDREAMERS SA,MURES,Targu Mures,Cernat Adrian Daniel,,,,,,,SMARTDREAMERS,mures,1
2135,suplimentar,SOCIETATEA DE FINANTARE RURALA FAER IFN SA,MURES,Reghin,,reghin@faer.ro,,0745372540,0740067627,1364103,,SOCIETATEA DE FINANTARE RURALA FAER IFN,suplimentar,1
2136,mures,SOCOT SA,MURES,Targu Mures,Cecan Simion,office@socot.ro,tehnic@socot.ro,,,,,SOCOT,mures,1
2137,suplimentar,SOLOMON PRODCOM SRL,MURES,Sangeorgiu De Mures,,solomonprodcom@yahoo.com,solomonprodcom@gmail.com,0742116704,0731323358,332023,,SOLOMON PRODCOM,suplimentar,1
2138,suplimentar,SONNENTOR SRL,MURES,Reghin,,office@sonnentor.ro,comenzi@sonnentor.ro,0741065679,0741065666,1397485,,SONNENTOR,suplimentar,1
2139,suplimentar,SORA INTERNATIONAL TRADE SHIPMENT SRL,MURES,Sovata,,office@motel-sora.ro,info@motel-sora.ro,0752040446,0744797924,161384,,SORA INTERNATIONAL TRADE SHIPMENT,suplimentar,1
2140,mures,SPQ NEW ACCESORII SRL,MURES,Targu Mures,Goktas Celil,office@sunnyplast.ro,contabilitate@sunnyplast.ro,0756100646,0756103101,,,SPQ NEW ACCESORII,mures,1
2141,mures,SPRINT DIESEL SRL,MURES,Targu Mures,Saiu Petru Eugen,sprintdiesel@yahoo.com,,0740130870,0743030654,,,SPRINT DIESEL,mures,1
2142,suplimentar,ST GIORGIA SRL,MURES,Targu Mures,,stgiorgia@yahoo.com,,0748151985,0758436526,2018932,,ST GIORGIA,suplimentar,1
2143,suplimentar,STEF MOL TRANSCOM SRL,MURES,Targu Mures,,,,0735404252,0728472808,1449206,,STEF MOL TRANSCOM,suplimentar,1
2144,suplimentar,STEFI REGALE SRL,MURES,Eremitu,,contact@stefiregale.ro,,0757118119,0754539620,3334124,,STEFI REGALE,suplimentar,1
2145,mures,STERA INDUSTRY SRL,MURES,Reghin,Burian Stelian Vasile,office@stera.ro,aprovizionare@stera.ro,0753024582,0744420353,,,STERA INDUSTRY,mures,1
2146,mures,STOMATER SERV COM SRL,MURES,Ludus,Ercean Cornel,stomater@yahoo.com,,0744619044,,,,STOMATER SERV COM,mures,1
2147,suplimentar,STONEFIT SRL,MURES,Ideciu De Jos,,scstonefitsrl@gmail.com,,0730087008,0745092954,1702847,,STONEFIT,suplimentar,1
2148,suplimentar,STORE RESTAURANTS SRL,MURES,Ludus,,,,,,3592486,,STORE RESTAURANTS,suplimentar,1
2149,suplimentar,STR8MINDS SRL,MURES,Sancraiu De Mures,,,,,0752969492,3656147,,STR8MINDS,suplimentar,1
2150,suplimentar,STRUCTOFORM CONSTRUCT SRL,MURES,Tarnaveni,,structoform@gmail.com,,0749647523,,3571484,,STRUCTOFORM CONSTRUCT,suplimentar,1
2151,suplimentar,SUBTRANSCON SRL,MURES,Targu Mures,,office_subtranscon@yahoo.com,,0745157510,0744618080,425134,,SUBTRANSCON,suplimentar,1
2152,mures,SUNNY PLAST SRL,MURES,Targu Mures,Goktas Celil,tehnic@sunnyplast.ro,office@sunnyplast.ro,0756100650,0756100649,,,SUNNY PLAST,mures,1
2153,suplimentar,SUPER FRESH SRL,MURES,Targu Mures,,anca@cilfood.ro,cilfoodservices@gmail.com,0747133493,0744775215,1880626,,SUPER FRESH,suplimentar,1
2154,suplimentar,SUPERNOVA SRL,MURES,Cristesti,,lucian.rosca@hptornade.ro,marketing@hptornade.ro,0729162629,0752214383,426161,,SUPERNOVA,suplimentar,1
2155,suplimentar,SUPPLIER AKT SRL,MURES,Targu Mures,,service@echipro.ro,vanzari@echipro.ro,0741649262,,1953033,,SUPPLIER AKT,suplimentar,1
2156,suplimentar,SURI SPED SRL,MURES,Sancraiu De Mures,,office@surisped.ro,,0737600622,0760803000,1771711,,SURI SPED,suplimentar,1
2157,mures,SURUB TRADE SRL,MURES,Targu Mures,Hodor Ildiko,surubtrade@surubtrade.ro,surtec@surubtrade.ro,0744401415,0744423962,,,SURUB TRADE,mures,1
2158,mures,SVT ELECTRONICS SRL,MURES,Targu Mures,Oprean Voicu,contact@svt.ro,dpo@svt.ro,0752196055,0749181242,,,SVT ELECTRONICS,mures,1
2159,mures,SWING TRADE SRL,MURES,Sovata,Hegyi Liana Georgeta,office@eurosandoor.ro,swingtrade2003@yahoo.com,0748116609,0748116608,,,SWING TRADE,mures,1
2160,mures,SYLEVY CLEANING SRL,MURES,Targu Mures,Ilyes Szilard Levente,office@sylevycleaning.ro,,0723100021,0799858892,,,SYLEVY CLEANING,mures,1
2161,suplimentar,SYLVANIA SRL,MURES,Sovata,,sylvania@szovata.ro,,0744644011,,68315,,SYLVANIA,suplimentar,1
2162,mures,SYSTEM AUTOLOGISTIC SRL,MURES,Targu Mures,Zsoldos Szabolcs,,,,0756055020,,,SYSTEM AUTOLOGISTIC,mures,1
2163,suplimentar,SYSTEMA CERTIFICARI SRL,MURES,Targu Mures,,office@systemaglobal.ro,hr@systemaglobal.ro,0749209216,0728994089,2020411,,SYSTEMA CERTIFICARI,suplimentar,1
2164,suplimentar,SZABO CONSULTING SRL,MURES,Targu Mures,,,,,,195985,,SZABO CONSULTING,suplimentar,1
2165,suplimentar,SZOLVEGY VEGYIPARI SRL,MURES,Targu Mures,,office@szolvegy.ro,matefy.csaba@szolvegy.ro,0756115443,0744365958,3064665,,SZOLVEGY VEGYIPARI,suplimentar,1
2166,mures,TALENT STORE SRL,MURES,Targu Mures,Fusu Calin,,,,0742656922,,,TALENT STORE,mures,1
2167,suplimentar,TANKSPED SRL,MURES,Livezeni,,office@tanksped.com,,0752077329,,3203656,,TANKSPED,suplimentar,1
2168,suplimentar,TBS AVIATION SRL,MURES,Sighisoara,,contabilitate@tbsaviation.ro,office@tbsaviation.ro,,,1325938,,TBS AVIATION,suplimentar,1
2169,mures,TECTONA SRL,MURES,Targu Mures,Nagy Zsombor,comercial@tectona.ro,contabilitatetectona@yahoo.com,0723218066,0723214711,,,TECTONA,mures,1
2170,mures,TEKAROM SRL,MURES,Targu Mures,Sulea Calin Marius,comenzi@tekarom.com,,0786473478,0751509884,,,TEKAROM,mures,1
2171,mures,TELETEC SRL,MURES,Reghin,Marian Calin Vasile,office@teletec.ro,reghinteletec@yahoo.com,0749559001,0745318922,,,TELETEC,mures,1
2172,suplimentar,TELOG SRL,MURES,Curteni,,,,0728190056,,1449468,,TELOG,suplimentar,1
2173,suplimentar,TEMAS MURES RO SRL,MURES,Cristesti,,,,,0731306834,3454150,,TEMAS MURES RO,suplimentar,1
2174,suplimentar,TERMICA STEEL SRL,MURES,Sancraiu De Mures,,office@termicasteel.ro,,0755425213,0722171113,1900306,,TERMICA STEEL,suplimentar,1
2175,suplimentar,TETRONIC SRL,MURES,Sangeorgiu De Mures,,office@tetronic.ro,tetronic@tetronic.ro,0740227155,0740190125,510212,,TETRONIC,suplimentar,1
2176,suplimentar,TEX OIL SRL,MURES,Gurghiu,,benzinaria.texoil@gmail.com,texoil@jacontex.ro,0742141646,0742141647,1739116,,TEX OIL,suplimentar,1
2177,suplimentar,TEXTILA MURES SCM,MURES,Targu Mures,,textilamures@gmail.com,,0744763160,0740365120,293815,,TEXTILA MURES SCM,suplimentar,1
2178,mures,TEXTOR SA,MURES,Targu Mures,Nutzel Gunter Alfon,textor@textor-textiles.ro,,0725403371,,,,TEXTOR,mures,1
2179,mures,TEXTURA RO SRL,MURES,Targu Mures,Blanaru Senie,george.paunoiu@textura.hu,,0785243360,0762202785,,,TEXTURA RO,mures,1
2180,mures,THE GREATEST TOURS SRL,MURES,Targu Mures,Nagy Szendike,,,,,,,THE GREATEST TOURS,mures,1
2181,mures,THEREZIA PRODCOM SRL,MURES,Panet,Bartha Marton,calitate@therezia.ro,laborator@therezia.ro,,,,,THEREZIA PRODCOM,mures,1
2182,mures,THREE PHARM SRL,MURES,Targu Mures,Ugran Claudiu,secretariat@threepharm.ro,achizitii@threepharm.ro,0723564464,,,,THREE PHARM,mures,1
2183,mures,TIBERIU GLAS SRL,MURES,Sancraiu De Mures,Paizs Tibor,tiberiuglas@yahoo.com,,0755082965,0744605132,,,TIBERIU GLAS,mures,1
2184,mures,TIBPET SRL,MURES,Targu Mures,Petris Tiberiu Ioan,office@tibpet.ro,,0744505272,0728135412,,,TIBPET,mures,1
2185,suplimentar,TIGER SECURITY SRL,MURES,Cristesti,,tigermures007@yahoo.com,,0728002082,0728002081,1390649,,TIGER SECURITY,suplimentar,1
2186,mures,TIM CRIS SRL,MURES,Ludus,Timbus Ioan,soimita_2008@yahoo.com,,0744619045,,,,TIM CRIS,mures,1
2187,mures,TIM KO BRUT SRL,MURES,Targu Mures,Kocsis Lajos,timko.office@yahoo.com,,0756128306,0756128310,,,TIM KO BRUT,mures,1
2188,suplimentar,TIMBERSTAR SRL,MURES,Sangeorgiu De Mures,,office@timberstar-medical.ro,vanzari@timberstar-medical.ro,0727795952,0726263223,1596788,,TIMBERSTAR,suplimentar,1
2189,mures,TISZA GAME SRL,MURES,Targu Mures,Hajdu Bambo Csaba,tisza_game@yahoo.com,,0754708019,0740069553,,,TISZA GAME,mures,1
2190,mures,TMF SRL,MURES,Targu Mures,Anzalone Massimo,job@progesaitalia.com,manzalone@progesaitalia.com,0772086005,,,,TMF,mures,1
2191,suplimentar,TMGIP SA,MURES,Targu Mures,,tmgipsa@gmail.com,,0731336567,,195883,,TMGIP,suplimentar,1
2192,suplimentar,TOLPROD GROUP 2004 SRL,MURES,Iclandu Mare,,office@casadevismures.ro,tolprod.porta@yahoo.com,0751331555,0745427663,1795124,,TOLPROD GROUP 2004,suplimentar,1
2193,mures,TOMEK CARPET COMPANY SRL,MURES,Targu Mures,Ilyas Ahmet,tomekcarpet@yahoo.com,,0748456964,0744661112,,,TOMEK CARPET COMPANY,mures,1
2194,mures,TOP ELECTRO SRL,MURES,Sangeorgiu De Mures,Jens Weingartner,topel@topelectro.ro,,0745641147,,,,TOP ELECTRO,mures,1
2195,mures,TOP GAZ SRL,MURES,Targu Mures,Ricean Puiu Valentin Milut,topgaz.mures@yahoo.com,,0746262619,0746262615,,,TOP GAZ,mures,1
2196,suplimentar,TOP SMART INVEST SRL,MURES,Tofalau,,office@delgreen.ro,davidpasztor94@gmail.com,0726684006,0740928113,3064668,,TOP SMART INVEST,suplimentar,1
2197,mures,TOP TRADING SRL,MURES,Targu Mures,Gomotirceanu Dorin,office@ambulantalcd.ro,office@topmed.ro,0728184183,,,,TOP TRADING,mures,1
2198,suplimentar,TOPMED INVEST LOGISTIC SRL,MURES,Targu Mures,,,,0723565962,,3350578,,TOPMED INVEST LOGISTIC,suplimentar,1
2199,mures,TOPMED SRL,MURES,Targu Mures,Gomotirceanu Adriana Maria,office@topmed.ro,sighisoara@topmed.ro,0737998699,0735214457,,,TOPMED,mures,1
2200,mures,TOPMOTIVE SRL,MURES,Targu Mures,Huza Ioana Maria,info@topmotive.eu,office_romania@topmotive.eu,0752104114,0723305323,,,TOPMOTIVE,mures,1
2201,mures,TORDAI HAIR COSMETICS SRL,MURES,Targu Mures,Tordai Istvan,office@kallos.ro,tordai@tordai.ro,0744174857,0735206299,,,TORDAI HAIR COSMETICS,mures,1
2202,suplimentar,TORDAI IMPEX SRL,MURES,Targu Mures,,tordai.impex@gmail.com,,0744644026,,68386,,TORDAI IMPEX,suplimentar,1
2203,suplimentar,TOTAL AGC PETRO GAS SRL,MURES,Targu Mures,,totalfleisch@gmail.com,,0727226020,0744614572,1712991,,TOTAL AGC PETRO GAS,suplimentar,1
2204,mures,TOTAL PETRO GAS CONSTRUCT SRL,MURES,Targu Mures,Gherendi Augustin Calin,,,,,,,TOTAL PETRO GAS CONSTRUCT,mures,1
2205,suplimentar,TOTAL SPORT DISTRIBUTION SRL,MURES,Targu Mures,,office@expert-sport.ro,comenzi@plase-protectie.ro,0756064333,,1842036,,TOTAL SPORT DISTRIBUTION,suplimentar,1
2206,mures,TOTH COMEL IMPEX SRL,MURES,Targu Mures,Toth Zsigmond Csaba,tothcomel92@gmail.com,,0788476305,0746131315,,,TOTH COMEL IMPEX,mures,1
2207,mures,TOTH PEK SRL,MURES,Galesti,Toth Peter,sctothpeksrl@gmail.com,katalin.tothpek@gmail.com,0740421973,0741252617,,,TOTH PEK,mures,1
2208,mures,TOTHCAR COMPANY IMPEX SRL,MURES,Corunca,Toth Mirela Simona,,,0740577810,,,,TOTHCAR COMPANY IMPEX,mures,1
2209,suplimentar,TOTIM COM SRL,MURES,Albesti,,office@shopgermania.ro,totimcomsrl@yahoo.com,0745780898,0744160669,1665217,,TOTIM COM,suplimentar,1
2210,suplimentar,TRACOS SRL,MURES,Nazna,,contact@tracos-agregate.ro,,0756196629,0744420782,59651,,TRACOS,suplimentar,1
2211,suplimentar,TRADITII DIN NATURA SRL,MURES,Idicel Padure,,alin@razvanidicel.ro,,0740057998,,1960848,,TRADITII DIN NATURA,suplimentar,1
2212,suplimentar,TRAFIC TURBO TUR SRL,MURES,Sovata,,lkalapacs@yahoo.com,,0745548913,0744397742,425148,,TRAFIC TURBO TUR,suplimentar,1
2213,mures,TRANS AGROOVINEX SRL,MURES,Cerghid,Iancu Florin Lucian,agroovinex@gmail.com,,0740189429,,,,TRANS AGROOVINEX,mures,1
2214,suplimentar,TRANS COM HE SRL,MURES,Nazna,,transcomhe@yahoo.com,,,0744477327,331927,,TRANS COM HE,suplimentar,1
2215,suplimentar,TRANS PAUSER SRL,MURES,Cristesti,,,,0754531014,0731245993,1911796,,TRANS PAUSER,suplimentar,1
2216,mures,TRANS TECHNIK SRL,MURES,Targu Mures,Szocs Jozsef Attila,contact@trans-technik.ro,,0771707880,0752708788,,,TRANS TECHNIK,mures,1
2217,mures,TRANSFABI LOG SRL,MURES,Targu Mures,Fabian Codrutu Dumitrache,office@transfabilog.ro,transfabilog@yahoo.com,0745817638,0742011625,,,TRANSFABI LOG,mures,1
2218,mures,TRANSFOR SRL,MURES,Targu Mures,Calcan Daniela,transfor2007@yahoo.com,saracriscompany@yahoo.com,0760733364,,,,TRANSFOR,mures,1
2219,suplimentar,TRANSILVANIA BETON SRL,MURES,Cristesti,,multibettransilvania@gmail.com,,0751557052,0724076394,3560897,,TRANSILVANIA BETON,suplimentar,1
2220,mures,TRANSPORT LOCAL SA,MURES,Targu Mures,Csiki Zsolt,juridic@transportlocal.ro,achizitii@transportlocal.ro,0771383952,0771383946,,,TRANSPORT LOCAL,mures,1
2221,suplimentar,TRAVEL SRL,MURES,Ghindari,,idacsont@gmail.com,,0766052988,0742013035,1630671,,TRAVEL,suplimentar,1
2222,mures,TRAVESIA SRL,MURES,Nazna,Mancuso Antonino,comenzi@travesia.ro,office@travesia.ro,0733685547,0733685548,,,TRAVESIA,mures,1
2223,mures,TRIPLAST SRL,MURES,Targu Mures,Fiko Istvan,shop@triplast.ro,office@triplast.ro,0742147770,0742147707,,,TRIPLAST,mures,1
2224,suplimentar,TUBER TRANSILVANIA SRL,MURES,Cristesti,,,,,,2098272,,TUBER TRANSILVANIA,suplimentar,1
2225,suplimentar,TUBSYSTEM SRL,MURES,Reghin,,tubsystem@gmail.com,,0722517588,,53064,,TUBSYSTEM,suplimentar,1
2226,suplimentar,TUIA SRL,MURES,Sanisor,,,,0770877301,0742761145,1704822,,TUIA,suplimentar,1
2227,suplimentar,TURBOCAM ENHANCED SURFACES SRL,MURES,Acatari,,,,,0744618080,1887431,,TURBOCAM ENHANCED SURFACES,suplimentar,1
2228,mures,TURBOCAM ROMANIA SRL,MURES,Santana De Mures,Szasz Ferenc,ferenc.szasz@turbocam.com,,0752964765,,,,TURBOCAM ROMANIA,mures,1
2229,suplimentar,TUTTO ABC SRL,MURES,Sighisoara,,,,0751158355,0726341031,36011,,TUTTO ABC,suplimentar,1
2230,mures,TUTU TRANS SRL,MURES,Voiniceni,Moldovan Petru,,,0751276132,0745307035,,,TUTU TRANS,mures,1
2231,suplimentar,TWINSERV SRL,MURES,Sighisoara,,office.twinserv@gmail.com,,0744707804,0741076999,1302330,,TWINSERV,suplimentar,1
2232,suplimentar,ULTRAJET SRL,MURES,Raciu,,office@ultrajet.ro,,0743143333,0726666610,1818450,,ULTRAJET,suplimentar,1
2233,suplimentar,UNI YTECH ELECTRO MONTAJ SRL,MURES,Petelea,,office@uniytechelectromontaj.ro,uniytechelectromontaj@yahoo.com,0735813268,,1908652,,UNI YTECH ELECTRO MONTAJ,suplimentar,1
2234,suplimentar,UNIPREST IMOBILIARE SRL,MURES,Targu Mures,,,,,,3172686,,UNIPREST IMOBILIARE,suplimentar,1
2235,mures,UNIPREST INSTAL SRL,MURES,Targu Mures,Peter Eniko,sediu@uniprest.ro,tgmures@uniprest.ro,0734730476,0734730468,,,UNIPREST INSTAL,mures,1
2236,suplimentar,VADAMIS COM SRL,MURES,Raciu,,office@vadamis.ro,,0744489627,0771641694,425507,,VADAMIS COM,suplimentar,1
2237,suplimentar,VALEA IZVOARELOR SENIOR LIVING SRL,MURES,Targu Mures,,,,0743390655,,3892847,,VALEA IZVOARELOR SENIOR LIVING,suplimentar,1
2238,suplimentar,VALENTIN ELECTRO SRL,MURES,Reghin,,electrovel@yahoo.com,,0749091706,0744223164,90551,,VALENTIN ELECTRO,suplimentar,1
2239,mures,VALENTINO DISTRIBUTION SRL,MURES,Targu Mures,Hota Stelian,comenzi@flormar.ro,office@vlt.ro,0720536665,0722646455,,,VALENTINO DISTRIBUTION,mures,1
2240,suplimentar,VALOR SMARTWASH SRL,MURES,Sancraiu De Mures,,office@smartwash.ro,,0742042039,0745540015,1936630,,VALOR SMARTWASH,suplimentar,1
2241,mures,VALPADICOM SRL,MURES,Valea Larga,Padurean Gabriela Daniela,valpadicom@yahoo.com,,0722543171,0769698338,,,VALPADICOM,mures,1
2242,suplimentar,VALPET SA,MURES,Targu Mures,,office@valpet.ro,,,,27224,,VALPET,suplimentar,1
2243,mures,VANIA PRODCOM SRL,MURES,Reghin,Toncean Nelu,vaniaprodcom@yahoo.com,,,,,,VANIA PRODCOM,mures,1
2244,mures,VARROC ROMANIA SA,MURES,Targu Mures,Cocian Tudor Bogdan,info@electromures.eu,,,,,,VARROC ROMANIA,mures,1
2245,suplimentar,VASSPETROL TANKER SRL,MURES,Ghindari,,vasspetrol@gmail.com,,0758551319,,3726733,,VASSPETROL TANKER,suplimentar,1
2246,mures,VBH ROMCOM SRL,MURES,Ungheni,Circiumaru Marian Cristian,comenzi@vbh.ro,,0757048590,0755129660,,,VBH ROMCOM,mures,1
2247,mures,VECTOR CONSULT SERVICES SRL,MURES,Ungheni,Vass Bela,office@vectorconsult.ro,zsolt.lazar@vectorconsult.ro,0799778008,0720040173,,,VECTOR CONSULT SERVICES,mures,1
2248,mures,VELTADOORS SA,MURES,Petelea,Szitas Stefan,contact@usiworkshop.ro,dudea.l@usiworkshop.ro,,,,,VELTADOORS,mures,1
2249,mures,VELTOL HOLDING SRL,MURES,Targu Mures,Toth Levente Csaba,office@veltol.com,veltolholding@gmail.com,0738837231,0736307370,,,VELTOL HOLDING,mures,1
2250,mures,VERDI INDUSTRIAL CONSTRUCT SRL,MURES,Sancraiu De Mures,Zold Istvan,office@verdiconstruct.ro,,0722561700,,,,VERDI INDUSTRIAL CONSTRUCT,mures,1
2251,suplimentar,VERDINVEST SRL,MURES,Targu Mures,,office@verdinvest.ro,verdinvest2000@yahoo.de,0744192979,0729106706,18482,,VERDINVEST,suplimentar,1
2252,mures,VERTIQUAL ENGINEERING SRL,MURES,Corunca,Szasz Roland Andreas,office@vertiqualsafety.com,,0726294033,0722594993,,,VERTIQUAL ENGINEERING,mures,1
2253,suplimentar,VETA SRL,MURES,Targu Mures,,mail@vetasrl.ro,,0788481753,,1207760,,VETA,suplimentar,1
2254,suplimentar,VIA OIL PETROLEUM SRL,MURES,Cristesti,,motelviatgm@gmail.com,complexvia@yahoo.com,0720530585,0720529606,154170,,VIA OIL PETROLEUM,suplimentar,1
2255,suplimentar,VICTROMAX SRL,MURES,Sovata,,juditrichard@yahoo.com,,0744477318,,154624,,VICTROMAX,suplimentar,1
2256,mures,VIESSMANN TRANSILVANIA SRL,MURES,Targu Mures,Bodo Attila,g.fulop@viessmann-modell.com,,0741784346,0747507074,,,VIESSMANN TRANSILVANIA,mures,1
2257,mures,VIM SPECTRUM SRL,MURES,Corunca,Menyhart Csaba,vim@vimspectrum.ro,,0744790167,0745517095,,,VIM SPECTRUM,mures,1
2258,suplimentar,VIOMOB IMPEX SRL,MURES,Targu Mures,,viomob_impex@yahoo.com,,0742996964,,331359,,VIOMOB IMPEX,suplimentar,1
2259,suplimentar,VIRTUAL REALITY ZONE SRL,MURES,Targu Mures,,,,0751177792,,3469405,,VIRTUAL REALITY ZONE,suplimentar,1
2260,suplimentar,VITAFARM SRL,MURES,Ludus,,vita_farm@yahoo.com,,0746081046,0745772739,53106,,VITAFARM,suplimentar,1
2261,mures,VITAFOAM ROMANIA SRL,MURES,Ludus,Vanghele Sorin,officeludus@thevitagroup.com,,0741118804,,,,VITAFOAM ROMANIA,mures,1
2262,mures,VITAL LOGISTIC SRL,MURES,Targu Mures,Elekes Darabont Istvan,info@vital-logistic.ro,contact@vital-logistic.ro,0737514817,0770361109,,,VITAL LOGISTIC,mures,1
2263,suplimentar,VIVA COM SRL,MURES,Targu Mures,,office@vivamures.ro,,0745075068,0725917532,195764,,VIVA COM,suplimentar,1
2264,mures,VLADADEL SRL,MURES,Targu Mures,Craciun Adela Liliana,service@drwheel.ro,secretariat@drwheel.ro,0757511650,0757035347,,,VLADADEL,mures,1
2265,mures,VLADALEX IMPEX SRL,MURES,Targu Mures,Dogar Dorin Ovidiu,office@vladalex-romania.ro,vladalex.romania@gmail.com,,,,,VLADALEX IMPEX,mures,1
2266,suplimentar,VLAXIFIT SRL,MURES,Targu Mures,,,,,,3264332,,VLAXIFIT,suplimentar,1
2267,mures,VOIAJOR SRL,MURES,Targu Mures,Vlas Florin,reservation@hotel-business.ro,reservation@plazahotel.ro,0730005500,0722344070,,,VOIAJOR,mures,1
2268,suplimentar,VOLSCENS PRODIMPEX SRL,MURES,Reghin,,morenisada@yahoo.com,,0745181728,0770601661,35758,,VOLSCENS PRODIMPEX,suplimentar,1
2269,mures,WASTE POWERTECH SRL,MURES,Ungheni,Szakacs Julianna,office@wpowertech.ro,,0751624810,,,,WASTE POWERTECH,mures,1
2270,mures,WEBBEDS SERVICES SRL,MURES,Targu Mures,Szombathy Adrienne,hrromania@webbeds.com,,0744302213,,,,WEBBEDS SERVICES,mures,1
2271,suplimentar,WEICON ROMANIA SRL,MURES,Budiu Mic,,office@weicon.com,i.bordei@weicon.com,0730960529,0723534456,1882324,,WEICON ROMANIA,suplimentar,1
2272,suplimentar,WELDMASTER SRL,MURES,Targu Mures,,office@weldmaster.ro,webrunnersrl@gmail.com,0744387111,,3226261,,WELDMASTER,suplimentar,1
2273,mures,WESSLING ROMANIA SRL,MURES,Targu Mures,Pop Ioan,office@wessling.ro,,0742076424,,,,WESSLING ROMANIA,mures,1
2274,mures,WESTFLEISCH ROMANIA SRL,MURES,Tarnaveni,Benchea Alexandru Vasile,eva.norocel@westfleisch.ro,,0741058181,0745208595,,,WESTFLEISCH ROMANIA,mures,1
2275,mures,WETRALOG ROMANIA SRL,MURES,Tarnaveni,Biris Anamaria Teodora,radu.schiopu@wetralog.ro,ani.bacalu@wetralog.ro,,,,,WETRALOG ROMANIA,mures,1
2276,suplimentar,WIJNEN SRL,MURES,Breaza,,,,,0758864940,2037676,,WIJNEN,suplimentar,1
2277,suplimentar,WSH TECHNOLOGY SRL,MURES,Ungheni,,office@wshtechnology.ro,premaco@gmail.com,,0730711922,3508435,,WSH TECHNOLOGY,suplimentar,1
2278,mures,XEDEX TRADE SRL,MURES,Targu Mures,Frincean Camelia,secretariat.armatei@xedex.ro,,0770849983,0752197979,,,XEDEX TRADE,mures,1
2279,suplimentar,XENIA INFO SRL,MURES,Ludus,,xeniainfosrl@yahoo.com,xenia.infosrl@yahoo.com,0771260815,0756624076,818348,,XENIA INFO,suplimentar,1
2280,suplimentar,XTINA M & C SRL,MURES,Targu Mures,,,,,,3751067,,XTINA M C,suplimentar,1
2281,mures,YAS BEAUTY COSMETICS SRL,MURES,Cristesti,Suciu Carmina Anca,contact@yasbeauty.ro,,0750641690,0754267586,,,YAS BEAUTY COSMETICS,mures,1
2282,suplimentar,ZAPPA ELECTRIC SRL,MURES,Sancraiu De Mures,,zappaelectric@yahoo.com,,0744750110,0744169367,1419139,,ZAPPA ELECTRIC,suplimentar,1
2283,mures,ZASS ROMANIA SRL,MURES,Ungheni,Toader Ion,sales@zass.ro,office@zass.ro,0729500431,0726511931,,,ZASS ROMANIA,mures,1
2284,suplimentar,ZIMEX SRL,MURES,Sangeorgiu De Mures,,contact@zimag.ro,,0747504723,0740182900,68289,,ZIMEX,suplimentar,1
2285,suplimentar,ZOLVAS SRL,MURES,Orsova,,crinazoltan@yahoo.com,,0745804645,0741921453,1280735,,ZOLVAS,suplimentar,1
2286,mures,ZOOM CADISS SRL,MURES,Targu Mures,Manoila Ana Maria,contact@zoomcadiss.ro,,,,,,ZOOM CADISS,mures,1
2287,mures,ZSOFIA SRL,MURES,Reghin,Biro Attila,sczsofia@yahoo.com,,0740216556,,,,ZSOFIA,mures,1
2288,ADRESE_2000,ADF PROD SRL,NEAMT,Piatra Neamt,Luca Dumitru,,,,,,STR. DIMITRIE LEONIDA NR.113 C,ADF PROD,ADRESE_2000,1
2289,ADRESE_2000,ADRIDAN SRL,NEAMT,Piatra Neamt,Mihut Gheorghe,,,,,,"STR. MIHAI VITEAZU NR.64, BL. SC.",ADRIDAN,ADRESE_2000,1
2290,ADRESE_2000,ALMOS AGROROM SRL,NEAMT,Secuieni,Mosel Alfons Hermann,,,,,,,ALMOS AGROROM,ADRESE_2000,1
2291,ADRESE_2000,ALTEX LOGISTIC & DISTRIBUTION SRL,NEAMT,Piatra Neamt,Craciun Dan Ion,,,,,,STR. OLTENIEI NR.22,ALTEX LOGISTIC DISTRIBUTION,ADRESE_2000,1
2292,ADRESE_2000,AMCOR FLEXIBLES PIATRA NEAMT SRL,NEAMT,Savinesti,Tofan Gabriel,,,,,,"STR. CHIMIEI, NR.1, BL. SC.",AMCOR FLEXIBLES PIATRA NEAMT,ADRESE_2000,1
2293,ADRESE_2000,ARCELORMITTAL TUBULAR PRODUCTS ROMAN SA,NEAMT,Roman,Mihaila Geanina,,,,,,"STR. STEFAN CEL MARE, BL.15 SC.A",ARCELORMITTAL TUBULAR PRODUCTS ROMAN,ADRESE_2000,1
2294,ADRESE_2000,AUGSBURG SRL,NEAMT,Piatra Neamt,Matasa Lucia,,,,,,STR. PETRU MOVILA NR.40,AUGSBURG,ADRESE_2000,1
2295,ADRESE_2000,AUTONOM SERVICES SA,NEAMT,Piatra Neamt,Iacob Dan,,,,,,STR. FERMELOR NR.4,AUTONOM SERVICES,ADRESE_2000,1
2296,ADRESE_2000,BANESTO SRL,NEAMT,Piatra Neamt,Balaiasa Daniel,,,,,,"STR. PRIVIGHETORII NR.16, BL.B11 SC.",BANESTO,ADRESE_2000,1
2297,ADRESE_2000,BICO INDUSTRIES SA,NEAMT,Piatra Neamt,Bindea Ioan Adrian,,,,,,STR. PETRU MOVILA NR.31,BICO INDUSTRIES,ADRESE_2000,1
2298,ADRESE_2000,BRILIANT SRL,NEAMT,Roman,Cimpoesu Lucian Liviu,,,,,,"BDUL. REPUBLICII, NR.83B",BRILIANT,ADRESE_2000,1
2299,ADRESE_2000,CERSANIT ROMANIA SA,NEAMT,Roman,Piotrowski Piotr Wojciech,,,,,,ALEEA PLOPILOR NR.10,CERSANIT ROMANIA,ADRESE_2000,1
2300,ADRESE_2000,CIBIBON SRL,NEAMT,Piatra Neamt,Mancas Vasile,,,,,,STR. GENERAL DASCALESCU NR.254,CIBIBON,ADRESE_2000,1
2301,ADRESE_2000,COMES SA,NEAMT,Savinesti,Vasiliu Ioan,,,,,,STR. GHEORGHE CARANFIL NR.3,COMES,ADRESE_2000,1
2302,ADRESE_2000,COMPANIA JUDETEANA APA SERV SA,NEAMT,Piatra Neamt,Dominte Mihai,,,,,,"STR. LT. DRAGHIESCU, NR.20",COMPANIA JUDETEANA APA SERV,ADRESE_2000,1
2303,ADRESE_2000,CUIUL SRL,NEAMT,Targu Neamt,Cojocariu Paul,,,,,,"STR. ION CREANGA, NR.111A",CUIUL,ADRESE_2000,1
2304,ADRESE_2000,DANLIN XXL SRL,NEAMT,Horia,Amuraritei Dan,,,,,,NR.,DANLIN XXL,ADRESE_2000,1
2305,ADRESE_2000,DINAMIC 92 DISTRIBUTION SRL,NEAMT,Piatra Neamt,Tofan Viorel,,,,,,BDUL. GENERAL NICOLAE DASCALESCU NR.12 A,DINAMIC 92 DISTRIBUTION,ADRESE_2000,1
2306,ADRESE_2000,DOLINEX SRL,NEAMT,Piatra Neamt,Capitanu Dorin Nicolae,,,,,,"STR. DIMITRIE LEONIDA NR.35, BL.D7 SC.B",DOLINEX,ADRESE_2000,1
2307,ADRESE_2000,ETURIA SRL,NEAMT,Piatra Neamt,,,,,,,STR. 1 DECEMBRIE 1918 NR.60,ETURIA,ADRESE_2000,1
2308,ADRESE_2000,FARMACIA ARDEALUL SRL,NEAMT,Piatra Neamt,Echim George Mihail,,,,,,"STR. TITU MAIORESCU NR.10, BL.F36 SC.",FARMACIA ARDEALUL,ADRESE_2000,1
2309,ADRESE_2000,G & T TRANS SRL,NEAMT,Horia,Nour Constantin,,,,,,STR. CAMPULUI NR.70,G T TRANS,ADRESE_2000,1
2310,ADRESE_2000,JIFFY PACKAGING SA,NEAMT,Piatra Neamt,Gavriliu Petru Dan,,,,,,"STR. DUMBRAVEI, NR.10D",JIFFY PACKAGING,ADRESE_2000,1
2311,ADRESE_2000,KOBER SRL,NEAMT,Dumbrava Rosie,Kober Aurel Vasile,,,,,,STR. GHEORGHE CARANFIL NR.2,KOBER,ADRESE_2000,1
2312,ADRESE_2000,LANDSTAR CAPITAL SRL,NEAMT,Piatra Neamt,Nemerenco Anatolie,,,,,,"BDUL. TRAIAN NR.76, BL.H1 SC.B",LANDSTAR CAPITAL,ADRESE_2000,1
2313,ADRESE_2000,LOGITRANS SRL,NEAMT,Dumbrava Rosie,Costache Andreea Cristiana,,,,,,STR. PLANTELOR NR.6 A,LOGITRANS,ADRESE_2000,1
2314,ADRESE_2000,MARALEX COM SRL,NEAMT,Piatra Neamt,Tomuleasa Marius,,,,,,STR. MIHAI VITEAZUL NR.72,MARALEX COM,ADRESE_2000,1
2315,ADRESE_2000,MARSAT SA,NEAMT,Roman,Tarata Andreea,,,,,,"STR. STEFAN CEL MARE , NR.268",MARSAT,ADRESE_2000,1
2316,ADRESE_2000,MEDASIMPEX SRL,NEAMT,Dumbrava Rosie,Drelciuc Eliade Daniel,,,,,,STR. DUMBRAVEI NR.182,MEDASIMPEX,ADRESE_2000,1
2317,ADRESE_2000,MERLINS BEVERAGES SRL,NEAMT,Piatra Neamt,Melcovich Alexandru,,,,,,STR. IZVOARE NR.58,MERLINS BEVERAGES,ADRESE_2000,1
2318,ADRESE_2000,MITHRAS BUILD SRL,NEAMT,Cordun,Iamandii Mirel Constantin,,,,,,STR. LALELELOR NR.2,MITHRAS BUILD,ADRESE_2000,1
2319,ADRESE_2000,MOLDOCOR SA,NEAMT,Piatra Neamt,Batranu Mihai,,,,,,"BDUL. DECEBAL, NR.73",MOLDOCOR,ADRESE_2000,1
2320,ADRESE_2000,ODLO ROMANIA SRL,NEAMT,Roman,Mulvie Daniel Richard,,,,,,STR. CHIMIEI NR.F.N.,ODLO ROMANIA,ADRESE_2000,1
2321,ADRESE_2000,ONLINESHOP SRL,NEAMT,Piatra Neamt,Ionascu Strungariu Silviu,,,,,,STR. OLTENIEI NR.26A,ONLINESHOP,ADRESE_2000,1
2322,ADRESE_2000,PETROUZINEX SRL,NEAMT,Piatra Neamt,Agavriloae Dorin,,,,,,BDUL. G-RAL NICOLAE DASCALESCU NR.261,PETROUZINEX,ADRESE_2000,1
2323,ADRESE_2000,RIFIL SA,NEAMT,Savinesti,Falco Olmo,,,,,,"STR. GHEORGHE CARANFIL , NR.1",RIFIL,ADRESE_2000,1
2324,ADRESE_2000,ROMANEL TIMBER SRL,NEAMT,Tarcau,Balint Vasile Sorin,,,,,,NR.233,ROMANEL TIMBER,ADRESE_2000,1
2325,ADRESE_2000,SIMIAL SRL,NEAMT,Roman,Berianu Mihai,,,,,,STR. BOGDAN DRAGOS NR.292,SIMIAL,ADRESE_2000,1
2326,ADRESE_2000,SUINPROD SA,NEAMT,Roman,Antoci Ioan,,,,,,STR. STEFAN CEL MARE NR.336,SUINPROD,ADRESE_2000,1
2327,ADRESE_2000,TERMOPLAST SRL,NEAMT,Roman,Neculai Catalin,,,,,,ALEEA PLOPILOR NR.1,TERMOPLAST,ADRESE_2000,1
2328,ADRESE_2000,TRUST EURO THERM SRL,NEAMT,Garcina,Anicai Gabriel Mihai,,,,,,"DN. PIATRA NEAMT-ROMAN NR.KM 2, BL. SC.",TRUST EURO THERM,ADRESE_2000,1
2329,ADRESE_2000,TRW AIRBAG SYSTEMS SRL,NEAMT,Roman,Gheorghita Vlad Andrei,,,,,,"STR. STEFAN CEL MARE, NR.258",TRW AIRBAG SYSTEMS,ADRESE_2000,1
2330,ADRESE_2000,ULTRA TOTAL INVEST SRL,NEAMT,Roman,Ioan Ciprian,,,,,,,ULTRA TOTAL INVEST,ADRESE_2000,1
2331,grecia,USEDFUL EUROPE SRL,NEAMT,Piatra Neamt,Stathis Ioannis,,,,,36170440,"STR. NORDULUI, NR. 11",USEDFUL EUROPE,grecia,1
2332,ADRESE_2000,VOLTA GRUP SRL,NEAMT,Piatra Neamt,Velescu Catalin Vasile,,,,,,STR. PLAIESULUI NR.13,VOLTA GRUP,ADRESE_2000,1
2333,ADRESE_2000,VOLTA X SOLAR SYSTEMS SRL,NEAMT,Piatra Neamt,Velescu Catalin Vasile,,,,,,STR. PLAIESULUI NR.13,VOLTA X SOLAR SYSTEMS,ADRESE_2000,1
2334,ADRESE_2000,YARNEA SRL,NEAMT,Savinesti,Strambu Capitanu Ana Clarisa,,,,,,"STR. GHEORGHE CARANFIL NR.5, BL. SC.",YARNEA,ADRESE_2000,1
2335,ADRESE_2000,ZOOSAB SRL,NEAMT,Sabaoani,Iacob Veronica,,,,,,DE 85 NR.KM 341,ZOOSAB,ADRESE_2000,1
2336,grecia,ASTERI IMPEX SRL,PRAHOVA,Tomsani,Theocharis Nikolaos,,,,,13688380,STR. DN 1D,ASTERI IMPEX,grecia,1
2337,grecia,MINCO IMPEX SRL,PRAHOVA,Albesti Muru,Theocharis Nikolaos,mincoimpex@yahoo.com,,,,252160,,MINCO IMPEX,grecia,1
2338,grecia,THRACE GREINER PACKAGING SRL,SIBIU,Selimbar,Cojocariu Steluta Alina,office@thracegreiner.ro,vanzari@thracegreiner.ro,,,2381690,"STR. GARII, NR. 15",THRACE GREINER PACKAGING,grecia,1
2339,grecia,TRANS NEF SRL,SIBIU,Medias,Popa Daniela,office@transnef.ro,,,,17022460,"STR. IULIU MANIU, NR. 2A",TRANS NEF,grecia,1
2340,ADRESE_2000,ACET SA,SUCEAVA,Suceava,Groza Stefan,,,,,,STR. MIHAI EMINESCU NR.5,ACET,ADRESE_2000,1
2341,ADRESE_2000,AGROLINEVOL SRL,SUCEAVA,Volovat,Pitu George,,,,,,NR.1467,AGROLINEVOL,ADRESE_2000,1
2342,ADRESE_2000,ALBERTEMMA SRL,SUCEAVA,Paltinoasa,Wendling Adela Olga,,,,,,NR.625,ALBERTEMMA,ADRESE_2000,1
2343,ADRESE_2000,ALBERTINO STAR SRL,SUCEAVA,Scheia,Andronic Gheorghe Adrian,,,,,,STR. HUMORULUI NR.81,ALBERTINO STAR,ADRESE_2000,1
2344,ADRESE_2000,ALEXIANA GROUP SRL,SUCEAVA,Cacica,Golimbiovschi Angel Constantin,,,,,,"STR. PRINCIPALA, BL.2 SC.",ALEXIANA GROUP,ADRESE_2000,1
2345,ADRESE_2000,ALSIM MEAT DISTRIBUTION SRL,SUCEAVA,Dumbraveni,Alexa Ovidiu,,,,,,NR.2153,ALSIM MEAT DISTRIBUTION,ADRESE_2000,1
2346,ADRESE_2000,AMBRO SA,SUCEAVA,Suceava,Barral Laurent,,,,,,"CALEA UNIRII, NR.24",AMBRO,ADRESE_2000,1
2347,ADRESE_2000,ANASPED SRL,SUCEAVA,Patrauti,Andronic Florin Marius,,,,,,NR.1174 D,ANASPED,ADRESE_2000,1
2348,ADRESE_2000,ARAISA GROUP SRL,SUCEAVA,Scheia,Horvath Cristian,,,,,,"STR. AVIATORULUI, NR.5",ARAISA GROUP,ADRESE_2000,1
2349,ADRESE_2000,ASSIST SOFTWARE SRL,SUCEAVA,Suceava,Tanase Daniel,,,,,,STR. TIPOGRAFIEI NR.1,ASSIST SOFTWARE,ADRESE_2000,1
2350,ADRESE_2000,AUTOSERVICE SRL,SUCEAVA,Radauti,Mitric Stefan Dinu,,,,,,"STR. CAMPULUI, NR.1",AUTOSERVICE,ADRESE_2000,1
2351,ADRESE_2000,BIOENERGY SUCEAVA SA,SUCEAVA,Suceava,Sorin Alexandru Buculei,,,,,,"STR. ENERGETICIANULUI, NR.1",BIOENERGY SUCEAVA,ADRESE_2000,1
2352,ADRESE_2000,BIOMEDICA SRL,SUCEAVA,Suceava,Ili Vasile Cristinel,,,,,,STR. UNIVERSITATII NR.19,BIOMEDICA,ADRESE_2000,1
2353,ADRESE_2000,CALCARUL SA,SUCEAVA,Pojorata,Troase Andrei,,,,,,STR. FURNALULUI NR.887,CALCARUL,ADRESE_2000,1
2354,ADRESE_2000,CARPATHIAN SPRINGS SA,SUCEAVA,Vatra Dornei,Valvis Jean,,,,,,STR. REPUBLICII NR.33,CARPATHIAN SPRINGS,ADRESE_2000,1
2355,ADRESE_2000,CARPATIS SRL,SUCEAVA,Suceava,Burac Ionut Aurel,,,,,,STR. MIRAUTI NR.72,CARPATIS,ADRESE_2000,1
2356,ADRESE_2000,COLOANA PRODCOM SRL,SUCEAVA,Vatra Dornei,Pruna Grigore,,,,,,STR. 22 DECEMBRIE NR.22 A,COLOANA PRODCOM,ADRESE_2000,1
2357,ADRESE_2000,CON BUCOVINA SA,SUCEAVA,Suceava,Lahman Ilie,,,,,,"CALEA UNIRII,NR.25",CON BUCOVINA,ADRESE_2000,1
2358,ADRESE_2000,DAREX AUTO SRL,SUCEAVA,Scheia,,,,,,,"STR. HUMORULUI NR.96, BL. SC.",DAREX AUTO,ADRESE_2000,1
2359,ADRESE_2000,DELTAFARM SRL,SUCEAVA,Scheia,Puha Elena,,,,,,STR. ALEEA MORII NR.12,DELTAFARM,ADRESE_2000,1
2360,ADRESE_2000,DENIS SHOES SRL,SUCEAVA,Suceava,Cornea Ana,,,,,,STR. PROMENADEI NR.6,DENIS SHOES,ADRESE_2000,1
2361,ADRESE_2000,DORNA MEDICAL SRL,SUCEAVA,Vatra Dornei,Boca Roman,,,,,,STR. MIHAI EMINESCU NR.28-30,DORNA MEDICAL,ADRESE_2000,1
2362,ADRESE_2000,ECUATOR SRL,SUCEAVA,Ipotesti,Croitor Viorica,,,,,,STR. ORIZONTULUI NR.21,ECUATOR,ADRESE_2000,1
2363,ADRESE_2000,EGGER ROMANIA SRL,SUCEAVA,Radauti,Placinta Leandru Mihael,,,,,,STR. AUSTRIEI NR.2,EGGER ROMANIA,ADRESE_2000,1
2364,ADRESE_2000,EGGER TECHNOLOGIA SRL,SUCEAVA,Radauti,Placinta Leandru Mihael,,,,,,"STR. AUSTRIEI, NR.2, BL. SC.",EGGER TECHNOLOGIA,ADRESE_2000,1
2365,ADRESE_2000,ELECTROAXA SRL,SUCEAVA,Dolhasca,Petraru Ioan,,,,,,"STR. CURATURII, NR.526",ELECTROAXA,ADRESE_2000,1
2366,ADRESE_2000,EURO EST DECORATIVE SRL,SUCEAVA,Suceava,Croitoriu Dragos Florin,,,,,,CALEA UNIRII NR.30-31,EURO EST DECORATIVE,ADRESE_2000,1
2367,ADRESE_2000,EURO TEHNIC SRL,SUCEAVA,Radauti,Luchian Constantin,,,,,,"STR. MIHAIL KOGALNICEANU NR.16, BL. SC.",EURO TEHNIC,ADRESE_2000,1
2368,ADRESE_2000,EUROSPEED SRL,SUCEAVA,Scheia,Paval Dan,,,,,,STR. HUMORULUI NR.81,EUROSPEED,ADRESE_2000,1
2369,ADRESE_2000,EXPRESS EUROSCAN SRL,SUCEAVA,Bosanci,Ailisoaie Andrei Mihai,,,,,,"NR.174, BL. SC.",EXPRESS EUROSCAN,ADRESE_2000,1
2370,ADRESE_2000,GAMAR CONSTRUCT SRL,SUCEAVA,Scheia,Berariu Constantin,,,,,,STR. HUMORULUI NR.105,GAMAR CONSTRUCT,ADRESE_2000,1
2371,ADRESE_2000,GENERAL CONSTRUCT SRL,SUCEAVA,Suceava,Nutu Vlad Gheorghe,,,,,,"STR. PROMENADEI, NR.10",GENERAL CONSTRUCT,ADRESE_2000,1
2372,ADRESE_2000,GLOBAL DESIGN SRL,SUCEAVA,Scheia,Croitoriu Marinela Lacramioara,,,,,,NR.390 A,GLOBAL DESIGN,ADRESE_2000,1
2373,ADRESE_2000,GLOBAL GRAIN LOGISTICS SRL,SUCEAVA,Suceava,Byndiu Andrii,,,,,,"BDUL. GEORGE ENESCU NR.16 H, BL. SC.",GLOBAL GRAIN LOGISTICS,ADRESE_2000,1
2374,ADRESE_2000,HARIVEX COM SRL,SUCEAVA,Scheia,Dutu Virgil,,,,,,STR. Humorului NR.101,HARIVEX COM,ADRESE_2000,1
2375,ADRESE_2000,INTER CONTI COM SRL,SUCEAVA,Suceava,Ududec Mihai,,,,,,CALEA UNIRII NR.24,INTER CONTI COM,ADRESE_2000,1
2376,ADRESE_2000,IULIUS MALL SUCEAVA SRL,SUCEAVA,Suceava,,,,,,,"CALEA UNIRII, NR.22",IULIUS MALL SUCEAVA,ADRESE_2000,1
2377,ADRESE_2000,KALMAN DISTRIBUTION SRL,SUCEAVA,Radauti,Ionescu Gabriela Sara,,,,,,"STR. MIHAI VITEAZU, NR.3 C, BL.10 A SC.A",KALMAN DISTRIBUTION,ADRESE_2000,1
2378,ADRESE_2000,KILLER SRL,SUCEAVA,Horodnic De Jos,Scheul Alexandru,,,,,,NR.2 B,KILLER,ADRESE_2000,1
2379,ADRESE_2000,LA CIMP COM SRL,SUCEAVA,Cajvana,Carcu Gheorghe,,,,,,NR.2082,LA CIMP COM,ADRESE_2000,1
2380,ADRESE_2000,LIDER SERVICII SRL,SUCEAVA,Suceava,Perju Daniel Constantin,,,,,,"STR. CUZA VODA NR.59A, BL. SC.",LIDER SERVICII,ADRESE_2000,1
2381,ADRESE_2000,LINDA ECOTIL SRL,SUCEAVA,Plopeni,Ivanescu Ovidiu,,,,,,CALEA SUCEVEI NR.278 A,LINDA ECOTIL,ADRESE_2000,1
2382,ADRESE_2000,LOIAL IMPEX SRL,SUCEAVA,Scheia,Iacob Gabriel Sorin,,,,,,STR. OBORULUI NR.75 A,LOIAL IMPEX,ADRESE_2000,1
2383,ADRESE_2000,LUMY TOOLS TRANS SRL,SUCEAVA,Bulai,Prodaniuc Luminita,,,,,,BDUL. SOFIA VICOVEANCA NR.3 A,LUMY TOOLS TRANS,ADRESE_2000,1
2384,ADRESE_2000,MAR MOB SRL,SUCEAVA,Marginea,Mihalescu Ionel Dorel,,,,,,NR.874 B,MAR MOB,ADRESE_2000,1
2385,ADRESE_2000,MARELBO PROD COM SRL,SUCEAVA,Bivolaria,Bobu Aurel,,,,,,NR.452,MARELBO PROD COM,ADRESE_2000,1
2386,ADRESE_2000,MARELVI IMPEX SRL,SUCEAVA,Radauti,Bizgan Daniela,,,,,,CALEA CERNAUTI NR.114,MARELVI IMPEX,ADRESE_2000,1
2387,ADRESE_2000,MARTISORUL COM SRL,SUCEAVA,Partestii De Sus,Boloca Gheorghe,,,,,,STR. CENTRU NR.551,MARTISORUL COM,ADRESE_2000,1
2388,ADRESE_2000,MIND GAMES SRL,SUCEAVA,Falticeni,Cretu Bogdan Constantin,,,,,,STR. ARMATEI NR.3,MIND GAMES,ADRESE_2000,1
2389,ADRESE_2000,MOPAN SUCEAVA SA,SUCEAVA,Suceava,Haba Elena Anca,,,,,,"STR. TRAIAN VUIA NR.2, BL.CORP C1 SC.",MOPAN SUCEAVA,ADRESE_2000,1
2390,ADRESE_2000,OLINT COM SRL,SUCEAVA,Radauti,Cusiac Liviu Marius,,,,,,STR. GENERAL IACOB ZADIK NR.19 E,OLINT COM,ADRESE_2000,1
2391,ADRESE_2000,ORIENT SRL,SUCEAVA,Radauti,,,,,,,STR. FABRICILOR NR.7,ORIENT,ADRESE_2000,1
2392,ADRESE_2000,PHARMAPLUS SRL,SUCEAVA,Falticeni,Slutu Eugen,,,,,,"STR. REPUBLICII NR.FN, BL.31 SC.",PHARMAPLUS,ADRESE_2000,1
2393,ADRESE_2000,PRIMAGRA ROMANIA SRL,SUCEAVA,Suceava,Tudosa Costica,,,,,,"STR. ALEXANDRU GRIGORE GHICA, NR.13",PRIMAGRA ROMANIA,ADRESE_2000,1
2394,ADRESE_2000,PRO MOBILA SRL,SUCEAVA,Sfantu Ilie,Covasa Catalin George,,,,,,STR. STATIUNII NR.14,PRO MOBILA,ADRESE_2000,1
2395,ADRESE_2000,PROLISOK SRL,SUCEAVA,Scheia,Serdenciuc Marinel,,,,,,STR. HUMORULUI NR.39,PROLISOK,ADRESE_2000,1
2396,ADRESE_2000,PROMO PLUS SRL,SUCEAVA,Suceava,Straton Bogdan Mircea,,,,,,"STR. LT. NICOLAE CATANESCU, NR.7",PROMO PLUS,ADRESE_2000,1
2397,ADRESE_2000,RADBURG CENTER SRL,SUCEAVA,Suceava,Turculet Catalin George,,,,,,STR. STEFAN CEL MARE NR.26,RADBURG CENTER,ADRESE_2000,1
2398,ADRESE_2000,RADBURG SOFT SRL,SUCEAVA,Marginea,Hintari Mircea,,,,,,NR.2116,RADBURG SOFT,ADRESE_2000,1
2399,ADRESE_2000,RAITAR SRL,SUCEAVA,Sasca Noua,Florea Grigore,,,,,,NR.71 BIS,RAITAR,ADRESE_2000,1
2400,ADRESE_2000,RARAUL SA,SUCEAVA,Campulung Moldovenesc,Sperloiu Sorin Gabriel,,,,,,STR. AEROPORTULUI NR.3,RARAUL,ADRESE_2000,1
2401,ADRESE_2000,REVLACO MOTORS SRL,SUCEAVA,Scheia,Rebenciuc Vlad Ilie,,,,,,STR. HUMORULUI NR.76 A,REVLACO MOTORS,ADRESE_2000,1
2402,ADRESE_2000,ROMOLDOVA SRL,SUCEAVA,Fratautii Noi,Spita Ion,,,,,,NR.1305 C,ROMOLDOVA,ADRESE_2000,1
2403,ADRESE_2000,ROYAL CLUBINVEST SRL,SUCEAVA,Falticeni,Cretu Bogdan Constantin,,,,,,"STR. REPUBLICII NR., BL.32 SC.",ROYAL CLUBINVEST,ADRESE_2000,1
2404,ADRESE_2000,S.U.C.T. SA,SUCEAVA,Suceava,Iantoc Mihai,,,,,,"STR. AUREL VLAICU, NR.46",S U C T,ADRESE_2000,1
2405,ADRESE_2000,SAVCOM SRL,SUCEAVA,Scheia,Savu Daniel Ilie,,,,,,STR. HUMORULUI NR.67,SAVCOM,ADRESE_2000,1
2406,ADRESE_2000,SET CORPORATION SRL,SUCEAVA,Scheia,Tataringa Sebastian,,,,,,STR. POLIGONULUI NR.21,SET CORPORATION,ADRESE_2000,1
2407,ADRESE_2000,SIDEM SRL,SUCEAVA,Scheia,Verfaillie Gwen Veerie,,,,,,STR. HUMORULUI NR.117,SIDEM,ADRESE_2000,1
2408,ADRESE_2000,SIMOS COM SRL,SUCEAVA,Falticeni,Simos Demostenis Ovidiu,,,,,,STR. NICU GANE NR.6,SIMOS COM,ADRESE_2000,1
2409,ADRESE_2000,STRONG MND CORPORATION SRL,SUCEAVA,Suceava,Gafincu Dumitru Ciprian,,,,,,BDUL. SOFIA VICOVEANCA NR.107,STRONG MND CORPORATION,ADRESE_2000,1
2410,ADRESE_2000,SUPERSTAR COM SRL,SUCEAVA,Radauti,Rusu Marcel,,,,,,STR. FRINCEI NR.24,SUPERSTAR COM,ADRESE_2000,1
2411,ADRESE_2000,SYMMETRICA SRL,SUCEAVA,Veresti,Stanciu Florentina Mihaela,,,,,,NR.27,SYMMETRICA,ADRESE_2000,1
2412,ADRESE_2000,TARSINCOM SRL,SUCEAVA,Vicovu De Sus,Lucescu Corneliu,,,,,,DRUM NOU NR.64,TARSINCOM,ADRESE_2000,1
2413,ADRESE_2000,TEHNO WORLD SRL,SUCEAVA,Baia,Tudor Monica Rozalia,,,,,,NR.1616,TEHNO WORLD,ADRESE_2000,1
2414,ADRESE_2000,TERMOHABITAT SRL,SUCEAVA,Patrauti,Dascalu Augustin Marius,,,,,,NR.1195 B,TERMOHABITAT,ADRESE_2000,1
2415,ADRESE_2000,TEST PRIMA SRL,SUCEAVA,Suceava,Juravlea Viorel,,,,,,STR. PETRU RARES NR.56,TEST PRIMA,ADRESE_2000,1
2416,ADRESE_2000,TRUTZI REAL ESTATE SRL,SUCEAVA,Scheia,Nutu Petru Ciprian,,,,,,STR. ALEEA VAMII NR.26,TRUTZI REAL ESTATE,ADRESE_2000,1
2417,ADRESE_2000,TRUTZI SRL,SUCEAVA,Scheia,Nutu Petru Ciprian,,,,,,ALEEA VAMII NR.26,TRUTZI,ADRESE_2000,1
2418,ADRESE_2000,TUDIA SRL,SUCEAVA,Suceava,Burac Sebastian Florin,,,,,,STR. STEFAN DRACINSCHI NR.12 A,TUDIA,ADRESE_2000,1
2419,ADRESE_2000,VALVIS HOLDING DISTRIBUTION SA,SUCEAVA,Vatra Dornei,Vilcu Elena Roxana,,,,,,"STR. REPUBLICII NR.33, BL.CORP I SC.",VALVIS HOLDING DISTRIBUTION,ADRESE_2000,1
2420,ADRESE_2000,WOOD CHIPPER SRL,SUCEAVA,Cornu Luncii,Gherman Stefan,,,,,,NR.17,WOOD CHIPPER,ADRESE_2000,1
2421,grecia,RETELE ELECTRICE BANAT SA,TIMIS,Timisoara,Peste Mihai Constantin,contractarebanat.ro@e-distributie.com,georgiana-daniela.tanase@e-distributie.com,,,2270580,"STR. PESTALOZZI, NR. 3-5",RETELE ELECTRICE BANAT,grecia,1
2422,grecia,MANTZARIS EUROPLAST SRL,VALCEA,Ramnicu Valcea,Mantzaris Vasileios,office@mantzaris.ro,andrei@mantzaris.ro,,,4170930,"STR. UZINEI, NR. 65",MANTZARIS EUROPLAST,grecia,1
2423,grecia,SISTEMPLAST SA,VALCEA,Ramnicu Valcea,Staicu Dumitru Florian,sistemplast@yahoo.ro,office@sistemplast.ro,,,2811400,"STR. UZINEI, NR. 1",SISTEMPLAST,grecia,1
2424,ADRESE_2000,AQUAVAS SA,VASLUI,Vaslui,Tibulca Ioan,,,,,,"STR. STEFAN CEL MARE NR.70, BL. SC.",AQUAVAS,ADRESE_2000,1
2425,ADRESE_2000,BADELMAD SRL,VASLUI,Vaslui,Badragan Vasile Gabriel,,,,,,"STR. FABRICII NR.1, BL. SC.",BADELMAD,ADRESE_2000,1
2426,ADRESE_2000,BERLIN SRL,VASLUI,Barlad,Pricope Florin,,,,,,STR. REPUBLICII NR.306,BERLIN,ADRESE_2000,1
2427,ADRESE_2000,CLASS FARM WAREHOUSE SRL,VASLUI,Barlad,Stoian Sebastian,,,,,,STR. NICOLAE BALCESCU NR.14,CLASS FARM WAREHOUSE,ADRESE_2000,1
2428,ADRESE_2000,CLEOPATRA CENTER SRL,VASLUI,Barlad,Bularda Iulian Constantin,,,,,,STR. TECUCIULUI NR.2,CLEOPATRA CENTER,ADRESE_2000,1
2429,ADRESE_2000,CRISMIH SRL,VASLUI,Barlad,Mihaila Cristinel,,,,,,STR. HOTIN NR.14,CRISMIH,ADRESE_2000,1
2430,ADRESE_2000,ENACHE MORARIT SRL,VASLUI,Husi,Enache Emil,,,,,,CALEA BASARABIEI NR.96 B,ENACHE MORARIT,ADRESE_2000,1
2431,ADRESE_2000,FABRICA DE CARNE MORANDI SRL,VASLUI,Muntenii De Jos,Moraru Catalin,,,,,,"STR. GARII, NR.18",FABRICA DE CARNE MORANDI,ADRESE_2000,1
2432,ADRESE_2000,GARTEK SRL,VASLUI,Husi,Codreanu Simona,,,,,,CALEA BASARABIEI NR.95H,GARTEK,ADRESE_2000,1
2433,ADRESE_2000,GAZ EST SA,VASLUI,Vaslui,Metea Virgil Marius,,,,,,"STR. CALUGARENI, NR.43",GAZ EST,ADRESE_2000,1
2434,ADRESE_2000,KATAR CONNEG SRL,VASLUI,Negresti,Melniciuc Gabriel Andrei,,,,,,"STR. FLORILOR, NR.5",KATAR CONNEG,ADRESE_2000,1
2435,ADRESE_2000,KREDIANIS SRL,VASLUI,Barlad,Sirbu Adriana,,,,,,"SOS. TECUCIULUI, NR.6",KREDIANIS,ADRESE_2000,1
2436,ADRESE_2000,LANDCOM SRL,VASLUI,Vaslui,Nechifor Constantin,,,,,,"STR. SPIRU HARET NR.5, BL.99 SC.A",LANDCOM,ADRESE_2000,1
2437,ADRESE_2000,MIOCODIS SRL,VASLUI,Barlad,Caranfil Ovidiu Daniel,,,,,,STR. PALERMO NR.4,MIOCODIS,ADRESE_2000,1
2438,ADRESE_2000,MORANDI COM SRL,VASLUI,Lipovat,Moraru Catalin,,,,,,STR. AVICOLA NR.1,MORANDI COM,ADRESE_2000,1
2439,ADRESE_2000,NUTRIVA SRL,VASLUI,Gara Rosiesti,Safir Iulian,,,,,,NR.135,NUTRIVA,ADRESE_2000,1
2440,ADRESE_2000,PERPETUUS COM SRL,VASLUI,Barlad,Damian Alin Geanin,,,,,,"STR. MIHAI VITEAZUL NR.6, BL.D2 SC.C",PERPETUUS COM,ADRESE_2000,1
2441,ADRESE_2000,PLANTAGRO COM SRL,VASLUI,Vaslui,Nechifor Constantin,,,,,,"STR. SPIRU HARET, NR.5, BL.99 SC.A ET. 1 AP.BIR. 1",PLANTAGRO COM,ADRESE_2000,1
2442,ADRESE_2000,REDCON UNU SRL,VASLUI,Vaslui,Micu Neculai,,,,,,"STR. CALUGARENI NR.103, BL.CORP C2/1 SC.",REDCON UNU,ADRESE_2000,1
2443,ADRESE_2000,RULMENTI SA,VASLUI,Barlad,Paduraru Nicusor,,,,,,STR. REPUBLICII NR.320,RULMENTI,ADRESE_2000,1
2444,ADRESE_2000,SAFIR SRL,VASLUI,Vaslui,Safir Ghiorghi,,,,,,"STR. PODUL INALT NR.2, BL.CORP C1 SC.",SAFIR,ADRESE_2000,1
2445,ADRESE_2000,SAGEM SRL,VASLUI,Gara Rosiesti,Safir George,,,,,,NR.,SAGEM,ADRESE_2000,1
2446,ADRESE_2000,TAVIANY SRL,VASLUI,Vaslui,Helgiu Octavian,,,,,,STR. CALUGARENI NR.103 A,TAVIANY,ADRESE_2000,1
2447,ADRESE_2000,TEGROSTAR SRL,VASLUI,Tutova,Timofte Marius Ionut,,,,,,NR.,TEGROSTAR,ADRESE_2000,1
2448,ADRESE_2000,TRANSMIR SRL,VASLUI,Salcioara,Savin Simona Ionela,,,,,,NR.01,TRANSMIR,ADRESE_2000,1
2449,ADRESE_2000,VANBET SRL,VASLUI,Salcioara,Bogos Fanel,,,,,,NR.15,VANBET,ADRESE_2000,1
2450,ADRESE_2000,VASCAR SA,VASLUI,Vaslui,Ciuburciu Vlad Alexandru,,,,,,STR. PODUL INALT NR.4,VASCAR,ADRESE_2000,1
2451,ADRESE_2000,VIACONS RUTIER SRL,VASLUI,Husi,Ciomaga Ioan,,,,,,SOS. HUSI-STANILESTI NR.48A,VIACONS RUTIER,ADRESE_2000,1
2452,ADRESE_2000,AGROBOG STAR SRL,VRANCEA,Focsani,Preda Gelu Marian,,,,,,"ALEEA 1 IUNIE NR.4, BL.B5 SC.",AGROBOG STAR,ADRESE_2000,1
2453,ADRESE_2000,ALTDORF TEHNIK SRL,VRANCEA,Unirea,Dragomir Romeo Iulian,,,,,,STR. EROILOR NR.78,ALTDORF TEHNIK,ADRESE_2000,1
2454,ADRESE_2000,ANNABELLA SRL,VRANCEA,Suraia,Mutu Dorina,,,,,,STR. PRINCIPALA I NR.23,ANNABELLA,ADRESE_2000,1
2455,ADRESE_2000,ARTIFEX SRL,VRANCEA,Focsani,Raileanu Mariana Lorela,,,,,,BDUL. BUCURESTI NR.12,ARTIFEX,ADRESE_2000,1
2456,ADRESE_2000,AURORA COM SRL,VRANCEA,Odobesti,Bordea Vasile,,,,,,STR. LIBERTATII NR.38,AURORA COM,ADRESE_2000,1
2457,ADRESE_2000,AUTO BEST CENTER SRL,VRANCEA,Focsani,Bercuci Gheorghe,,,,,,"CALEA MUNTENIEI, NR.20",AUTO BEST CENTER,ADRESE_2000,1
2458,ADRESE_2000,AVICOLA FOCSANI SA,VRANCEA,Focsani,Vicol Danut,,,,,,BDUL. BUCURESTI NR.79,AVICOLA FOCSANI,ADRESE_2000,1
2459,ADRESE_2000,AVIPUTNA SRL,VRANCEA,Golesti,Balaban Aurelia,,,,,,"STR. VICTORIEI , NR.40",AVIPUTNA,ADRESE_2000,1
2460,ADRESE_2000,BECIUL DOMNESC GRUP SA,VRANCEA,Focsani,Rusu Gianina Virginia,,,,,,STR. AVANTULUI NR.12,BECIUL DOMNESC GRUP,ADRESE_2000,1
2461,ADRESE_2000,BECIUL DOMNESC SA,VRANCEA,Focsani,Rizea Florin,,,,,,STR. AVINTULUI NR.12,BECIUL DOMNESC,ADRESE_2000,1
2462,ADRESE_2000,COMCEREAL SA,VRANCEA,Focsani,Puiu Marian,,,,,,BDUL. BUCURESTI NR.2,COMCEREAL,ADRESE_2000,1
2463,ADRESE_2000,COMPANIA DE UTILITATI PUBLICE SA,VRANCEA,Focsani,Vulpe Gheorghe Lucian,,,,,,STR. NICOLAE TITULESCU NR.9,COMPANIA DE UTILITATI PUBLICE,ADRESE_2000,1
2464,ADRESE_2000,CONBETA SRL,VRANCEA,Golesti,Stoian Ciupilan Paul,,,,,,SOS. NATIONALA NR.5,CONBETA,ADRESE_2000,1
2465,ADRESE_2000,CONSINTERFIN SRL,VRANCEA,Slobozia Ciorasti,Lars Vesten Drescher,,,,,,,CONSINTERFIN,ADRESE_2000,1
2466,ADRESE_2000,CRISTILORY PROD SRL,VRANCEA,Panciu,Cristian Deniza Irena,,,,,,STR. DIOCHETI NR.1,CRISTILORY PROD,ADRESE_2000,1
2467,ADRESE_2000,DEEP SERV 2000 SRL,VRANCEA,Campineanca,Spinu Marin,,,,,,STR. DUDULUI NR.15,DEEP SERV 2000,ADRESE_2000,1
2468,ADRESE_2000,DEGARO SRL,VRANCEA,Golesti,Lars Vesten Drescher,,,,,,"DJ. 205R , NR.KM 1, BL.C47 SC.",DEGARO,ADRESE_2000,1
2469,ADRESE_2000,DMF POLIPLAST SRL,VRANCEA,Focsani,Darmanescu Diana Andreina,,,,,,"STR. SURAII, NR.6",DMF POLIPLAST,ADRESE_2000,1
2470,ADRESE_2000,DUBLU LIC & SIC SRL,VRANCEA,Focsani,Dan Razvan,,,,,,STR. DIONYSOS NR.1,DUBLU LIC SIC,ADRESE_2000,1
2471,ADRESE_2000,ECO X SA,VRANCEA,Petresti,Antonello Algeri,,,,,,,ECO X,ADRESE_2000,1
2472,ADRESE_2000,EDILDANCONSTRUCT SRL,VRANCEA,Odobesti,Sava Dumitru Daniel,,,,,,SOS. VRANCEI NR.KM 3 -T. 116,EDILDANCONSTRUCT,ADRESE_2000,1
2473,ADRESE_2000,ELECTRIC SRL,VRANCEA,Focsani,Buzaianu Tonel Nicu,,,,,,"BDUL. BUCURESTI,NR.16A",ELECTRIC,ADRESE_2000,1
2474,ADRESE_2000,G.M.CONSTRUZIONI SRL,VRANCEA,Odobesti,Musat Cosmin Mircea,,,,,,"SOS. VRANCEI NR.KM. 3, BL. SC.",G M CONSTRUZIONI,ADRESE_2000,1
2475,ADRESE_2000,GRIFON SEREX SRL,VRANCEA,Odobesti,Trifan Viorel,,,,,,SOS. VRANCEI NR.6,GRIFON SEREX,ADRESE_2000,1
2476,ADRESE_2000,KRISTAL REAL ESTATE SRL,VRANCEA,Odobesti,Chiriac Ramona Andreea,,,,,,SOS. VRANCEI NR.KM. 3,KRISTAL REAL ESTATE,ADRESE_2000,1
2477,ADRESE_2000,METALE INTERNATIONAL SRL,VRANCEA,Focsani,Resmerita Valentin,,,,,,CALEA MOLDOVEI NR.14,METALE INTERNATIONAL,ADRESE_2000,1
2478,ADRESE_2000,P.I.F & L.M.S COMPANY SRL,VRANCEA,Focsani,Paltinus Florin,,,,,,STR. NICOLAE BALCESCU NR.1A,P I F L M S COMPANY,ADRESE_2000,1
2479,ADRESE_2000,PACO PROD SERV SRL,VRANCEA,Odobesti,Paraschiv Feliciu Constantin,,,,,,"STR. STEFAN CEL MARE NR.40, BL.E2 SC.",PACO PROD SERV,ADRESE_2000,1
2480,ADRESE_2000,PANDORA PROD SRL,VRANCEA,Focsani,Simiz Dorel Boris,,,,,,STR. CUZA VODA NR.73,PANDORA PROD,ADRESE_2000,1
2481,ADRESE_2000,PERFECT ELMA DISTRIBUTION SRL,VRANCEA,Focsani,Fenesiu Laura,,,,,,STR. COTESTI NR.116,PERFECT ELMA DISTRIBUTION,ADRESE_2000,1
2482,ADRESE_2000,PINIMOB EXPRES SRL,VRANCEA,Focsani,Pintilie Lucian,,,,,,STR. DINICU GOLESCU NR.47,PINIMOB EXPRES,ADRESE_2000,1
2483,ADRESE_2000,POLICALITA SRL,VRANCEA,Odobesti,,,,,,,"SOS. VRANCEI,NR.KM 5",POLICALITA,ADRESE_2000,1
2484,ADRESE_2000,PREMIUM PORC FEED SRL,VRANCEA,Golesti,Lars Vesten Drescher,,,,,,DJ. 205R NR.KM 1,PREMIUM PORC FEED,ADRESE_2000,1
2485,ADRESE_2000,PREMIUM PORC SRL,VRANCEA,Golesti,Lars Vesten Drescher,,,,,,"DJ. 205R, NR.KM 1",PREMIUM PORC,ADRESE_2000,1
2486,ADRESE_2000,PROGRES DISTRIBUTIE SRL,VRANCEA,Focsani,Stefanescu Liliana,,,,,,STR. COTESTI NR.116,PROGRES DISTRIBUTIE,ADRESE_2000,1
2487,ADRESE_2000,SCORPION EXIM SRL,VRANCEA,Focsani,Scinteanu Vasile Constantin,,,,,,CALEA MOLDOVEI NR.16,SCORPION EXIM,ADRESE_2000,1
2488,ADRESE_2000,SIMIZ FASHION SRL,VRANCEA,Focsani,Simiz Silviu,,,,,,DJ 204 D NR.,SIMIZ FASHION,ADRESE_2000,1
2489,ADRESE_2000,SMART EST PROIECT SRL,VRANCEA,Focsani,Ivascu Marian,,,,,,"STR. REPUBLICII NR.9, BL. SC.",SMART EST PROIECT,ADRESE_2000,1
2490,ADRESE_2000,TEXDATA SRL,VRANCEA,Focsani,Solomon Liviu Corneliu,,,,,,STR. COTESTI NR.109,TEXDATA,ADRESE_2000,1
2491,ADRESE_2000,TIXYROM DISTRIBUTION SRL,VRANCEA,Campineanca,Mocanu Ion Nicusor,,,,,,STR. HOTARULUI NR.32,TIXYROM DISTRIBUTION,ADRESE_2000,1
2492,ADRESE_2000,UVERTURA COM SRL,VRANCEA,Focsani,Birla Doru,,,,,,BDUL. BRAILEI NR.143,UVERTURA COM,ADRESE_2000,1
2493,ADRESE_2000,VALCOM CONSTRUCT SRL,VRANCEA,Golesti,Ilie Costel Valentin,,,,,,STR. MATEI BASARAB T. 33,VALCOM CONSTRUCT,ADRESE_2000,1
2494,ADRESE_2000,VELMI PREST SRL,VRANCEA,Focsani,Velea Dinu,,,,,,"STR. MAGURA, NR.123, BL. SC.",VELMI PREST,ADRESE_2000,1
2495,ADRESE_2000,VRANCART SA,VRANCEA,Adjud,Fercu Adrian,,,,,,STR. ECATERINA TEODOROIU NR.17,VRANCART,ADRESE_2000,1
